page_number,page_width,page_height,text,x0,x1,top,bottom
1,594.95996,841.91998,Transport,54.82864629147298,97.64491490548453,18.783888081337977,28.42966844743046
1,594.95996,841.91998,Infrastructure,99.51077269909734,160.70196362727123,18.783888081337977,28.42966844743046
1,594.95996,841.91998,INDUSTRY,54.82864629147298,90.01976915427707,32.99872230505321,40.106139416910764
1,594.95996,841.91998,PORTAL,91.66001976885163,118.89973140576042,32.99872230505321,40.106139416910764
1,594.95996,841.91998,Transport,16.245524827103104,104.34689789340975,69.76437466404559,89.85805919991401
1,594.95996,841.91998,Infrastructure,108.32796012330189,234.3172215649144,69.76437466404559,89.85805919991401
1,594.95996,841.91998,Projects,238.1852649128514,313.079451984595,69.76437466404559,89.85805919991401
1,594.95996,841.91998,Pipeline,316.9725959153648,390.13244363154797,69.76437466404559,89.85805919991401
1,594.95996,841.91998,This,24.875959891501626,40.497922648573045,116.76470969480363,124.88747210835515
1,594.95996,841.91998,information,42.44230432017033,85.76171816654949,116.76470969480363,124.88747210835515
1,594.95996,841.91998,was,87.68070470912879,102.47846629888024,116.76470969480363,124.88747210835515
1,594.95996,841.91998,uploaded,104.42284797047752,139.61177791175652,116.76470969480363,124.88747210835515
1,594.95996,841.91998,in,141.58408170197671,148.33257382794662,116.76470969480363,124.88747210835515
1,594.95996,841.91998,July,150.304871583264,164.87215132198654,116.76470969480363,124.88747210835515
1,594.95996,841.91998,2026,166.81654186841757,186.52893764068645,116.76470969480363,124.88747210835515
1,594.95996,841.91998,and,188.50125050981464,202.52581764522844,116.76470969480363,124.88747210835515
1,594.95996,841.91998,is,204.49812920284018,210.6164670434734,116.76470969480363,124.88747210835515
1,594.95996,841.91998,subject,212.5608409476791,240.40744753282004,116.76470969480363,124.88747210835515
1,594.95996,841.91998,to,242.3797458568374,250.02352189712133,116.76470969480363,124.88747210835515
1,594.95996,841.91998,change,251.8358926177612,279.5678473829071,116.76470969480363,124.88747210835515
1,594.95996,841.91998,(including,281.4868540326892,318.8016535620013,116.76470969480363,124.88747210835515
1,594.95996,841.91998,"staging,",320.77394378897,351.2390809809117,116.76470969480363,124.88747210835515
1,594.95996,841.91998,"funding,",353.15806118508124,384.4969381908453,116.76470969480363,124.88747210835515
1,594.95996,841.91998,"acquisitions,",386.4159184457821,433.50504194790005,116.76470969480363,124.88747210835515
1,594.95996,841.91998,planning,435.4240531708686,468.35103518671076,116.76470969480363,124.88747210835515
1,594.95996,841.91998,"approvals,",470.3233254136794,509.01022484133097,116.76470969480363,124.88747210835515
1,594.95996,841.91998,rail,510.92920509626776,522.9701737556215,116.76470969480363,124.88747210835515
1,594.95996,841.91998,possessions,24.875959891501626,70.62217016731735,129.4565259659779,137.57928837952943
1,594.95996,841.91998,and,72.56655183891463,86.59112669095272,129.4565259659779,137.57928837952943
1,594.95996,841.91998,delivery,88.45681582308829,118.58081983279236,129.4565259659779,137.57928837952943
1,594.95996,841.91998,type).,120.52520261183184,141.7295216129556,129.4565259659779,137.57928837952943
1,594.95996,841.91998,Data,143.64850816835872,161.22284887475962,129.4565259659779,137.57928837952943
1,594.95996,841.91998,is,163.19516019276003,169.31349803339324,129.4565259659779,137.57928837952943
1,594.95996,841.91998,shown,171.25787198836622,195.60824933457442,129.4565259659779,137.57928837952943
1,594.95996,841.91998,to,197.58054708989178,205.22432313017572,129.4565259659779,137.57928837952943
1,594.95996,841.91998,Q2,207.14330074150868,218.05852260298198,129.4565259659779,137.57928837952943
1,594.95996,841.91998,2030.,220.03082385500645,241.6530958901091,129.4565259659779,137.57928837952943
1,594.95996,841.91998,Key,22.337596637266767,43.56712411588517,201.03836973540092,213.2225133557282
1,594.95996,841.91998,Project,16.245524827103104,55.54643325742346,215.80656714853933,227.94502023029042
1,594.95996,841.91998,stages,57.95123278485986,94.84688514069028,215.80656714853933,227.94502023029042
1,594.95996,841.91998,Confirmed,303.84208153191275,336.0255163912671,239.11381854892375,245.71356300993443
1,594.95996,841.91998,"Scope,",447.64035988431755,468.6189732252763,239.11381854892375,245.71356300993443
1,594.95996,841.91998,funding,470.178156317635,494.0477600887299,239.11381854892375,245.71356300993443
1,594.95996,841.91998,and/or,495.6502536115932,515.6692215282437,239.11381854892375,245.71356300993443
1,594.95996,841.91998,timing,517.2717123835338,536.8140528196066,239.11381854892375,245.71356300993443
1,594.95996,841.91998,to,538.4165463424698,544.6271017880916,239.11381854892375,245.71356300993443
1,594.95996,841.91998,be,546.1862866479476,553.8638469491037,239.11381854892375,245.71356300993443
1,594.95996,841.91998,confirmed,447.64035988431755,478.8536268250387,249.7749442167102,256.3746886777209
1,594.95996,841.91998,Concept,16.245524827103104,41.967807443664135,261.9590878370375,268.5588322980482
1,594.95996,841.91998,design,43.48367784637141,64.01577562671761,261.9590878370375,268.5588322980482
1,594.95996,841.91998,and/or,65.61827050693324,85.63723842358381,261.9590878370375,268.5588322980482
1,594.95996,841.91998,environmental,87.15310824203029,130.96701333021537,261.9590878370375,268.5588322980482
1,594.95996,841.91998,assessment,132.569507140509,168.91861396376203,261.9590878370375,268.5588322980482
1,594.95996,841.91998,Detailed,16.245524827103104,41.791048294021664,275.66624940990573,282.2659938709164
1,594.95996,841.91998,or,43.30691876886096,49.61709832640091,275.66624940990573,282.2659938709164
1,594.95996,841.91998,reference,51.219589181690964,81.0402865787263,275.66624940990573,282.2659938709164
1,594.95996,841.91998,design,82.51284877683965,103.04494655718585,275.66624940990573,282.2659938709164
1,594.95996,841.91998,procurement,104.64744143740148,144.2295762993354,275.66624940990573,282.2659938709164
1,594.95996,841.91998,Detailed,16.245524827103104,41.791048294021664,289.373410982774,295.97315544378466
1,594.95996,841.91998,or,43.30691876886096,49.61709832640091,289.373410982774,295.97315544378466
1,594.95996,841.91998,reference,51.219589181690964,81.0402865787263,289.373410982774,295.97315544378466
1,594.95996,841.91998,design,82.51284877683965,103.04494655718585,289.373410982774,295.97315544378466
1,594.95996,841.91998,Construction,16.245524827103104,55.700830989755616,302.57289990479524,309.1726443658059
1,594.95996,841.91998,procurement,57.30332586997123,96.88546073190517,302.57289990479524,309.1726443658059
1,594.95996,841.91998,Construction,16.245524827103104,55.700830989755616,316.2800614776635,322.87980593867417
1,594.95996,841.91998,and,57.30332586997123,68.69829540581046,316.2800614776635,322.87980593867417
1,594.95996,841.91998,commissioning,70.21416588064976,115.98480624010276,316.2800614776635,322.87980593867417
1,594.95996,841.91998,Rolling,16.245524827103104,37.78871649269941,329.9872230505318,336.5869675115424
1,594.95996,841.91998,program,39.39121001556271,65.47966049060726,329.9872230505318,336.5869675115424
1,594.95996,841.91998,Project,16.245524827103104,38.17562377214844,343.6943846234,350.29412908441066
1,594.95996,841.91998,staging,39.778115211699294,62.93784016281313,343.6943846234,350.29412908441066
1,594.95996,841.91998,not,64.54033368567644,74.49490916656666,343.6943846234,350.29412908441066
1,594.95996,841.91998,yet,76.05409008769571,85.67331310865944,343.6943846234,350.29412908441066
1,594.95996,841.91998,available,87.2758045482103,114.51622249552449,343.6943846234,350.29412908441066
1,594.95996,841.91998,Estimated,16.245524827103104,71.73824188580451,385.8769051822749,398.015358264026
1,594.95996,841.91998,project,74.1430434594419,112.93185603941026,385.8769051822749,398.015358264026
1,594.95996,841.91998,value,115.2683704477373,144.66100483983047,385.8769051822749,398.015358264026
1,594.95996,841.91998,Delivery,297.75000972174905,342.7377017882366,385.8769051822749,398.015358264026
1,594.95996,841.91998,type,345.0893999229125,369.9381332511709,385.8769051822749,398.015358264026
1,594.95996,841.91998,$,16.245524827103104,20.737888564601825,406.6457933284246,413.2455377894352
1,594.95996,841.91998,Under,89.66768195584643,108.35587602866265,406.6457933284246,413.2455377894352
1,594.95996,841.91998,$50M,109.95836688395273,128.410310593281,406.6457933284246,413.2455377894352
1,594.95996,841.91998,Alliance,297.75000972174905,322.69598523340636,406.6457933284246,413.2455377894352
1,594.95996,841.91998,Collaborative,371.1721668504924,411.79045948204606,406.6457933284246,413.2455377894352
1,594.95996,841.91998,project,413.349642717003,435.00935886345036,406.6457933284246,413.2455377894352
1,594.95996,841.91998,delivery,436.5252292661577,461.00097720299823,406.6457933284246,413.2455377894352
1,594.95996,841.91998,$$,16.245524827103104,25.230244608850768,420.35295490129283,426.95269936230346
1,594.95996,841.91998,$50M,89.66768195584643,108.11962566517472,420.35295490129283,426.95269936230346
1,594.95996,841.91998,-,108.98582859094546,111.47702598261046,420.35295490129283,426.95269936230346
1,594.95996,841.91998,$100M,111.99674974334624,132.90183004376863,420.35295490129283,426.95269936230346
1,594.95996,841.91998,Alliance,297.75000972174905,322.69598523340636,420.35295490129283,426.95269936230346
1,594.95996,841.91998,TBC,324.2551684683633,337.11743992291235,420.35295490129283,426.95269936230346
1,594.95996,841.91998,Collaborative,371.1721668504924,411.79045948204606,420.35295490129283,426.95269936230346
1,594.95996,841.91998,project,413.349642717003,435.00935886345036,420.35295490129283,426.95269936230346
1,594.95996,841.91998,delivery,436.5252292661577,461.00097720299823,420.35295490129283,426.95269936230346
1,594.95996,841.91998,-,461.84449642993405,464.3356938215991,420.35295490129283,426.95269936230346
1,594.95996,841.91998,To,464.85541758233484,472.044499370648,420.35295490129283,426.95269936230346
1,594.95996,841.91998,be,473.6036842305039,481.28124453166004,420.35295490129283,426.95269936230346
1,594.95996,841.91998,confirmed,482.75380672977343,513.9670813871189,420.35295490129283,426.95269936230346
1,594.95996,841.91998,$$$,16.245524827103104,29.722600653099718,434.0601164741611,440.6598609351717
1,594.95996,841.91998,$100M,89.66768195584643,110.57276225626882,434.0601164741611,440.6598609351717
1,594.95996,841.91998,-,111.43896518203955,113.93016257370455,434.0601164741611,440.6598609351717
1,594.95996,841.91998,$250M,114.44988633444035,136.83640929410242,434.0601164741611,440.6598609351717
1,594.95996,841.91998,CD,297.75000972174905,306.87106131662904,434.0601164741611,440.6598609351717
1,594.95996,841.91998,Commercial,371.1721668504924,407.9393096767542,434.0601164741611,440.6598609351717
1,594.95996,841.91998,Development,409.5418034870478,449.9684119513625,434.0601164741611,440.6598609351717
1,594.95996,841.91998,$$$$,16.245524827103104,34.21495669734866,447.7672780470293,454.36702250803995
1,594.95996,841.91998,$250M,89.66768195584643,112.05420491550854,447.7672780470293,454.36702250803995
1,594.95996,841.91998,-,112.92040784127927,115.41160523294427,447.7672780470293,454.36702250803995
1,594.95996,841.91998,$500M,115.93132899368005,138.37786383586425,447.7672780470293,454.36702250803995
1,594.95996,841.91998,CD&C,297.75000972174905,316.0898642330223,447.7672780470293,454.36702250803995
1,594.95996,841.91998,Collaborative,371.1721668504924,411.79045948204606,447.7672780470293,454.36702250803995
1,594.95996,841.91998,design,413.26302168015945,433.7951194605057,447.7672780470293,454.36702250803995
1,594.95996,841.91998,&,435.3976143407213,440.0720897842255,447.7672780470293,454.36702250803995
1,594.95996,841.91998,construct,441.58795786892733,470.9023481823129,447.7672780470293,454.36702250803995
1,594.95996,841.91998,$$$$$,16.245524827103104,38.70731274159761,461.47443961989757,468.0741840809082
1,594.95996,841.91998,$500M,89.66768195584643,112.11421679803063,461.47443961989757,468.0741840809082
1,594.95996,841.91998,-,112.98041972380136,115.47161711546636,461.47443961989757,468.0741840809082
1,594.95996,841.91998,$1B,115.99134087620216,127.44467391358185,461.47443961989757,468.0741840809082
1,594.95996,841.91998,CO,297.75000972174905,307.1373197678783,461.47443961989757,468.0741840809082
1,594.95996,841.91998,Construct,371.1721668504924,401.4567250825111,461.47443961989757,468.0741840809082
1,594.95996,841.91998,only,402.9725954852184,415.90880679362255,461.47443961989757,468.0741840809082
1,594.95996,841.91998,$$$$$$,16.245524827103104,43.199668785846555,474.6739285419188,481.27367300292946
1,594.95996,841.91998,Over,89.66768195584643,104.09192465146208,474.6739285419188,481.27367300292946
1,594.95996,841.91998,$1B,105.69441550675215,117.14774854413184,474.6739285419188,481.27367300292946
1,594.95996,841.91998,D&C,297.75000972174905,311.5455293629074,474.6739285419188,481.27367300292946
1,594.95996,841.91998,Design,371.1721668504924,392.3429997793153,474.6739285419188,481.27367300292946
1,594.95996,841.91998,&,393.9454946595309,398.6199701030351,474.6739285419188,481.27367300292946
1,594.95996,841.91998,construct,400.13583818773697,429.45022850112247,474.6739285419188,481.27367300292946
1,594.95996,841.91998,•,16.245524827103104,18.574409746937626,488.38109011478707,494.9808345757977
1,594.95996,841.91998,Rolling,89.66768195584643,111.21087362144274,488.38109011478707,494.9808345757977
1,594.95996,841.91998,program,112.81336714430606,138.9018176193506,488.38109011478707,494.9808345757977
1,594.95996,841.91998,with,140.46099851645818,153.61314393036932,488.38109011478707,494.9808345757977
1,594.95996,841.91998,ongoing,155.1290166823359,179.989525632204,488.38109011478707,494.9808345757977
1,594.95996,841.91998,procurement,181.5920191550673,221.17415401700123,488.38109011478707,494.9808345757977
1,594.95996,841.91998,and,222.7766376891605,234.17162270901557,488.38109011478707,494.9808345757977
1,594.95996,841.91998,delivery,235.68749318385488,260.16324112069543,488.38109011478707,494.9808345757977
1,594.95996,841.91998,D&C+,297.75000972174905,315.2063234079629,488.38109011478707,494.9808345757977
1,594.95996,841.91998,Disaggregated,371.1721668504924,416.42656116692973,488.38109011478707,494.9808345757977
1,594.95996,841.91998,design,417.9424316417691,438.47452942211527,488.38109011478707,494.9808345757977
1,594.95996,841.91998,and,440.07702430233087,451.4719938381701,488.38109011478707,494.9808345757977
1,594.95996,841.91998,construct,452.98786431300937,482.30225462639487,488.38109011478707,494.9808345757977
1,594.95996,841.91998,TBA,16.245524827103104,29.555548339485266,502.0882516876553,508.68799614866595
1,594.95996,841.91998,To,89.66768195584643,96.8567637441596,502.0882516876553,508.68799614866595
1,594.95996,841.91998,be,98.41594860401553,106.09350890517166,502.0882516876553,508.68799614866595
1,594.95996,841.91998,advised,107.65269214012862,131.21788486144166,502.0882516876553,508.68799614866595
1,594.95996,841.91998,FWK,297.75000972174905,312.5286906283081,502.0882516876553,508.68799614866595
1,594.95996,841.91998,Framework,371.1721668504924,405.6964324074026,502.0882516876553,508.68799614866595
1,594.95996,841.91998,ITC,297.75000972174905,308.0363243053626,515.7954132605234,522.3951577215341
1,594.95996,841.91998,Incentivised,371.1721668504924,407.9968526597245,515.7954132605234,522.3951577215341
1,594.95996,841.91998,target,409.5993441714073,428.42045935637435,515.7954132605234,522.3951577215341
1,594.95996,841.91998,cost,429.9363297590817,443.04176635857857,515.7954132605234,522.3951577215341
1,594.95996,841.91998,MC,297.75000972174905,308.1371756096785,529.5025748333917,536.1023192944024
1,594.95996,841.91998,Managing,371.1721668504924,401.78804727970964,529.5025748333917,536.1023192944024
1,594.95996,841.91998,contractor,403.30391976572946,435.1640485736059,529.5025748333917,536.1023192944024
1,594.95996,841.91998,PPP,297.75000972174905,310.3519076252443,542.7020637554131,549.3018082164238
1,594.95996,841.91998,Public-private,371.1721668504924,414.02374335496427,542.7020637554131,549.3018082164238
1,594.95996,841.91998,partnership,415.5829265899212,451.0250658061645,542.7020637554131,549.3018082164238
1,594.95996,841.91998,SIC,297.75000972174905,308.5637814670858,556.4092253282813,563.008969789292
1,594.95996,841.91998,System,371.1721668504924,394.29167425391853,556.4092253282813,563.008969789292
1,594.95996,841.91998,integration,395.8941656694479,429.24542392256865,556.4092253282813,563.008969789292
1,594.95996,841.91998,and,430.84791880278425,442.2428883386234,556.4092253282813,563.008969789292
1,594.95996,841.91998,commissioning,443.75875881346275,489.5293991729156,556.4092253282813,563.008969789292
1,594.95996,841.91998,TBA,297.75000972174905,310.742423294496,570.1163869011496,576.7161313621602
1,594.95996,841.91998,To,371.1721668504924,378.3612486388056,570.1163869011496,576.7161313621602
1,594.95996,841.91998,be,379.9204334986615,387.59799379981763,570.1163869011496,576.7161313621602
1,594.95996,841.91998,advised,389.1571770347745,412.7223697560875,570.1163869011496,576.7161313621602
1,594.95996,841.91998,Various,297.75000972174905,320.6500713642121,583.8235484740178,590.4232929350285
1,594.95996,841.91998,Mixture,371.1721668504924,394.8957339363037,583.8235484740178,590.4232929350285
1,594.95996,841.91998,of,396.3682961344171,402.5818531625863,583.8235484740178,590.4232929350285
1,594.95996,841.91998,delivery,404.0977238300109,428.57347176685147,583.8235484740178,590.4232929350285
1,594.95996,841.91998,types,430.15327747281475,447.24000076037873,583.8235484740178,590.4232929350285
1,594.95996,841.91998,Regional,16.245524827103104,52.899221140742554,658.4514281485227,667.5895358637682
1,594.95996,841.91998,and,54.66688457481027,70.2837717782925,658.4514281485227,667.5895358637682
1,594.95996,841.91998,Outer,72.05143482861742,95.99315194681834,658.4514281485227,667.5895358637682
1,594.95996,841.91998,Metropolitan,97.76081415666582,151.56803067536046,658.4514281485227,667.5895358637682
1,594.95996,841.91998,Roads,153.33570111866777,179.25409784279316,658.4514281485227,667.5895358637682
1,594.95996,841.91998,Delivery,128.05249632934246,150.1401762790379,681.8043700874833,687.3887692468
1,594.95996,841.91998,2026,180.64421000302096,195.02193802321582,680.7890247857894,686.3734239451061
1,594.95996,841.91998,2027,258.4133142046415,272.6008236208634,680.7890247857894,686.3734239451061
1,594.95996,841.91998,2028,361.85161681471203,376.288679078348,680.7890247857894,686.3734239451061
1,594.95996,841.91998,2029,465.4564969749785,479.8256738836186,680.7890247857894,686.3734239451061
1,594.95996,841.91998,2030,543.0986830138872,557.5223011352873,680.7890247857894,686.3734239451061
1,594.95996,841.91998,Project,21.322251335572822,40.592594642284254,686.3734239451061,691.9578231044228
1,594.95996,841.91998,$,102.70059332767178,106.44510762624792,686.3734239451061,691.9578231044228
1,594.95996,841.91998,type,133.05782883292358,145.134779430901,690.9424778027288,696.5268769620455
1,594.95996,841.91998,Q3,171.64888522082617,178.64373975749797,692.4654957552698,697.5422222637395
1,594.95996,841.91998,Q4,197.03251776317478,204.01785343726243,692.4654957552698,697.5422222637395
1,594.95996,841.91998,Q1,224.12161057859916,229.98229263837126,692.4654957552698,697.5422222637395
1,594.95996,841.91998,Q2,249.27520648939597,256.09721434631086,692.4654957552698,697.5422222637395
1,594.95996,841.91998,Q3,274.8333515054732,281.82820604214504,692.4654957552698,697.5422222637395
1,594.95996,841.91998,Q4,300.4708203732453,307.4561560473329,692.4654957552698,697.5422222637395
1,594.95996,841.91998,Q1,327.68683135138144,333.54751341115355,692.4654957552698,697.5422222637395
1,594.95996,841.91998,Q2,352.84042726217825,359.6624351190931,692.4654957552698,697.5422222637395
1,594.95996,841.91998,Q3,378.39857227825553,385.3934268149273,692.4654957552698,697.5422222637395
1,594.95996,841.91998,Q4,404.0360411460276,411.0213768201152,692.4654957552698,697.5422222637395
1,594.95996,841.91998,Q1,431.25205212416375,437.1127341839358,692.4654957552698,697.5422222637395
1,594.95996,841.91998,Q2,456.40564803496056,463.2276558918754,692.4654957552698,697.5422222637395
1,594.95996,841.91998,Q3,481.9637930510378,488.9586475877096,692.4654957552698,697.5422222637395
1,594.95996,841.91998,Q4,507.6012619188099,514.5865975928975,692.4654957552698,697.5422222637395
1,594.95996,841.91998,Q1,534.6903547342342,540.5510367940063,692.4654957552698,697.5422222637395
1,594.95996,841.91998,Q2,559.5901143196077,566.4121221765225,692.4654957552698,697.5422222637395
1,594.95996,841.91998,Bells,26.398977844042545,42.540570954655486,735.6176710772625,742.72508818912
1,594.95996,841.91998,Line,43.917627239440414,57.60873169433637,735.6176710772625,742.72508818912
1,594.95996,841.91998,of,58.89694504578919,65.47729200587678,735.6176710772625,742.72508818912
1,594.95996,841.91998,Road,66.88543789204114,83.39928286200254,735.6176710772625,742.72508818912
1,594.95996,841.91998,July,513.1935909249328,525.6557653835494,735.6176710772625,742.72508818912
1,594.95996,841.91998,2026,527.0328220656681,544.1412496999836,735.6176710772625,742.72508818912
1,594.95996,841.91998,Data,545.5494027277924,560.6664166946919,735.6176710772625,742.72508818912
1,594.95996,841.91998,Set,562.0745673581433,573.2971780243953,735.6176710772625,742.72508818912
1,594.95996,841.91998,Bells,21.322251335572822,35.15793021239066,761.001303619611,767.0933754297747
1,594.95996,841.91998,Line,36.338271894654504,48.073503218452764,761.001303619611,767.0933754297747
1,594.95996,841.91998,of,49.17769718740026,54.818002320142746,761.001303619611,767.0933754297747
1,594.95996,841.91998,Road,56.02499552478015,70.17974749642134,761.001303619611,767.0933754297747
1,594.95996,841.91998,$$,100.82855042767358,108.31757656513471,765.0626848263868,770.6470839857035
1,594.95996,841.91998,TBA,133.60516594798122,144.59874544887325,765.0626848263868,770.6470839857035
1,594.95996,841.91998,Safety,21.322251335572822,39.54897658223383,768.6163933823156,774.7084651924793
1,594.95996,841.91998,Improvements,40.72931967843454,80.11040839981408,768.6163933823156,774.7084651924793
1,594.95996,841.91998,Castlereagh,21.322251335572822,54.87112238838095,796.030716528052,802.1227883382157
1,594.95996,841.91998,Connection,56.078120878560775,87.37805285548849,796.030716528052,802.1227883382157
1,594.95996,841.91998,$$$$$$,93.34830867448697,115.81538216748817,796.538389178899,802.1227883382157
1,594.95996,841.91998,TBA,133.60516594798122,144.59874544887325,796.538389178899,802.1227883382157
2,594.95996,841.91998,Central,26.398977844042545,50.20525032763364,29.44500059712493,36.55241770898249
2,594.95996,841.91998,Coast,51.613396492119385,70.30055207933192,29.44500059712493,36.55241770898249
2,594.95996,841.91998,roads,71.70869999607139,89.76862894962626,29.44500059712493,36.55241770898249
2,594.95996,841.91998,July,513.1935909249328,525.6557653835494,29.44500059712493,36.55241770898249
2,594.95996,841.91998,2026,527.0328220656681,544.1412496999836,29.44500059712493,36.55241770898249
2,594.95996,841.91998,Data,545.5494027277924,560.6664166946919,29.44500059712493,36.55241770898249
2,594.95996,841.91998,Set,562.0745673581433,573.2971780243953,29.44500059712493,36.55241770898249
2,594.95996,841.91998,Avoca,21.322251335572822,37.96636750965256,55.336305790320466,61.42837760048417
2,594.95996,841.91998,Drive,39.173363721237614,53.407497767163896,55.336305790320466,61.42837760048417
2,594.95996,841.91998,"Upgrade,",54.58023246840045,79.81682606520961,55.336305790320466,61.42837760048417
2,594.95996,841.91998,$$$,98.95650752767537,110.19004550402153,58.890014346249245,64.47441350556596
2,594.95996,841.91998,TBA,133.60516594798122,144.59874544887325,58.890014346249245,64.47441350556596
2,594.95996,841.91998,Kincumber,21.322251335572822,51.43269924067073,62.443722902178024,68.53579471234173
2,594.95996,841.91998,Manns,21.322251335572822,39.82540301312455,75.64321182419928,81.73528363436299
2,594.95996,841.91998,Road,41.005744695388394,55.160496667029584,75.64321182419928,81.73528363436299
2,594.95996,841.91998,"Upgrade,",56.36749027892961,81.60408387573877,75.64321182419928,81.73528363436299
2,594.95996,841.91998,Stockyard,21.322251335572822,49.60852418447496,82.75062893605696,88.84270074622066
2,594.95996,841.91998,Place,50.815517796374984,66.24788352579779,82.75062893605696,88.84270074622066
2,594.95996,841.91998,to,67.42061822703435,73.08815013978392,82.75062893605696,88.84270074622066
2,594.95996,841.91998,Narara,21.322251335572822,40.14236636215826,90.3657186987615,96.4577905089252
2,594.95996,841.91998,Creek,41.34936257374332,57.87087991720597,90.3657186987615,96.4577905089252
2,594.95996,841.91998,Road,59.07787927394748,73.23263124558868,90.3657186987615,96.4577905089252
2,594.95996,841.91998,$$,100.82855042767358,108.31757656513471,90.3657186987615,95.95011785807822
2,594.95996,841.91998,CO,135.12818390052212,143.0712864574178,90.3657186987615,95.95011785807822
2,594.95996,841.91998,Priority,21.322251335572822,41.46721165215456,97.47313581061917,103.56520762078287
2,594.95996,841.91998,Intersection,42.647554748355276,75.4137694668922,97.47313581061917,103.56520762078287
2,594.95996,841.91998,Upgrades,21.322251335572822,48.12945604103526,105.08822557332371,111.18029738348741
2,594.95996,841.91998,Pacific,21.322251335572822,39.91030695671133,118.28771449534497,124.37978630550867
2,594.95996,841.91998,"Highway,",41.083038922592415,66.16335519038596,118.28771449534497,124.37978630550867
2,594.95996,841.91998,Wyong,67.20662968641577,86.59313479911656,118.28771449534497,124.37978630550867
2,594.95996,841.91998,$$$$,97.0923944744834,112.07044428971456,121.84142305127375,127.42582221059047
2,594.95996,841.91998,CD&C,131.3365037895088,146.8548362823546,121.84142305127375,127.42582221059047
2,594.95996,841.91998,Town,21.322251335572822,35.88973081131477,125.39513160720253,131.48720341736623
2,594.95996,841.91998,Centre,37.0967288444826,55.87346258617045,125.39513160720253,131.48720341736623
2,594.95996,841.91998,Terrigal,21.322251335572822,42.50477574916601,153.317127403786,159.4091992139497
2,594.95996,841.91998,Drive,43.71177252849916,57.94590657442544,153.317127403786,159.4091992139497
2,594.95996,841.91998,Upgrade,59.118641275662,82.94758388128503,153.317127403786,159.4091992139497
2,594.95996,841.91998,$$,100.82855042767358,108.31757656513471,153.317127403786,158.90152656310272
2,594.95996,841.91998,TBA,133.60516594798122,144.59874544887325,153.317127403786,158.90152656310272
2,594.95996,841.91998,Hunter,26.398977844042545,48.901272486274635,202.0537018850954,209.16111899695295
2,594.95996,841.91998,roads,50.30942553049011,68.36935448404499,202.0537018850954,209.16111899695295
2,594.95996,841.91998,July,513.1935909249328,525.6557653835494,202.0537018850954,209.16111899695295
2,594.95996,841.91998,2026,527.0328220656681,544.1412496999836,202.0537018850954,209.16111899695295
2,594.95996,841.91998,Data,545.5494027277924,560.6664166946919,202.0537018850954,209.16111899695295
2,594.95996,841.91998,Set,562.0745673581433,573.2971780243953,202.0537018850954,209.16111899695295
2,594.95996,841.91998,Gosford,21.322251335572822,43.53357211144316,231.4987156342197,237.5907874443834
2,594.95996,841.91998,Bypass,44.74056572334319,64.72124808698902,231.4987156342197,237.5907874443834
2,594.95996,841.91998,TBA,99.00410183869226,110.14427476398623,231.49871563421982,237.08311479353654
2,594.95996,841.91998,TBA,133.60516594798122,144.59874544887325,231.49871563421982,237.08311479353654
2,594.95996,841.91998,John,21.322251335572822,33.88677253722111,259.4207114308033,265.512783240967
2,594.95996,841.91998,Renshaw,35.09377057038894,60.08385708895154,259.4207114308033,265.512783240967
2,594.95996,841.91998,Drive,61.26419652231438,75.49833056824068,259.4207114308033,265.512783240967
2,594.95996,841.91998,$$$$,97.0923944744834,112.07044428971456,262.97441998673196,268.5588191460487
2,594.95996,841.91998,TBA,133.60516594798122,144.59874544887325,262.97441998673196,268.5588191460487
2,594.95996,841.91998,"upgrade,",21.322251335572822,45.84759504087271,266.52812854266085,272.62020035282455
2,594.95996,841.91998,Black,47.020328499697214,62.621565189838385,266.52812854266085,272.62020035282455
2,594.95996,841.91998,Hill,63.8285645465799,73.39539676352119,266.52812854266085,272.62020035282455
2,594.95996,841.91998,Mandalong,21.322251335572822,52.286731054563596,290.89641578331543,296.98848759347914
2,594.95996,841.91998,Road,53.49372811272071,67.6484800843619,290.89641578331543,296.98848759347914
2,594.95996,841.91998,$$,100.82855042767358,108.31757656513471,294.4501243392443,300.03452349856104
2,594.95996,841.91998,CO,135.12818390052212,143.0712864574178,294.4501243392443,300.03452349856104
2,594.95996,841.91998,"upgrade,",21.322251335572822,45.84759504087271,298.003832895173,304.0959047053367
2,594.95996,841.91998,Morisset,47.020328499697214,70.95322886727294,298.003832895173,304.0959047053367
2,594.95996,841.91998,Nelson,21.322251335572822,40.69447098635151,322.3721201358278,328.4641919459915
2,594.95996,841.91998,Bay,41.90146901951934,52.35661801332801,322.3721201358278,328.4641919459915
2,594.95996,841.91998,Road,53.536961109528725,67.69171308116991,322.3721201358278,328.4641919459915
2,594.95996,841.91998,$$$$,97.0923944744834,112.07044428971456,325.92582869175646,331.5102278510732
2,594.95996,841.91998,D&C,133.26407084733015,144.93720285529238,325.92582869175646,331.5102278510732
2,594.95996,841.91998,Improvements,21.322251335572822,60.70334005695234,329.47953724768536,335.57160905784906
2,594.95996,841.91998,Newcastle,21.322251335572822,50.35803024879867,349.78644328156435,355.878515091728
2,594.95996,841.91998,Link,51.53076495003523,63.24905269843372,349.78644328156435,355.878515091728
2,594.95996,841.91998,Road/Minmi,21.322251335572822,54.353283969617245,357.4015330442688,363.4936048544324
2,594.95996,841.91998,Road,55.560277158455875,69.71502913009707,357.4015330442688,363.4936048544324
2,594.95996,841.91998,$$$,98.95650752767537,110.19004550402153,357.40153304426883,362.98593220358555
2,594.95996,841.91998,TBA,133.60516594798122,144.59874544887325,357.40153304426883,362.98593220358555
2,594.95996,841.91998,intersection,21.322251335572822,53.89617539182108,364.50895015612656,370.6010219662902
2,594.95996,841.91998,upgrade,55.10317342498891,78.22086613910268,364.50895015612656,370.6010219662902
2,594.95996,841.91998,Thornton,21.322251335572822,46.285284183473536,385.32352884085236,391.415600651016
2,594.95996,841.91998,bridge,47.492282216641364,65.30930574093261,385.32352884085236,391.415600651016
2,594.95996,841.91998,$$,100.82855042767358,108.31757656513471,388.87723739678097,394.4616365560977
2,594.95996,841.91998,TBA,133.60516594798122,144.59874544887325,388.87723739678097,394.4616365560977
2,594.95996,841.91998,duplication,21.322251335572822,51.902931230832316,392.4309459527099,398.52301776287356
2,594.95996,841.91998,New,26.398977844042545,41.00871561503652,437.6138118780903,444.7212289899479
2,594.95996,841.91998,England,42.385770604513716,68.9781447385846,437.6138118780903,444.7212289899479
2,594.95996,841.91998,Highway,70.38629239445395,98.35972710901274,437.6138118780903,444.7212289899479
2,594.95996,841.91998,July,513.1935909249328,525.6557653835494,437.6138118780903,444.7212289899479
2,594.95996,841.91998,2026,527.0328220656681,544.1412496999836,437.6138118780903,444.7212289899479
2,594.95996,841.91998,Data,545.5494027277924,560.6664166946919,437.6138118780903,444.7212289899479
2,594.95996,841.91998,Set,562.0745673581433,573.2971780243953,437.6138118780903,444.7212289899479
2,594.95996,841.91998,Goonoo,21.322251335572822,42.60719338803732,463.50511707128595,469.5971888814496
2,594.95996,841.91998,Goonoo,43.77992605885741,65.0648681113219,463.50511707128595,469.5971888814496
2,594.95996,841.91998,Road,66.237600782142,80.39235275378319,463.50511707128595,469.5971888814496
2,594.95996,841.91998,$$,100.82855042767358,108.31757656513471,467.0588256272148,472.6432247865315
2,594.95996,841.91998,TBA,133.60516594798122,144.59874544887325,467.0588256272148,472.6432247865315
2,594.95996,841.91998,"widening,",21.322251335572822,47.76259989125064,470.6125341831435,476.70460599330715
2,594.95996,841.91998,Tamworth,48.93533335007515,76.43115155115471,470.6125341831435,476.70460599330715
2,594.95996,841.91998,Maitland,21.322251335572822,45.68997241356472,494.9808214237983,501.07289323396196
2,594.95996,841.91998,Westbound,46.767507062670035,78.15558274353877,494.9808214237983,501.07289323396196
2,594.95996,841.91998,TBA,99.00410183869226,110.14427476398623,498.5345299797269,504.11892913904364
2,594.95996,841.91998,TBA,133.60516594798122,144.59874544887325,498.5345299797269,504.11892913904364
2,594.95996,841.91998,Overpass,21.322251335572822,47.09211851240844,502.0882385356559,508.1803103458195
2,594.95996,841.91998,Muswellbrook,21.322251335572822,60.31819126923517,530.0102343322392,536.1023061424029
2,594.95996,841.91998,Bypass,61.525190625976684,81.5058729896225,530.0102343322392,536.1023061424029
2,594.95996,841.91998,$$$$,97.0923944744834,112.07044428971456,530.0102343322393,535.594633491556
2,594.95996,841.91998,D&C,133.26407084733015,144.93720285529238,530.0102343322393,535.594633491556
2,594.95996,841.91998,Rocky,21.322251335572822,38.47049756658594,561.4859386847515,567.5780104949152
2,594.95996,841.91998,Cut,39.650840662786656,49.62832834350622,561.4859386847515,567.5780104949152
2,594.95996,841.91998,realignment,50.83532555865857,84.16659953949171,561.4859386847515,567.5780104949152
2,594.95996,841.91998,$,102.70059332767178,106.44510762624792,561.4859386847514,567.0703378440681
2,594.95996,841.91998,TBA,133.60516594798122,144.59874544887325,561.4859386847514,567.0703378440681
2,594.95996,841.91998,Picton,26.398977844042545,46.64243440455096,610.2225131660607,617.3299302779184
2,594.95996,841.91998,Road,48.05058587323355,64.56443084319496,610.2225131660607,617.3299302779184
2,594.95996,841.91998,Upgrade,65.97257849906428,93.7729948280664,610.2225131660607,617.3299302779184
2,594.95996,841.91998,Program,95.14116728200207,122.92558875979708,610.2225131660607,617.3299302779184
2,594.95996,841.91998,July,513.1935909249328,525.6557653835494,610.2225131660607,617.3299302779184
2,594.95996,841.91998,2026,527.0328220656681,544.1412496999836,610.2225131660607,617.3299302779184
2,594.95996,841.91998,Data,545.5494027277924,560.6664166946919,610.2225131660607,617.3299302779184
2,594.95996,841.91998,Set,562.0745673581433,573.2971780243953,610.2225131660607,617.3299302779184
2,594.95996,841.91998,Almond,21.322251335572822,42.900948884777335,636.1138183592564,642.2058901694201
2,594.95996,841.91998,Street,44.10794249667736,61.52099551889464,636.1138183592564,642.2058901694201
2,594.95996,841.91998,to,62.727992734046985,68.39552464679656,636.1138183592564,642.2058901694201
2,594.95996,841.91998,M1,69.56825731761666,77.4072318352397,636.1138183592564,642.2058901694201
2,594.95996,841.91998,TBA,99.00410183869226,110.14427476398623,639.6675269151852,645.251926074502
2,594.95996,841.91998,TBA,133.60516594798122,144.59874544887325,639.6675269151852,645.251926074502
2,594.95996,841.91998,Princes,21.322251335572822,41.89346258806504,643.2212354711139,649.3133072812776
2,594.95996,841.91998,Motorway,43.073804270328885,70.50298707602444,643.2212354711139,649.3133072812776
2,594.95996,841.91998,Nepean,21.322251335572822,42.78063406648668,667.5895227117687,673.6815945219324
2,594.95996,841.91998,River,43.987632099654505,58.07194296921145,667.5895227117687,673.6815945219324
2,594.95996,841.91998,to,59.278938965934195,64.94647087868377,667.5895227117687,673.6815945219324
2,594.95996,841.91998,$$$$$,95.22035157448518,113.94291322860136,671.1432312676974,676.7276304270141
2,594.95996,841.91998,TBA,133.60516594798122,144.59874544887325,671.1432312676974,676.7276304270141
2,594.95996,841.91998,Almond,21.322251335572822,42.900948884777335,674.6969398236263,680.78901163379
2,594.95996,841.91998,Street,44.10794249667736,61.52099551889464,674.6969398236263,680.78901163379
3,594.95996,841.91998,Princes,26.398977844042545,50.398706257520736,29.445011445124578,36.552428556982136
3,594.95996,841.91998,Highway,51.775762542305664,79.74919725686448,29.445011445124578,36.552428556982136
3,594.95996,841.91998,July,513.1935909249328,525.6557653835494,29.445011445124578,36.552428556982136
3,594.95996,841.91998,2026,527.0328220656681,544.1412496999836,29.445011445124578,36.552428556982136
3,594.95996,841.91998,Data,545.5494027277924,560.6664166946919,29.445011445124578,36.552428556982136
3,594.95996,841.91998,Set,562.0745673581433,573.2971780243953,29.445011445124578,36.552428556982136
3,594.95996,841.91998,Bulli,21.322251335572822,33.73238240118951,58.89002519424889,64.9820970044126
3,594.95996,841.91998,Bypass,34.93937559002814,54.920057953673975,58.89002519424889,64.9820970044126
3,594.95996,841.91998,TBA,99.00410183869226,110.14427476398623,58.890025194249006,64.47442435356572
3,594.95996,841.91998,TBA,133.60516594798122,144.59874544887325,58.890025194249006,64.47442435356572
3,594.95996,841.91998,Dapto,21.322251335572822,37.8011207245939,90.36572954676126,96.45780135692496
3,594.95996,841.91998,Ramps,38.973853395414,58.035765634943665,90.36572954676126,96.45780135692496
3,594.95996,841.91998,TBA,99.00410183869226,110.14427476398623,90.36572954676114,95.95012870607786
3,594.95996,841.91998,TBA,133.60516594798122,144.59874544887325,90.36572954676114,95.95012870607786
3,594.95996,841.91998,Jervis,21.322251335572822,36.82010575681532,118.28772534334462,124.37979715350832
3,594.95996,841.91998,Bay,38.00044743907917,48.45559643288784,118.28772534334462,124.37979715350832
3,594.95996,841.91998,Road,49.63593952908855,63.790691500729736,118.28772534334462,124.37979715350832
3,594.95996,841.91998,to,64.99768511262975,70.66521702537933,118.28772534334462,124.37979715350832
3,594.95996,841.91998,$$$$,97.0923944744834,112.07044428971456,121.84143389927351,127.42583305859023
3,594.95996,841.91998,D&C,133.26407084733015,144.93720285529238,121.84143389927351,127.42583305859023
3,594.95996,841.91998,Hawken,21.322251335572822,43.73155971940209,125.39514245520218,131.48721426536588
3,594.95996,841.91998,Road,44.93855775256992,59.09330972421111,125.39514245520218,131.48721426536588
3,594.95996,841.91998,Milton/Ulladulla,21.322251335572822,65.34071102799673,153.31713825178576,159.40921006194947
3,594.95996,841.91998,Bypass,66.54770723958178,86.52838960322761,153.31713825178576,159.40921006194947
3,594.95996,841.91998,$$$$$,95.22035157448518,113.94291322860136,153.31713825178565,158.90153741110237
3,594.95996,841.91998,D&C,133.26407084733015,144.93720285529238,153.31713825178565,158.90153741110237
3,594.95996,841.91998,Mount,21.322251335572822,39.10387363619243,181.23913404836912,187.33120585853283
3,594.95996,841.91998,Ousley,40.31087085134478,59.342702173909444,181.23913404836912,187.33120585853283
3,594.95996,841.91998,Safety,60.52304527011016,78.74977051677116,181.23913404836912,187.33120585853283
3,594.95996,841.91998,TBA,99.00410183869226,110.14427476398623,184.79284260429802,190.37724176361473
3,594.95996,841.91998,TBA,133.60516594798122,144.59874544887325,184.79284260429802,190.37724176361473
3,594.95996,841.91998,and,21.322251335572822,31.665259820737422,188.34655116022668,194.43862297039038
3,594.95996,841.91998,Reliability,32.872253432637436,60.30542568232514,188.34655116022668,194.43862297039038
3,594.95996,841.91998,Narooma,21.322251335572822,46.60169059863522,216.26854695681027,222.36061876697397
3,594.95996,841.91998,bridge,47.80868681022028,65.62571033451152,216.26854695681027,222.36061876697397
3,594.95996,841.91998,TBA,99.00410183869226,110.14427476398623,216.26854695681016,221.85294611612687
3,594.95996,841.91998,TBA,133.60516594798122,144.59874544887325,216.26854695681016,221.85294611612687
3,594.95996,841.91998,Nowra,21.322251335572822,39.302238488435925,247.7442513093224,253.8363231194861
3,594.95996,841.91998,Bypass,40.50923470002098,60.48991706366681,247.7442513093224,253.8363231194861
3,594.95996,841.91998,TBA,99.00410183869226,110.14427476398623,247.74425130932252,253.32865046863924
3,594.95996,841.91998,TBA,133.60516594798122,144.59874544887325,247.74425130932252,253.32865046863924
3,594.95996,841.91998,Regional,26.398977844042545,54.68714090325444,296.4808257906319,303.58824290248947
3,594.95996,841.91998,NSW,56.09528706774017,72.69243025565679,296.4808257906319,303.58824290248947
3,594.95996,841.91998,major,74.10057745447479,92.45058606049241,296.4808257906319,303.58824290248947
3,594.95996,841.91998,road,93.85873910470788,108.42404480580512,296.4808257906319,303.58824290248947
3,594.95996,841.91998,and,109.83219246167445,121.89902919615656,296.4808257906319,303.58824290248947
3,594.95996,841.91998,bridge,123.30717685202589,144.09369150368155,296.4808257906319,303.58824290248947
3,594.95996,841.91998,upgrades,145.46186395761725,175.90712791377183,296.4808257906319,303.58824290248947
3,594.95996,841.91998,July,513.1935909249328,525.6557653835494,296.4808257906319,303.58824290248947
3,594.95996,841.91998,2026,527.0328220656681,544.1412496999836,296.4808257906319,303.58824290248947
3,594.95996,841.91998,Data,545.5494027277924,560.6664166946919,296.4808257906319,303.58824290248947
3,594.95996,841.91998,Set,562.0745673581433,573.2971780243953,296.4808257906319,303.58824290248947
3,594.95996,841.91998,Barton,21.322251335572822,39.885561325413185,322.37213098382745,328.46420279399115
3,594.95996,841.91998,Highway,41.09255935858101,65.0698299453032,322.37213098382745,328.46420279399115
3,594.95996,841.91998,$$$,98.95650752767537,110.19004550402153,325.9258395397561,331.51023869907283
3,594.95996,841.91998,TBA,133.60516594798122,144.59874544887325,325.9258395397561,331.51023869907283
3,594.95996,841.91998,Upgrade,21.322251335572822,45.15119394119586,329.479548095685,335.5716199058487
3,594.95996,841.91998,-,45.74137863141685,48.066646383469404,329.479548095685,335.5716199058487
3,594.95996,841.91998,Stage,48.41694732389116,64.90000546946125,329.479548095685,335.5716199058487
3,594.95996,841.91998,2,66.0727401706978,69.7689145121175,329.479548095685,335.5716199058487
3,594.95996,841.91998,M1,21.322251335572822,29.16122585319587,346.2327455736352,352.32481738379886
3,594.95996,841.91998,Pacific,30.368222556761403,48.95627817789991,346.2327455736352,352.32481738379886
3,594.95996,841.91998,Motorway,50.12901014378099,77.55819294947653,346.2327455736352,352.32481738379886
3,594.95996,841.91998,Upgrade,21.322251335572822,45.15119394119586,353.84783533633964,359.9399071465033
3,594.95996,841.91998,between,46.32392864243241,70.17363115334271,353.84783533633964,359.9399071465033
3,594.95996,841.91998,TBA,99.00410183869226,110.14427476398623,357.4015438922685,362.9859430515852
3,594.95996,841.91998,TBA,133.60516594798122,144.59874544887325,357.4015438922685,362.9859430515852
3,594.95996,841.91998,Wahroonga,21.322251335572822,52.774108814747066,360.9552524481974,367.0473242583611
3,594.95996,841.91998,and,53.98110502633212,64.32411351149672,360.9552524481974,367.0473242583611
3,594.95996,841.91998,Beresfield,21.322251335572822,49.57538478607837,368.062669560055,374.15474137021863
3,594.95996,841.91998,Murray,21.322251335572822,41.08112756576348,385.3235396888518,391.4156114990154
3,594.95996,841.91998,"River,",42.261470661964196,57.34317041608353,385.3235396888518,391.4156114990154
3,594.95996,841.91998,Swan,58.51590387490804,73.91628374267854,385.3235396888518,391.4156114990154
3,594.95996,841.91998,Hill,75.12328177584637,84.69011399278766,385.3235396888518,391.4156114990154
3,594.95996,841.91998,$$$,98.95650752767537,110.19004550402153,388.87724824478084,394.46164740409756
3,594.95996,841.91998,TBA,133.60516594798122,144.59874544887325,388.87724824478084,394.46164740409756
3,594.95996,841.91998,bridge,21.322251335572822,39.13927485986407,392.4309568007098,398.52302861087344
3,594.95996,841.91998,replacement,40.31200956110062,75.22150282325917,392.4309568007098,398.52302861087344
3,594.95996,841.91998,Newell,21.322251335572822,40.56292943346157,409.1841542786597,415.27622608882336
3,594.95996,841.91998,"Highway,",41.76992621279472,66.85024248058826,409.1841542786597,415.27622608882336
3,594.95996,841.91998,Tichborne,21.322251335572822,48.90144593320946,416.79924404136415,422.8913158515278
3,594.95996,841.91998,grade,50.074180634446016,66.21950046169971,416.79924404136415,422.8913158515278
3,594.95996,841.91998,TBA,99.00410183869226,110.14427476398623,420.3529525972932,425.9373517566099
3,594.95996,841.91998,TBA,133.60516594798122,144.59874544887325,420.3529525972932,425.9373517566099
3,594.95996,841.91998,separation,21.322251335572822,50.354218239345016,423.9066611532217,429.99873296338535
3,594.95996,841.91998,for,51.56121627251285,59.574006733088645,423.9066611532217,429.99873296338535
3,594.95996,841.91998,Inland,60.7810027298114,77.92410264633882,423.9066611532217,429.99873296338535
3,594.95996,841.91998,Rail,21.322251335572822,31.901702093633098,431.01407826507926,437.1061500752429
3,594.95996,841.91998,Newell,21.322251335572822,40.56292943346157,437.1061500752431,443.1982218854067
3,594.95996,841.91998,"Highway,",41.76992621279472,66.85024248058826,437.1061500752431,443.1982218854067
3,594.95996,841.91998,improve,21.322251335572822,43.39726148955531,444.21356718710064,450.3056389972643
3,594.95996,841.91998,flood,44.56999619079187,58.79954804160166,444.21356718710064,450.3056389972643
3,594.95996,841.91998,mitigation,21.322251335572822,48.95970655110223,451.8286569498055,457.92072875996917
3,594.95996,841.91998,between,50.16670458427006,74.01640709518036,451.8286569498055,457.92072875996917
3,594.95996,841.91998,$$$,98.95650752767537,110.19004550402153,451.8286569498051,457.41305610912184
3,594.95996,841.91998,TBA,133.60516594798122,144.59874544887325,451.8286569498051,457.41305610912184
3,594.95996,841.91998,West,21.322251335572822,35.42559414205307,458.9360740616631,465.0281458718267
3,594.95996,841.91998,Wyalong,36.50313239441071,60.75016004228162,458.9360740616631,465.0281458718267
3,594.95996,841.91998,and,61.95715710043874,72.30016558560332,458.9360740616631,465.0281458718267
3,594.95996,841.91998,Forbes,21.322251335572822,40.3620707274502,466.5511638243675,472.64323563453115
3,594.95996,841.91998,-,40.95986239869848,43.28513015075103,466.5511638243675,472.64323563453115
3,594.95996,841.91998,July,43.6354310911728,54.31731151373991,466.5511638243675,472.64323563453115
3,594.95996,841.91998,November,55.497654609940625,83.97753258839772,466.5511638243675,472.64323563453115
3,594.95996,841.91998,Olympic,21.322251335572822,43.937750906752434,472.135562983684,478.22763479384764
3,594.95996,841.91998,"Highway,",45.11048287263352,70.19079914042706,472.135562983684,478.22763479384764
3,594.95996,841.91998,Harris,21.322251335572822,38.24830690677191,479.7506527463889,485.8427245565525
3,594.95996,841.91998,Gates,39.42864858903575,55.61091143646099,479.7506527463889,485.8427245565525
3,594.95996,841.91998,grade,56.791253118724825,72.93657294597851,479.7506527463889,485.8427245565525
3,594.95996,841.91998,TBA,99.00410183869226,110.14427476398623,483.3043613023175,488.8887604616342
3,594.95996,841.91998,TBA,133.60516594798122,144.59874544887325,483.3043613023175,488.8887604616342
3,594.95996,841.91998,separation,21.322251335572822,50.354218239345016,486.85806985824644,492.9501416684101
3,594.95996,841.91998,for,51.56121627251285,59.574006733088645,486.85806985824644,492.9501416684101
3,594.95996,841.91998,Inland,60.7810027298114,77.92410264633882,486.85806985824644,492.9501416684101
3,594.95996,841.91998,Rail,21.322251335572822,31.901702093633098,493.965486970104,500.05755878026764
3,594.95996,841.91998,Pacific,21.322251335572822,39.91030695671133,503.61126733619636,509.70333914636
3,594.95996,841.91998,"Highway,",41.083038922592415,66.16335519038596,503.61126733619636,509.70333914636
3,594.95996,841.91998,Harrington,21.322251335572822,51.39862048981378,511.22635709890125,517.3184289090649
3,594.95996,841.91998,Road,52.60561852298161,66.7603704946228,511.22635709890125,517.3184289090649
3,594.95996,841.91998,/,67.96736410652281,70.15403721935034,511.22635709890125,517.3184289090649
3,594.95996,841.91998,$$,100.82855042767358,108.31757656513471,514.7800656548299,520.3644648141466
3,594.95996,841.91998,CO,135.12818390052212,143.0712864574178,514.7800656548299,520.3644648141466
3,594.95996,841.91998,Coopernook,21.322251335572822,54.83379905308147,518.3337742107587,524.4258460209224
3,594.95996,841.91998,Road,56.040798409822976,70.19555038146416,518.3337742107587,524.4258460209224
3,594.95996,841.91998,interchange,21.322251335572822,54.18233061215583,525.4411913226163,531.53326313278
3,594.95996,841.91998,Pacific,21.322251335572822,39.91030695671133,535.0869716887087,541.1790434988724
3,594.95996,841.91998,"Highway,",41.083038922592415,66.16335519038596,535.0869716887087,541.1790434988724
3,594.95996,841.91998,Raymond,21.322251335572822,47.25165298910713,542.7020614514131,548.7941332615768
3,594.95996,841.91998,Terrace,48.45864660100715,69.30514407318984,542.7020614514131,548.7941332615768
3,594.95996,841.91998,to,70.47787877442639,76.14541068717597,542.7020614514131,548.7941332615768
3,594.95996,841.91998,TBA,99.00410183869226,110.14427476398623,546.2557700073422,551.8401691666589
3,594.95996,841.91998,TBA,133.60516594798122,144.59874544887325,546.2557700073422,551.8401691666589
3,594.95996,841.91998,Karuah,21.322251335572822,41.16756285450499,549.8094785632707,555.9015503734344
3,594.95996,841.91998,intersection,42.37456134468482,74.94848540093308,549.8094785632707,555.9015503734344
3,594.95996,841.91998,improvements,21.322251335572822,60.5110493946637,556.9168956751287,563.0089674852924
3,594.95996,841.91998,Picton,21.322251335572822,38.67380432868733,577.7314743598545,583.8235461700182
3,594.95996,841.91998,Bypass,39.88080236185516,59.86148472550099,577.7314743598545,583.8235461700182
3,594.95996,841.91998,$$$$$,95.22035157448518,113.94291322860136,577.7314743598541,583.3158735191709
3,594.95996,841.91998,TBA,133.60516594798122,144.59874544887325,577.7314743598541,583.3158735191709
3,594.95996,841.91998,Regional,21.322251335572822,45.569279211500444,601.592088949662,607.6841607598257
3,594.95996,841.91998,Corridors,46.77627599083359,72.50633406752031,601.592088949662,607.6841607598257
3,594.95996,841.91998,Upgrade,21.322251335572822,45.15119394119586,609.2071787123664,615.2992505225301
3,594.95996,841.91998,Program,46.32392864243241,70.1391724863708,609.2071787123664,615.2992505225301
3,594.95996,841.91998,–,70.7636228234748,74.20716655191156,609.2071787123664,615.2992505225301
3,594.95996,841.91998,$$$$,97.0923944744834,112.07044428971456,609.2071787123665,614.7915778716832
3,594.95996,841.91998,TBA,133.60516594798122,144.59874544887325,609.2071787123665,614.7915778716832
3,594.95996,841.91998,Euston,21.322251335572822,40.42775998096802,616.3145958242244,622.4066676343881
3,594.95996,841.91998,to,41.63475801413585,47.30228992688542,616.3145958242244,622.4066676343881
3,594.95996,841.91998,Tocumwal,48.475022597705525,76.37539410250821,616.3145958242244,622.4066676343881
3,594.95996,841.91998,Regional,21.322251335572822,45.569279211500444,629.5140847462453,635.606156556409
3,594.95996,841.91998,Corridors,46.77627599083359,72.50633406752031,629.5140847462453,635.606156556409
3,594.95996,841.91998,Upgrade,21.322251335572822,45.15119394119586,637.1291745089502,643.2212463191139
3,594.95996,841.91998,Program,46.32392864243241,70.1391724863708,637.1291745089502,643.2212463191139
3,594.95996,841.91998,–,70.7636228234748,74.20716655191156,637.1291745089502,643.2212463191139
3,594.95996,841.91998,TBA,99.00410183869226,110.14427476398623,640.6828830648789,646.2672822241956
3,594.95996,841.91998,TBA,133.60516594798122,144.59874544887325,640.6828830648789,646.2672822241956
3,594.95996,841.91998,Muswellbrook,21.322251335572822,60.31819126923517,644.2365916208078,650.3286634309715
3,594.95996,841.91998,to,61.525190625976684,67.19272253872626,644.2365916208078,650.3286634309715
3,594.95996,841.91998,Armidale,21.322251335572822,46.33724818235105,651.3440087326653,657.436080542829
3,594.95996,841.91998,Regional,21.322251335572822,45.569279211500444,664.5434976546867,670.6355694648504
3,594.95996,841.91998,Corridors,46.77627599083359,72.50633406752031,664.5434976546867,670.6355694648504
3,594.95996,841.91998,Upgrade,21.322251335572822,45.15119394119586,672.1585874173911,678.2506592275548
3,594.95996,841.91998,Program,46.32392864243241,70.1391724863708,672.1585874173911,678.2506592275548
3,594.95996,841.91998,–,70.7636228234748,74.20716655191156,672.1585874173911,678.2506592275548
3,594.95996,841.91998,$$$$,97.0923944744834,112.07044428971456,672.1585874173912,677.742986576708
3,594.95996,841.91998,TBA,133.60516594798122,144.59874544887325,672.1585874173912,677.742986576708
3,594.95996,841.91998,Newcastle,21.322251335572822,50.35803024879867,679.2660045292487,685.3580763394124
3,594.95996,841.91998,to,51.53076495003523,57.1982968627848,679.2660045292487,685.3580763394124
3,594.95996,841.91998,Dubbo,58.371029533604904,76.51797727849656,679.2660045292487,685.3580763394124
3,594.95996,841.91998,Sheahan,21.322251335572822,45.53045267634694,696.0192020071986,702.1112738173623
3,594.95996,841.91998,Bridge,46.73745070951477,65.00700749193193,696.0192020071986,702.1112738173623
3,594.95996,841.91998,Upgrade,21.322251335572822,45.15119394119586,703.6342917699035,709.7263635800672
3,594.95996,841.91998,"Northbound,",46.32392864243241,80.87549742010845,703.6342917699035,709.7263635800672
3,594.95996,841.91998,TBA,99.00410183869226,110.14427476398623,703.6342917699036,709.2186909292203
3,594.95996,841.91998,TBA,133.60516594798122,144.59874544887325,703.6342917699036,709.2186909292203
3,594.95996,841.91998,Gundagai,21.322251335572822,47.80087815567654,710.741708881761,716.8337806919247
3,594.95996,841.91998,Shellharbour,21.322251335572822,57.209334741302435,731.5562875664868,737.6483593766505
3,594.95996,841.91998,Hospital,58.41633073802519,81.60846759268124,731.5562875664868,737.6483593766505
3,594.95996,841.91998,TBA,99.00410183869226,110.14427476398623,735.1099961224155,740.6943952817322
3,594.95996,841.91998,TBA,133.60516594798122,144.59874544887325,735.1099961224155,740.6943952817322
3,594.95996,841.91998,access,21.322251335572822,40.37330308638472,738.6637046783444,744.7557764885081
3,594.95996,841.91998,Wagga,21.322251335572822,40.614513756218706,763.0319919189992,769.1240637291629
3,594.95996,841.91998,Wagga,41.692051005009056,60.98431342565494,763.0319919189992,769.1240637291629
3,594.95996,841.91998,Freight,62.191309637239996,82.11391681070545,763.0319919189992,769.1240637291629
3,594.95996,841.91998,TBA,99.00410183869226,110.14427476398623,766.5857004749279,772.1700996342446
3,594.95996,841.91998,TBA,133.60516594798122,144.59874544887325,766.5857004749279,772.1700996342446
3,594.95996,841.91998,Bypass,21.322251335572822,41.30293369921865,770.1394090308568,776.2314808410205
4,594.95996,841.91998,Precincts,16.245524827103104,55.438187151778244,24.368463784647133,33.50657149989263
4,594.95996,841.91998,and,57.15730484845162,72.77419205193385,24.368463784647133,33.50657149989263
4,594.95996,841.91998,Place,74.54185510225876,97.86602840570822,24.368463784647133,33.50657149989263
4,594.95996,841.91998,Delivery,128.05249632934246,150.1401762790379,47.72140572360797,53.30580488292469
4,594.95996,841.91998,2026,180.64421000302096,195.02193802321582,46.70606042191423,52.29045958123095
4,594.95996,841.91998,2027,258.4133142046415,272.6008236208634,46.70606042191423,52.29045958123095
4,594.95996,841.91998,2028,361.85161681471203,376.288679078348,46.70606042191423,52.29045958123095
4,594.95996,841.91998,2029,465.4564969749785,479.8256738836186,46.70606042191423,52.29045958123095
4,594.95996,841.91998,2030,543.0986830138872,557.5223011352873,46.70606042191423,52.29045958123095
4,594.95996,841.91998,Project,21.322251335572822,40.592594642284254,52.29045958123072,57.87485874054744
4,594.95996,841.91998,$,102.70059332767178,106.44510762624792,52.29045958123072,57.87485874054744
4,594.95996,841.91998,type,133.05782883292358,145.134779430901,56.85951343885347,62.443912598170186
4,594.95996,841.91998,Q3,171.64888522082617,178.64373975749797,58.89020404224152,63.966930550711254
4,594.95996,841.91998,Q4,197.03251776317478,204.01785343726243,58.89020404224152,63.966930550711254
4,594.95996,841.91998,Q1,224.12161057859916,229.98229263837126,58.89020404224152,63.966930550711254
4,594.95996,841.91998,Q2,249.27520648939597,256.09721434631086,58.89020404224152,63.966930550711254
4,594.95996,841.91998,Q3,274.8333515054732,281.82820604214504,58.89020404224152,63.966930550711254
4,594.95996,841.91998,Q4,300.4708203732453,307.4561560473329,58.89020404224152,63.966930550711254
4,594.95996,841.91998,Q1,327.68683135138144,333.54751341115355,58.89020404224152,63.966930550711254
4,594.95996,841.91998,Q2,352.84042726217825,359.6624351190931,58.89020404224152,63.966930550711254
4,594.95996,841.91998,Q3,378.39857227825553,385.3934268149273,58.89020404224152,63.966930550711254
4,594.95996,841.91998,Q4,404.0360411460276,411.0213768201152,58.89020404224152,63.966930550711254
4,594.95996,841.91998,Q1,431.25205212416375,437.1127341839358,58.89020404224152,63.966930550711254
4,594.95996,841.91998,Q2,456.40564803496056,463.2276558918754,58.89020404224152,63.966930550711254
4,594.95996,841.91998,Q3,481.9637930510378,488.9586475877096,58.89020404224152,63.966930550711254
4,594.95996,841.91998,Q4,507.6012619188099,514.5865975928975,58.89020404224152,63.966930550711254
4,594.95996,841.91998,Q1,534.6903547342342,540.5510367940063,58.89020404224152,63.966930550711254
4,594.95996,841.91998,Q2,559.5901143196077,566.4121221765225,58.89020404224152,63.966930550711254
4,594.95996,841.91998,Accessibility,26.398977844042545,67.22503774640725,101.53470671338698,108.64212382524454
4,594.95996,841.91998,July,513.1935909249328,525.6557653835494,101.53470671338698,108.64212382524454
4,594.95996,841.91998,2026,527.0328220656681,544.1412496999836,101.53470671338698,108.64212382524454
4,594.95996,841.91998,Data,545.5494027277924,560.6664166946919,101.53470671338698,108.64212382524454
4,594.95996,841.91998,Set,562.0745673581433,573.2971780243953,101.53470671338698,108.64212382524454
4,594.95996,841.91998,Safe,21.322251335572822,34.2003271043584,127.42601190658252,133.51808371674622
4,594.95996,841.91998,Accessible,35.37306180559496,65.23448266112386,127.42601190658252,133.51808371674622
4,594.95996,841.91998,$$$$$,95.22035157448518,113.94291322860136,130.97972046251118,136.5641196218279
4,594.95996,841.91998,Various,129.40893165496095,148.78589616337763,130.97972046251118,136.5641196218279
4,594.95996,841.91998,Transport,21.322251335572822,48.03312878272616,134.53342901844007,140.62550082860378
4,594.95996,841.91998,Woollahra,21.322251335572822,49.10287074027496,158.90171625909488,164.99378806925858
4,594.95996,841.91998,Station,50.309866951860016,70.20619728778198,158.90171625909488,164.99378806925858
4,594.95996,841.91998,$$$,98.95650752767537,110.19004550402153,162.45542481502355,168.03982397434027
4,594.95996,841.91998,TBA,133.60516594798122,144.59874544887325,162.45542481502355,168.03982397434027
4,594.95996,841.91998,Activation,21.322251335572822,48.8717454107622,166.00913337095244,172.10120518111614
4,594.95996,841.91998,Eastern,26.398977844042545,51.149872844816656,211.19199929633294,218.2994164081905
4,594.95996,841.91998,Harbour,52.558024313499246,79.2112648376821,211.19199929633294,218.2994164081905
4,594.95996,841.91998,City,80.61941788189756,93.61532413313276,211.19199929633294,218.2994164081905
4,594.95996,841.91998,July,513.1935909249328,525.6557653835494,211.19199929633294,218.2994164081905
4,594.95996,841.91998,2026,527.0328220656681,544.1412496999836,211.19199929633294,218.2994164081905
4,594.95996,841.91998,Data,545.5494027277924,560.6664166946919,211.19199929633294,218.2994164081905
4,594.95996,841.91998,Set,562.0745673581433,573.2971780243953,211.19199929633294,218.2994164081905
4,594.95996,841.91998,Central,21.322251335572822,41.72765766650355,233.0219232827526,239.1139950929163
4,594.95996,841.91998,Precinct,42.9346544458367,65.83113916755227,233.0219232827526,239.1139950929163
4,594.95996,841.91998,Renewal,21.322251335572822,45.024237639868126,240.63701304545748,246.72908485562118
4,594.95996,841.91998,Program,46.23123441920128,70.04647826313968,240.63701304545748,246.72908485562118
4,594.95996,841.91998,-,70.67092860024368,72.99619635229624,240.63701304545748,246.72908485562118
4,594.95996,841.91998,Main,73.34649729271798,86.91657997950036,240.63701304545748,246.72908485562118
4,594.95996,841.91998,$$$$$,95.22035157448518,113.94291322860136,240.63701304545714,246.22141220477386
4,594.95996,841.91998,TBA,133.60516594798122,144.59874544887325,240.63701304545714,246.22141220477386
4,594.95996,841.91998,Works,21.322251335572822,38.736830348298,247.74443015731504,253.83650196747874
4,594.95996,841.91998,Circular,21.322251335572822,43.22838967381721,272.1127173979694,278.2047892081331
4,594.95996,841.91998,Quay,44.435385670539965,58.82010968382851,272.1127173979694,278.2047892081331
4,594.95996,841.91998,Renewal,60.00045278002923,83.70243908432452,272.1127173979694,278.2047892081331
4,594.95996,841.91998,TBA,99.00410183869226,110.14427476398623,272.1127173979695,277.6971165572862
4,594.95996,841.91998,TBA,133.60516594798122,144.59874544887325,272.1127173979695,277.6971165572862
4,594.95996,841.91998,Public,16.245524827103104,42.33198440951083,315.7725653708093,324.91067308605477
4,594.95996,841.91998,Transport,44.05681579935586,84.61962473267396,315.7725653708093,324.91067308605477
4,594.95996,841.91998,Delivery,128.05249632934246,150.1401762790379,339.1255073097701,344.70990646908683
4,594.95996,841.91998,2026,180.64421000302096,195.02193802321582,338.1101620080759,343.69456116739264
4,594.95996,841.91998,2027,258.4133142046415,272.6008236208634,338.1101620080759,343.69456116739264
4,594.95996,841.91998,2028,361.85161681471203,376.288679078348,338.1101620080759,343.69456116739264
4,594.95996,841.91998,2029,465.4564969749785,479.8256738836186,338.1101620080759,343.69456116739264
4,594.95996,841.91998,2030,543.0986830138872,557.5223011352873,338.1101620080759,343.69456116739264
4,594.95996,841.91998,Project,21.322251335572822,40.592594642284254,343.69456116739286,349.2789603267096
4,594.95996,841.91998,$,102.70059332767178,106.44510762624792,343.69456116739286,349.2789603267096
4,594.95996,841.91998,type,133.05782883292358,145.134779430901,348.2636150250156,353.8480141843323
4,594.95996,841.91998,Q3,171.64888522082617,178.64373975749797,350.2943056284032,355.37103213687294
4,594.95996,841.91998,Q4,197.03251776317478,204.01785343726243,350.2943056284032,355.37103213687294
4,594.95996,841.91998,Q1,224.12161057859916,229.98229263837126,350.2943056284032,355.37103213687294
4,594.95996,841.91998,Q2,249.27520648939597,256.09721434631086,350.2943056284032,355.37103213687294
4,594.95996,841.91998,Q3,274.8333515054732,281.82820604214504,350.2943056284032,355.37103213687294
4,594.95996,841.91998,Q4,300.4708203732453,307.4561560473329,350.2943056284032,355.37103213687294
4,594.95996,841.91998,Q1,327.68683135138144,333.54751341115355,350.2943056284032,355.37103213687294
4,594.95996,841.91998,Q2,352.84042726217825,359.6624351190931,350.2943056284032,355.37103213687294
4,594.95996,841.91998,Q3,378.39857227825553,385.3934268149273,350.2943056284032,355.37103213687294
4,594.95996,841.91998,Q4,404.0360411460276,411.0213768201152,350.2943056284032,355.37103213687294
4,594.95996,841.91998,Q1,431.25205212416375,437.1127341839358,350.2943056284032,355.37103213687294
4,594.95996,841.91998,Q2,456.40564803496056,463.2276558918754,350.2943056284032,355.37103213687294
4,594.95996,841.91998,Q3,481.9637930510378,488.9586475877096,350.2943056284032,355.37103213687294
4,594.95996,841.91998,Q4,507.6012619188099,514.5865975928975,350.2943056284032,355.37103213687294
4,594.95996,841.91998,Q1,534.6903547342342,540.5510367940063,350.2943056284032,355.37103213687294
4,594.95996,841.91998,Q2,559.5901143196077,566.4121221765225,350.2943056284032,355.37103213687294
4,594.95996,841.91998,Buses,26.398977844042545,46.07629997905095,392.93880829954907,400.0462254114067
4,594.95996,841.91998,July,513.1935909249328,525.6557653835494,392.93880829954907,400.0462254114067
4,594.95996,841.91998,2026,527.0328220656681,544.1412496999836,392.93880829954907,400.0462254114067
4,594.95996,841.91998,Data,545.5494027277924,560.6664166946919,392.93880829954907,400.0462254114067
4,594.95996,841.91998,Set,562.0745673581433,573.2971780243953,392.93880829954907,400.0462254114067
4,594.95996,841.91998,Bus,21.322251335572822,31.86420868988668,418.8301134927447,424.92218530290836
4,594.95996,841.91998,Service,33.044550372150525,53.79034371431883,418.8301134927447,424.92218530290836
4,594.95996,841.91998,$$$$$$,93.34830867448697,115.81538216748817,422.3838220486733,427.96822120799004
4,594.95996,841.91998,TBA,133.60516594798122,144.59874544887325,422.3838220486733,427.96822120799004
4,594.95996,841.91998,Improvement,21.322251335572822,57.7212668672093,425.9375306046023,432.0296024147659
4,594.95996,841.91998,Program,58.92826408236165,82.74350792630005,425.9375306046023,432.0296024147659
4,594.95996,841.91998,Macquarie,21.322251335572822,50.48937927687247,446.2444366384812,452.33650844864485
4,594.95996,841.91998,Park,51.662113978109026,64.39340757109183,446.2444366384812,452.33650844864485
4,594.95996,841.91998,Precinct,21.322251335572822,44.21873605728839,453.85952640118563,459.9515982113493
4,594.95996,841.91998,and,45.42573327244074,55.768741757605326,453.85952640118563,459.9515982113493
4,594.95996,841.91998,Bus,56.97573536950535,67.51769272381922,453.85952640118563,459.9515982113493
4,594.95996,841.91998,$$$,98.95650752767537,110.19004550402153,453.8595264011857,459.4439255605024
4,594.95996,841.91998,CO,135.12818390052212,143.0712864574178,453.8595264011857,459.4439255605024
4,594.95996,841.91998,Interchange,21.322251335572822,54.37462127444449,460.9669435130432,467.05901532320684
4,594.95996,841.91998,New,21.322251335572822,33.84489035396978,481.781522197769,487.87359400793264
4,594.95996,841.91998,Bus,35.02522978733262,45.56718714164648,481.781522197769,487.87359400793264
4,594.95996,841.91998,Services,46.74752882391032,70.47158426591804,481.781522197769,487.87359400793264
4,594.95996,841.91998,for,71.65192594818187,79.66471640875767,481.781522197769,487.87359400793264
4,594.95996,841.91998,$$$$,97.0923944744834,112.07044428971456,485.33523075369806,490.9196299130148
4,594.95996,841.91998,Various,129.40893165496095,148.78589616337763,485.33523075369806,490.9196299130148
4,594.95996,841.91998,Western,21.322251335572822,44.39826737710407,488.88893930962655,494.9810111197902
4,594.95996,841.91998,Sydney,45.6052654102719,66.33487505566153,488.88893930962655,494.9810111197902
4,594.95996,841.91998,New,21.322251335572822,33.84489035396978,513.2572265502813,519.349298360445
4,594.95996,841.91998,Electric,35.02522978733262,55.97661724599365,513.2572265502813,519.349298360445
4,594.95996,841.91998,Bus,57.149349211874735,67.6913065661886,513.2572265502813,519.349298360445
4,594.95996,841.91998,$$$$$$,93.34830867448697,115.81538216748817,516.81093510621,522.3953342655267
4,594.95996,841.91998,Various,129.40893165496095,148.78589616337763,516.81093510621,522.3953342655267
4,594.95996,841.91998,Program,21.322251335572822,45.137495179511205,520.3646436621389,526.4567154723026
4,594.95996,841.91998,Tranche,46.34449552763079,68.6329131401157,520.3646436621389,526.4567154723026
4,594.95996,841.91998,1,69.80564784135225,72.31938907257069,520.3646436621389,526.4567154723026
4,594.95996,841.91998,New,21.322251335572822,33.84489035396978,544.7329309027937,550.8250027129574
4,594.95996,841.91998,Electric,35.02522978733262,55.97661724599365,544.7329309027937,550.8250027129574
4,594.95996,841.91998,Bus,57.149349211874735,67.6913065661886,544.7329309027937,550.8250027129574
4,594.95996,841.91998,$$$$$$,93.34830867448697,115.81538216748817,548.2866394587223,553.871038618039
4,594.95996,841.91998,TBA,133.60516594798122,144.59874544887325,548.2866394587223,553.871038618039
4,594.95996,841.91998,Program,21.322251335572822,45.137495179511205,551.8403480146512,557.9324198248149
4,594.95996,841.91998,Tranche,46.34449552763079,68.6329131401157,551.8403480146512,557.9324198248149
4,594.95996,841.91998,2,69.80564784135225,73.50182218277196,551.8403480146512,557.9324198248149
4,594.95996,841.91998,Eastern,26.398977844042545,51.149872844816656,597.0232139400316,604.1306310518893
4,594.95996,841.91998,Harbour,52.558024313499246,79.2112648376821,597.0232139400316,604.1306310518893
4,594.95996,841.91998,City,80.61941788189756,93.61532413313276,597.0232139400316,604.1306310518893
4,594.95996,841.91998,July,513.1935909249328,525.6557653835494,597.0232139400316,604.1306310518893
4,594.95996,841.91998,2026,527.0328220656681,544.1412496999836,597.0232139400316,604.1306310518893
4,594.95996,841.91998,Data,545.5494027277924,560.6664166946919,597.0232139400316,604.1306310518893
4,594.95996,841.91998,Set,562.0745673581433,573.2971780243953,597.0232139400316,604.1306310518893
4,594.95996,841.91998,Sydney,21.322251335572822,42.05186098096245,622.9145191332273,629.006590943391
4,594.95996,841.91998,Fish,43.23220407716317,54.712141550197785,622.9145191332273,629.006590943391
4,594.95996,841.91998,Markets,55.91914004037761,78.58564740399373,622.9145191332273,629.006590943391
4,594.95996,841.91998,$,102.70059332767178,106.44510762624792,626.4682276891559,632.0526268484726
4,594.95996,841.91998,MC,134.69983510136998,143.48897960365903,626.4682276891559,632.0526268484726
4,594.95996,841.91998,Ferry,21.322251335572822,36.068495389437636,630.0219362450848,636.1140080552485
4,594.95996,841.91998,Wharf,37.11937952284365,54.277902992533704,630.0219362450848,636.1140080552485
4,594.95996,841.91998,Light,26.398977844042545,42.95146969211945,675.2048021704652,682.3122192823229
4,594.95996,841.91998,Rail,44.359617608858926,56.702307638488406,675.2048021704652,682.3122192823229
4,594.95996,841.91998,July,513.1935909249328,525.6557653835494,675.2048021704652,682.3122192823229
4,594.95996,841.91998,2026,527.0328220656681,544.1412496999836,675.2048021704652,682.3122192823229
4,594.95996,841.91998,Data,545.5494027277924,560.6664166946919,675.2048021704652,682.3122192823229
4,594.95996,841.91998,Set,562.0745673581433,573.2971780243953,675.2048021704652,682.3122192823229
4,594.95996,841.91998,Parramatta,21.322251335572822,52.079614506777226,701.0961073636608,707.1881791738246
4,594.95996,841.91998,Light,53.286610718362276,67.47448300113189,701.0961073636608,707.1881791738246
4,594.95996,841.91998,Rail,68.68148021628423,79.2609309743445,701.0961073636608,707.1881791738246
4,594.95996,841.91998,$$$$$$,93.34830867448697,115.81538216748817,704.64981591959,710.2342150789067
4,594.95996,841.91998,D&C,133.26407084733015,144.93720285529238,704.64981591959,710.2342150789067
4,594.95996,841.91998,Stage,21.322251335572822,37.80530948114291,708.2035244755184,714.2955962856821
4,594.95996,841.91998,2,38.97804418237947,42.674218523799176,708.2035244755184,714.2955962856821
4,594.95996,841.91998,Main,43.881218784543215,57.451301471325586,708.2035244755184,714.2955962856821
4,594.95996,841.91998,Works,58.528840541698706,75.94341955442388,708.2035244755184,714.2955962856821
5,594.95996,841.91998,Rail,26.398977844042545,38.74166787367203,29.445009141124387,36.552426252981945
5,594.95996,841.91998,July,513.1935909249328,525.6557653835494,29.445009141124387,36.552426252981945
5,594.95996,841.91998,2026,527.0328220656681,544.1412496999836,29.445009141124387,36.552426252981945
5,594.95996,841.91998,Data,545.5494027277924,560.6664166946919,29.445009141124387,36.552426252981945
5,594.95996,841.91998,Set,562.0745673581433,573.2971780243953,29.445009141124387,36.552426252981945
5,594.95996,841.91998,South,21.322251335572822,37.90754627773065,51.274933127544045,57.36700493770775
5,594.95996,841.91998,West,38.98508580511577,53.088428611596015,51.274933127544045,57.36700493770775
5,594.95996,841.91998,Sydney,54.295425826748364,75.02503547213799,51.274933127544045,57.36700493770775
5,594.95996,841.91998,Rail,76.20537856833869,86.78482932639896,51.274933127544045,57.36700493770775
5,594.95996,841.91998,Extensions,21.322251335572822,51.38873679706946,58.89002289024893,64.98209470041263
5,594.95996,841.91998,Final,52.56907847933331,66.11289411704664,58.89002289024893,64.98209470041263
5,594.95996,841.91998,$$$$$$,93.34830867448697,115.81538216748817,58.89002289024904,64.47442204956576
5,594.95996,841.91998,TBA,133.60516594798122,144.59874544887325,58.89002289024904,64.47442204956576
5,594.95996,841.91998,Business,21.322251335572822,46.04198382543537,65.99744000210649,72.08951181227019
5,594.95996,841.91998,Case,47.22232550769922,60.99270165318937,65.99744000210649,72.08951181227019
5,594.95996,841.91998,Sydney,21.322251335572822,42.05186098096245,86.81201868683229,92.90409049699599
5,594.95996,841.91998,to,43.23220407716317,48.89973598991274,86.81201868683229,92.90409049699599
5,594.95996,841.91998,Canberra,50.072468660732845,75.5889266280814,86.81201868683229,92.90409049699599
5,594.95996,841.91998,Rail,76.79592283966645,87.37537359772674,86.81201868683229,92.90409049699599
5,594.95996,841.91998,TBA,99.00410183869226,110.14427476398623,90.36572724276095,95.95012640207767
5,594.95996,841.91998,TBA,133.60516594798122,144.59874544887325,90.36572724276095,95.95012640207767
5,594.95996,841.91998,Corridor,21.322251335572822,44.07404864107052,93.91943579868985,100.01150760885355
5,594.95996,841.91998,Upgrade,45.28104463779327,69.1099872434163,93.91943579868985,100.01150760885355
5,594.95996,841.91998,Western,21.322251335572822,44.39826737710407,110.67263327663977,116.76470508680347
5,594.95996,841.91998,Sydney,45.6052654102719,66.33487505566153,110.67263327663977,116.76470508680347
5,594.95996,841.91998,Freight,67.51521815186223,87.43782532532768,110.67263327663977,116.76470508680347
5,594.95996,841.91998,Line,21.322251335572822,33.05748265937108,118.28772303934466,124.37979484950836
5,594.95996,841.91998,and,34.23021736060764,44.573225845772235,118.28772303934466,124.37979484950836
5,594.95996,841.91998,Intermodal,45.78021945767226,75.79206177809114,118.28772303934466,124.37979484950836
5,594.95996,841.91998,$$$$$$,93.34830867448697,115.81538216748817,121.84143159527332,127.42583075459004
5,594.95996,841.91998,TBA,133.60516594798122,144.59874544887325,121.84143159527332,127.42583075459004
5,594.95996,841.91998,Terminal,21.322251335572822,45.272666845421966,125.39514015120221,131.48721196136592
5,594.95996,841.91998,-,45.89711361373956,48.22238136579212,125.39514015120221,131.48721196136592
5,594.95996,841.91998,Stage,48.57268230621387,65.05574045178396,125.39514015120221,131.48721196136592
5,594.95996,841.91998,1,66.22847515302053,68.74221638423896,125.39514015120221,131.48721196136592
5,594.95996,841.91998,Full,69.94921308780448,80.45461537298665,125.39514015120221,131.48721196136592
5,594.95996,841.91998,Business,21.322251335572822,46.04198382543537,132.50255726305977,138.59462907322347
5,594.95996,841.91998,Case,47.22232550769922,60.99270165318937,132.50255726305977,138.59462907322347
5,594.95996,841.91998,Sydney,16.245524827103104,47.58024835563483,165.5012795681131,174.6393872833586
5,594.95996,841.91998,Metro,49.299363273469936,74.31751974173302,165.5012795681131,174.6393872833586
5,594.95996,841.91998,Delivery,128.05249632934246,150.1401762790379,188.85422150707348,194.4386206663902
5,594.95996,841.91998,2026,180.64421000302096,195.02193802321582,187.83887620537973,193.42327536469645
5,594.95996,841.91998,2027,258.4133142046415,272.6008236208634,187.83887620537973,193.42327536469645
5,594.95996,841.91998,2028,361.85161681471203,376.288679078348,187.83887620537973,193.42327536469645
5,594.95996,841.91998,2029,465.4564969749785,479.8256738836186,187.83887620537973,193.42327536469645
5,594.95996,841.91998,2030,543.0986830138872,557.5223011352873,187.83887620537973,193.42327536469645
5,594.95996,841.91998,Project,21.322251335572822,40.592594642284254,193.42327536469622,199.00767452401294
5,594.95996,841.91998,$,102.70059332767178,106.44510762624792,193.42327536469622,199.00767452401294
5,594.95996,841.91998,type,133.05782883292358,145.134779430901,197.99232922231897,203.5767283816357
5,594.95996,841.91998,Q3,171.64888522082617,178.64373975749797,200.02301982570702,205.09974633417676
5,594.95996,841.91998,Q4,197.03251776317478,204.01785343726243,200.02301982570702,205.09974633417676
5,594.95996,841.91998,Q1,224.12161057859916,229.98229263837126,200.02301982570702,205.09974633417676
5,594.95996,841.91998,Q2,249.27520648939597,256.09721434631086,200.02301982570702,205.09974633417676
5,594.95996,841.91998,Q3,274.8333515054732,281.82820604214504,200.02301982570702,205.09974633417676
5,594.95996,841.91998,Q4,300.4708203732453,307.4561560473329,200.02301982570702,205.09974633417676
5,594.95996,841.91998,Q1,327.68683135138144,333.54751341115355,200.02301982570702,205.09974633417676
5,594.95996,841.91998,Q2,352.84042726217825,359.6624351190931,200.02301982570702,205.09974633417676
5,594.95996,841.91998,Q3,378.39857227825553,385.3934268149273,200.02301982570702,205.09974633417676
5,594.95996,841.91998,Q4,404.0360411460276,411.0213768201152,200.02301982570702,205.09974633417676
5,594.95996,841.91998,Q1,431.25205212416375,437.1127341839358,200.02301982570702,205.09974633417676
5,594.95996,841.91998,Q2,456.40564803496056,463.2276558918754,200.02301982570702,205.09974633417676
5,594.95996,841.91998,Q3,481.9637930510378,488.9586475877096,200.02301982570702,205.09974633417676
5,594.95996,841.91998,Q4,507.6012619188099,514.5865975928975,200.02301982570702,205.09974633417676
5,594.95996,841.91998,Q1,534.6903547342342,540.5510367940063,200.02301982570702,205.09974633417676
5,594.95996,841.91998,Q2,559.5901143196077,566.4121221765225,200.02301982570702,205.09974633417676
5,594.95996,841.91998,Sydney,26.398977844042545,50.58350566021054,242.66752249685294,249.7749396087105
5,594.95996,841.91998,Metro,51.960562342329276,71.21054758735822,242.66752249685294,249.7749396087105
5,594.95996,841.91998,July,513.1935909249328,525.6557653835494,242.66752249685294,249.7749396087105
5,594.95996,841.91998,2026,527.0328220656681,544.1412496999836,242.66752249685294,249.7749396087105
5,594.95996,841.91998,Data,545.5494027277924,560.6664166946919,242.66752249685294,249.7749396087105
5,594.95996,841.91998,Set,562.0745673581433,573.2971780243953,242.66752249685294,249.7749396087105
5,594.95996,841.91998,Sydney,21.322251335572822,42.05186098096245,260.9437379273436,267.0358097375073
5,594.95996,841.91998,Metro,43.23220407716317,59.73220584794839,260.9437379273436,267.0358097375073
5,594.95996,841.91998,-,60.32238850775294,62.64765625980549,260.9437379273436,267.0358097375073
5,594.95996,841.91998,Western,62.86849823743254,85.9445142789638,260.9437379273436,267.0358097375073
5,594.95996,841.91998,Sydney,21.322251335572822,42.05186098096245,268.558827690048,274.6508995002117
5,594.95996,841.91998,Airport,43.23220407716317,62.71197652005723,268.558827690048,274.6508995002117
5,594.95996,841.91998,-,63.33642372419401,65.66169147624656,268.558827690048,274.6508995002117
5,594.95996,841.91998,TBA,99.00410183869226,110.14427476398623,272.11253624597714,277.69693540529386
5,594.95996,841.91998,TBA,133.60516594798122,144.59874544887325,272.11253624597714,277.69693540529386
5,594.95996,841.91998,Northern,21.322251335572822,46.24168708384034,275.66624480190603,281.75831661206973
5,594.95996,841.91998,Extension,47.44868511700817,74.55023174112674,275.66624480190603,281.75831661206973
5,594.95996,841.91998,Final,21.322251335572822,34.866066973286166,282.7736619137636,288.8657337239273
5,594.95996,841.91998,Business,36.07306375261932,60.79279624248187,282.7736619137636,288.8657337239273
5,594.95996,841.91998,Case,61.97313792474571,75.74351407023585,282.7736619137636,288.8657337239273
5,594.95996,841.91998,Sydney,26.398977844042545,50.58350566021054,320.84911072728653,327.9565278391441
5,594.95996,841.91998,Metro,51.960562342329276,71.21054758735822,320.84911072728653,327.9565278391441
5,594.95996,841.91998,West,72.42768082824227,88.88156010685901,320.84911072728653,327.9565278391441
5,594.95996,841.91998,July,513.1935909249328,525.6557653835494,320.84911072728653,327.9565278391441
5,594.95996,841.91998,2026,527.0328220656681,544.1412496999836,320.84911072728653,327.9565278391441
5,594.95996,841.91998,Data,545.5494027277924,560.6664166946919,320.84911072728653,327.9565278391441
5,594.95996,841.91998,Set,562.0745673581433,573.2971780243953,320.84911072728653,327.9565278391441
5,594.95996,841.91998,Sydney,21.322251335572822,42.05186098096245,342.67903471370624,348.7711065238699
5,594.95996,841.91998,Metro,43.23220407716317,59.73220584794839,342.67903471370624,348.7711065238699
5,594.95996,841.91998,West,60.77547955597379,74.87882236245404,342.67903471370624,348.7711065238699
5,594.95996,841.91998,-,75.50326956659084,77.8285373186434,342.67903471370624,348.7711065238699
5,594.95996,841.91998,Parramatta,21.322251335572822,52.079614506777226,350.2941244764107,356.3861962865743
5,594.95996,841.91998,Integrated,53.286610718362276,81.97666055321018,350.2941244764107,356.3861962865743
5,594.95996,841.91998,$$$$$,95.22035157448518,113.94291322860136,350.29412447641073,355.87852363572745
5,594.95996,841.91998,D&C,133.26407084733015,144.93720285529238,350.29412447641073,355.87852363572745
5,594.95996,841.91998,Station,21.322251335572822,41.21858167149478,357.40154158826823,363.4936133984319
5,594.95996,841.91998,Sydney,21.322251335572822,42.05186098096245,374.1547390662186,380.24681087638226
5,594.95996,841.91998,Metro,43.23220407716317,59.73220584794839,374.1547390662186,380.24681087638226
5,594.95996,841.91998,West,60.77547955597379,74.87882236245404,374.1547390662186,380.24681087638226
5,594.95996,841.91998,-,75.50326956659084,77.8285373186434,374.1547390662186,380.24681087638226
5,594.95996,841.91998,Pyrmont,21.322251335572822,44.951513350651425,381.76982882892304,387.8619006390867
5,594.95996,841.91998,Integrated,46.15851056580377,74.84856040065166,381.76982882892304,387.8619006390867
5,594.95996,841.91998,$$$$$,95.22035157448518,113.94291322860136,381.7698288289231,387.3542279882398
5,594.95996,841.91998,D&C,133.26407084733015,144.93720285529238,381.7698288289231,387.3542279882398
5,594.95996,841.91998,Station,21.322251335572822,41.21858167149478,388.8772459407806,394.96931775094424
5,594.95996,841.91998,Sydney,21.322251335572822,42.05186098096245,405.6304434187305,411.72251522889417
5,594.95996,841.91998,Metro,43.23220407716317,59.73220584794839,405.6304434187305,411.72251522889417
5,594.95996,841.91998,West,60.77547955597379,74.87882236245404,405.6304434187305,411.72251522889417
5,594.95996,841.91998,-,75.50326956659084,77.8285373186434,405.6304434187305,411.72251522889417
5,594.95996,841.91998,Sydney,21.322251335572822,42.05186098096245,413.2455331814354,419.33760499159905
5,594.95996,841.91998,Olympic,43.23220407716317,65.84770364834279,413.2455331814354,419.33760499159905
5,594.95996,841.91998,Park,67.02043561422386,79.7517292072067,413.2455331814354,419.33760499159905
5,594.95996,841.91998,$$$$$,95.22035157448518,113.94291322860136,413.24553318143546,418.8299323407522
5,594.95996,841.91998,D&C,133.26407084733015,144.93720285529238,413.24553318143546,418.8299323407522
5,594.95996,841.91998,Integrated,21.322251335572822,50.01230117042072,420.35295029329296,426.4450221034566
5,594.95996,841.91998,Station,51.219294782320745,71.1156251182427,420.35295029329296,426.4450221034566
5,594.95996,841.91998,Greater,16.245524827103104,48.191096102927105,456.9053811542748,466.0434888695203
5,594.95996,841.91998,Sydney,49.958758312774584,81.2934818413063,456.9053811542748,466.0434888695203
5,594.95996,841.91998,Roads,83.01259675914139,108.93100119989109,456.9053811542748,466.0434888695203
5,594.95996,841.91998,Delivery,128.05249632934246,150.1401762790379,480.2583230932356,485.84272225255233
5,594.95996,841.91998,2026,180.64421000302096,195.02193802321582,479.2429777915414,484.82737695085814
5,594.95996,841.91998,2027,258.4133142046415,272.6008236208634,479.2429777915414,484.82737695085814
5,594.95996,841.91998,2028,361.85161681471203,376.288679078348,479.2429777915414,484.82737695085814
5,594.95996,841.91998,2029,465.4564969749785,479.8256738836186,479.2429777915414,484.82737695085814
5,594.95996,841.91998,2030,543.0986830138872,557.5223011352873,479.2429777915414,484.82737695085814
5,594.95996,841.91998,Project,21.322251335572822,40.592594642284254,484.82737695085837,490.4117761101751
5,594.95996,841.91998,$,102.70059332767178,106.44510762624792,484.82737695085837,490.4117761101751
5,594.95996,841.91998,type,133.05782883292358,145.134779430901,489.3964308084811,494.98082996779783
5,594.95996,841.91998,Q3,171.64888522082617,178.64373975749797,491.42712141186917,496.5038479203389
5,594.95996,841.91998,Q4,197.03251776317478,204.01785343726243,491.42712141186917,496.5038479203389
5,594.95996,841.91998,Q1,224.12161057859916,229.98229263837126,491.42712141186917,496.5038479203389
5,594.95996,841.91998,Q2,249.27520648939597,256.09721434631086,491.42712141186917,496.5038479203389
5,594.95996,841.91998,Q3,274.8333515054732,281.82820604214504,491.42712141186917,496.5038479203389
5,594.95996,841.91998,Q4,300.4708203732453,307.4561560473329,491.42712141186917,496.5038479203389
5,594.95996,841.91998,Q1,327.68683135138144,333.54751341115355,491.42712141186917,496.5038479203389
5,594.95996,841.91998,Q2,352.84042726217825,359.6624351190931,491.42712141186917,496.5038479203389
5,594.95996,841.91998,Q3,378.39857227825553,385.3934268149273,491.42712141186917,496.5038479203389
5,594.95996,841.91998,Q4,404.0360411460276,411.0213768201152,491.42712141186917,496.5038479203389
5,594.95996,841.91998,Q1,431.25205212416375,437.1127341839358,491.42712141186917,496.5038479203389
5,594.95996,841.91998,Q2,456.40564803496056,463.2276558918754,491.42712141186917,496.5038479203389
5,594.95996,841.91998,Q3,481.9637930510378,488.9586475877096,491.42712141186917,496.5038479203389
5,594.95996,841.91998,Q4,507.6012619188099,514.5865975928975,491.42712141186917,496.5038479203389
5,594.95996,841.91998,Q1,534.6903547342342,540.5510367940063,491.42712141186917,496.5038479203389
5,594.95996,841.91998,Q2,559.5901143196077,566.4121221765225,491.42712141186917,496.5038479203389
5,594.95996,841.91998,Central,26.398977844042545,50.20525032763364,534.0716240830145,541.1790411948722
5,594.95996,841.91998,River,51.613396492119385,68.04506925519506,534.0716240830145,541.1790411948722
5,594.95996,841.91998,City,69.45322229941053,82.44912855064572,534.0716240830145,541.1790411948722
5,594.95996,841.91998,July,513.1935909249328,525.6557653835494,534.0716240830145,541.1790411948722
5,594.95996,841.91998,2026,527.0328220656681,544.1412496999836,534.0716240830145,541.1790411948722
5,594.95996,841.91998,Data,545.5494027277924,560.6664166946919,534.0716240830145,541.1790411948722
5,594.95996,841.91998,Set,562.0745673581433,573.2971780243953,534.0716240830145,541.1790411948722
5,594.95996,841.91998,Appin,21.322251335572822,37.59721542908582,559.9629292762102,566.0550010863739
5,594.95996,841.91998,Road,38.80421346225365,52.95896543389483,559.9629292762102,566.0550010863739
5,594.95996,841.91998,Safety,54.16595904579486,72.39268429245587,559.9629292762102,566.0550010863739
5,594.95996,841.91998,$$$,98.95650752767537,110.19004550402153,563.5166378321388,569.1010369914555
5,594.95996,841.91998,CO,135.12818390052212,143.0712864574178,563.5166378321388,569.1010369914555
5,594.95996,841.91998,Improvements,21.322251335572822,60.70334005695234,567.0703463880677,573.1624181982314
5,594.95996,841.91998,Appin,21.322251335572822,37.59721542908582,591.4386336287225,597.5307054388862
5,594.95996,841.91998,Town,38.80421346225365,53.3716929379956,591.4386336287225,597.5307054388862
5,594.95996,841.91998,Centre,54.578690971163425,73.35542471285127,591.4386336287225,597.5307054388862
5,594.95996,841.91998,By-,74.52815941408782,83.97506677807874,591.4386336287225,597.5307054388862
5,594.95996,841.91998,$$$$,97.0923944744834,112.07044428971456,594.9923421846512,600.5767413439679
5,594.95996,841.91998,TBA,133.60516594798122,144.59874544887325,594.9923421846512,600.5767413439679
5,594.95996,841.91998,Pass,21.322251335572822,34.37700092960376,598.5460507405801,604.6381225507438
5,594.95996,841.91998,Australia,21.322251335572822,46.178857256696425,622.9143379812349,629.0064097913986
5,594.95996,841.91998,Avenue,47.38585346828148,67.81353034469221,622.9143379812349,629.0064097913986
5,594.95996,841.91998,$$$,98.95650752767537,110.19004550402153,626.4680465371636,632.0524456964803
5,594.95996,841.91998,D&C,133.26407084733015,144.93720285529238,626.4680465371636,632.0524456964803
5,594.95996,841.91998,intersection,21.322251335572822,53.89617539182108,630.0217550930925,636.1138269032562
5,594.95996,841.91998,upgrade,55.10317342498891,78.22086613910268,630.0217550930925,636.1138269032562
5,594.95996,841.91998,Henry,21.322251335572822,38.264116094502164,654.3900423337468,660.4821141439105
5,594.95996,841.91998,Lawson,39.44445919070288,60.36769255465524,654.3900423337468,660.4821141439105
5,594.95996,841.91998,Drive,61.57469058782307,75.80882463374937,654.3900423337468,660.4821141439105
5,594.95996,841.91998,$$$,98.95650752767537,110.19004550402153,657.9437508896759,663.5281500489926
5,594.95996,841.91998,CO,135.12818390052212,143.0712864574178,657.9437508896759,663.5281500489926
5,594.95996,841.91998,Stage,21.322251335572822,37.80530948114291,661.4974594456044,667.5895312557681
5,594.95996,841.91998,1B,38.97804418237947,45.47695339350852,661.4974594456044,667.5895312557681
5,594.95996,841.91998,Hume,21.322251335572822,38.01243459212565,689.4194552421882,695.5115270523519
5,594.95996,841.91998,Motorway,39.18516929336221,66.61435209905775,689.4194552421882,695.5115270523519
5,594.95996,841.91998,$$$$$,95.22035157448518,113.94291322860136,689.4194552421878,695.0038544015046
5,594.95996,841.91998,TBA,133.60516594798122,144.59874544887325,689.4194552421878,695.0038544015046
5,594.95996,841.91998,James,21.322251335572822,38.50132988984147,717.3414510387715,723.4335228489352
5,594.95996,841.91998,Ruse,39.681671572105316,53.56817504427713,717.3414510387715,723.4335228489352
5,594.95996,841.91998,$$$$,97.0923944744834,112.07044428971456,720.8951595947002,726.4795587540169
5,594.95996,841.91998,TBA,133.60516594798122,144.59874544887325,720.8951595947002,726.4795587540169
5,594.95996,841.91998,Drive/Hassall,21.322251335572822,58.09534432201989,724.4488681506291,730.5409399607928
5,594.95996,841.91998,Street,59.30234110135304,76.7153941235703,724.4488681506291,730.5409399607928
5,594.95996,841.91998,Menangle,21.322251335572822,48.78875027057847,752.3708639472125,758.4629357573762
5,594.95996,841.91998,Road,49.961484971815025,64.11623694345622,752.3708639472125,758.4629357573762
5,594.95996,841.91998,$$$$$$,93.34830867448697,115.81538216748817,752.3708639472126,757.9552631065293
5,594.95996,841.91998,TBA,133.60516594798122,144.59874544887325,752.3708639472126,757.9552631065293
5,594.95996,841.91998,Spring,21.322251335572822,39.81207155672003,780.2928597437958,786.3849315539595
5,594.95996,841.91998,Farm,41.01906861487715,55.36894737789764,780.2928597437958,786.3849315539595
5,594.95996,841.91998,Parkway,56.57594772601722,80.30230247577444,780.2928597437958,786.3849315539595
5,594.95996,841.91998,$$$$$,95.22035157448518,113.94291322860136,783.8465682997249,789.4309674590417
5,594.95996,841.91998,TBA,133.60516594798122,144.59874544887325,783.8465682997249,789.4309674590417
5,594.95996,841.91998,Stage,21.322251335572822,37.80530948114291,787.4002768556538,793.4923486658175
5,594.95996,841.91998,2,38.97804418237947,42.674218523799176,787.4002768556538,793.4923486658175
5,594.95996,841.91998,Stacey,21.322251335572822,40.527704267898415,815.3222726522372,821.4143444624009
5,594.95996,841.91998,Street,41.70804736409913,59.1211003863164,815.3222726522372,821.4143444624009
5,594.95996,841.91998,Upgrade,60.32809760146875,84.15704020709178,815.3222726522372,821.4143444624009
5,594.95996,841.91998,$$$$$,95.22035157448518,113.94291322860136,815.3222726522373,820.906671811554
5,594.95996,841.91998,TBA,133.60516594798122,144.59874544887325,815.3222726522373,820.906671811554
6,594.95996,841.91998,Eastern,26.398977844042545,51.149872844816656,29.44518798911656,36.55260510097412
6,594.95996,841.91998,Harbour,52.558024313499246,79.2112648376821,29.44518798911656,36.55260510097412
6,594.95996,841.91998,City,80.61941788189756,93.61532413313276,29.44518798911656,36.55260510097412
6,594.95996,841.91998,July,513.1935909249328,525.6557653835494,29.44518798911656,36.55260510097412
6,594.95996,841.91998,2026,527.0328220656681,544.1412496999836,29.44518798911656,36.55260510097412
6,594.95996,841.91998,Data,545.5494027277924,560.6664166946919,29.44518798911656,36.55260510097412
6,594.95996,841.91998,Set,562.0745673581433,573.2971780243953,29.44518798911656,36.55260510097412
6,594.95996,841.91998,Extend,21.322251335572822,40.81518092626633,44.16769486367866,50.259766673842364
6,594.95996,841.91998,northbound,42.022174538166354,74.12092684658701,44.16769486367866,50.259766673842364
6,594.95996,841.91998,overtaking,21.322251335572822,50.61541461022411,51.275111975536674,57.36718378570038
6,594.95996,841.91998,lane,51.82241166838123,63.715283625331686,51.275111975536674,57.36718378570038
6,594.95996,841.91998,on,64.81947759427918,71.7002821636749,51.275111975536674,57.36718378570038
6,594.95996,841.91998,the,72.90728019684272,82.08632362579854,51.275111975536674,57.36718378570038
6,594.95996,841.91998,approach,21.322251335572822,47.17035667223959,58.89020173824156,64.98227354840526
6,594.95996,841.91998,to,48.37735516241942,54.044887075169,58.89020173824156,64.98227354840526
6,594.95996,841.91998,New,55.2176197459891,67.74025876438606,58.89020173824156,64.98227354840526
6,594.95996,841.91998,$$$,98.95650752767537,110.19004550402153,58.89020173824167,64.47460089755839
6,594.95996,841.91998,CD&C,131.3365037895088,146.8548362823546,58.89020173824167,64.47460089755839
6,594.95996,841.91998,Illawarra,21.322251335572822,45.25078362511538,65.99761885009866,72.08969066026236
6,594.95996,841.91998,Road,46.45777983670044,60.61253180834162,65.99761885009866,72.08969066026236
6,594.95996,841.91998,by,61.819525420241646,68.60476111136059,65.99761885009866,72.08969066026236
6,594.95996,841.91998,approx,21.322251335572822,40.49134105348037,73.61270861280354,79.70478042296725
6,594.95996,841.91998,800m,41.698341119920315,58.13172595672324,73.61270861280354,79.70478042296725
6,594.95996,841.91998,Glebe,21.322251335572822,37.66042732168095,90.36590609075392,96.45797790091763
6,594.95996,841.91998,Island,38.833162022917506,55.55191030090927,90.36590609075392,96.45797790091763
6,594.95996,841.91998,Bridge,56.758903912809295,75.02846069522646,90.36590609075392,96.45797790091763
6,594.95996,841.91998,$$$,98.95650752767537,110.19004550402153,90.36590609075313,95.95030525006985
6,594.95996,841.91998,TBA,133.60516594798122,144.59874544887325,90.36590609075313,95.95030525006985
6,594.95996,841.91998,Heathcote,21.322251335572822,50.04714111243309,114.2265206805614,120.31859249072511
6,594.95996,841.91998,"Road,",51.219875813669645,66.78227506302382,114.2265206805614,120.31859249072511
6,594.95996,841.91998,The,67.9550085218483,78.37093077328629,114.2265206805614,120.31859249072511
6,594.95996,841.91998,Avenue,21.322251335572822,41.74992821198356,121.84161044326538,127.93368225342908
6,594.95996,841.91998,to,42.922662913220115,48.59019482596969,121.84161044326538,127.93368225342908
6,594.95996,841.91998,Princes,49.76292749678979,70.33413874928202,121.84161044326538,127.93368225342908
6,594.95996,841.91998,$$$$$$,93.34830867448697,115.81538216748817,121.8416104432655,127.42600960258221
6,594.95996,841.91998,TBA,133.60516594798122,144.59874544887325,121.8416104432655,127.42600960258221
6,594.95996,841.91998,Highway,21.322251335572822,45.29952192229501,128.9490275551234,135.0410993652871
6,594.95996,841.91998,Mona,21.322251335572822,36.73044143643425,142.14851647714477,148.24058828730847
6,594.95996,841.91998,Vale,37.8079786852246,49.895596917075856,142.14851647714477,148.24058828730847
6,594.95996,841.91998,Road,51.06833161831241,65.2230835899536,142.14851647714477,148.24058828730847
6,594.95996,841.91998,West,66.3006182390589,80.40396104553916,142.14851647714477,148.24058828730847
6,594.95996,841.91998,"upgrade,",21.322251335572822,45.84759504087271,149.76360623984965,155.85567805001335
6,594.95996,841.91998,McCarrs,47.020328499697214,70.51288841125641,149.76360623984965,155.85567805001335
6,594.95996,841.91998,$$$$,97.0923944744834,112.07044428971456,153.31731479577786,158.90171395509458
6,594.95996,841.91998,D&C,133.26407084733015,144.93720285529238,153.31731479577786,158.90171395509458
6,594.95996,841.91998,Creek,21.322251335572822,37.84376867903547,156.87102335170675,162.96309516187046
6,594.95996,841.91998,Road,39.050768035776976,53.205520007418166,156.87102335170675,162.96309516187046
6,594.95996,841.91998,to,54.41251361931819,60.08004553206776,156.87102335170675,162.96309516187046
6,594.95996,841.91998,Powder,61.25277820288786,82.12193550024084,156.87102335170675,162.96309516187046
6,594.95996,841.91998,Works,21.322251335572822,38.736830348298,163.97844046356477,170.07051227372847
6,594.95996,841.91998,Road,39.917172030561844,54.071924002203026,163.97844046356477,170.07051227372847
7,594.95996,841.91998,Western,26.398977844042545,53.32096823948963,29.445270837113526,36.552687948971084
7,594.95996,841.91998,Parkland,54.72911970817221,83.53279340792186,29.445270837113526,36.552687948971084
7,594.95996,841.91998,City,84.94094106379119,97.9368473150264,29.445270837113526,36.552687948971084
7,594.95996,841.91998,July,513.1935909249328,525.6557653835494,29.445270837113526,36.552687948971084
7,594.95996,841.91998,2026,527.0328220656681,544.1412496999836,29.445270837113526,36.552687948971084
7,594.95996,841.91998,Data,545.5494027277924,560.6664166946919,29.445270837113526,36.552687948971084
7,594.95996,841.91998,Set,562.0745673581433,573.2971780243953,29.445270837113526,36.552687948971084
7,594.95996,841.91998,Airport,21.322251335572822,40.80202377846688,51.27519482353273,57.36726663369643
7,594.95996,841.91998,Precinct,42.00902099361923,64.9055057153348,51.27519482353273,57.36726663369643
7,594.95996,841.91998,Safety,66.11250293048714,84.33922817714816,51.27519482353273,57.36726663369643
7,594.95996,841.91998,and,21.322251335572822,31.665259820737422,58.89028458623761,64.98235639640131
7,594.95996,841.91998,Access,32.872253432637436,52.79827671265716,58.89028458623761,64.98235639640131
7,594.95996,841.91998,Program,53.97861839492101,77.7938622388594,58.89028458623761,64.98235639640131
7,594.95996,841.91998,TBA,99.00410183869226,110.14427476398623,58.890284586237726,64.47468374555444
7,594.95996,841.91998,TBA,133.60516594798122,144.59874544887325,58.890284586237726,64.47468374555444
7,594.95996,841.91998,(APSAP),21.322251335572822,44.98006250574623,65.99770169809563,72.08977350825933
7,594.95996,841.91998,Appin,21.322251335572822,37.59721542908582,82.7508991760451,88.8429709862088
7,594.95996,841.91998,Road,38.80421346225365,52.95896543389483,82.7508991760451,88.8429709862088
7,594.95996,841.91998,and,54.16595904579486,64.50896753095945,82.7508991760451,88.8429709862088
7,594.95996,841.91998,St,65.71596114285947,72.01592845235449,82.7508991760451,88.8429709862088
7,594.95996,841.91998,Johns,21.322251335572822,36.851711374599184,90.36598893874998,96.45806074891368
7,594.95996,841.91998,Road,38.03205305686303,52.18680502850422,90.36598893874998,96.45806074891368
7,594.95996,841.91998,Intersection,53.39379864040424,86.16001335894116,90.36598893874998,96.45806074891368
7,594.95996,841.91998,$,102.70059332767178,106.44510762624792,90.36598893875009,95.95038809806681
7,594.95996,841.91998,CO,135.12818390052212,143.0712864574178,90.36598893875009,95.95038809806681
7,594.95996,841.91998,Upgrade,21.322251335572822,45.15119394119586,97.47340605060708,103.56547786077078
7,594.95996,841.91998,Bandon,21.322251335572822,42.40939224694849,114.22660352855746,120.31867533872116
7,594.95996,841.91998,Road,43.61639028011632,57.77114225175751,114.22660352855746,120.31867533872116
7,594.95996,841.91998,Upgrade,58.978135863657535,82.80707846928057,114.22660352855746,120.31867533872116
7,594.95996,841.91998,&,21.322251335572822,25.762229599316854,121.84169329126235,127.93376510142605
7,594.95996,841.91998,"Extension,",26.96922647966924,55.47842480276859,121.84169329126235,127.93376510142605
7,594.95996,841.91998,Windsor,56.521699298798396,79.38809791775657,121.84169329126235,127.93376510142605
7,594.95996,841.91998,$$$$$,95.22035157448518,113.94291322860136,121.84169329126246,127.42609245057918
7,594.95996,841.91998,TBA,133.60516594798122,144.59874544887325,121.84169329126246,127.42609245057918
7,594.95996,841.91998,Road,21.322251335572822,35.477003307214005,128.94911040311945,135.04118221328315
7,594.95996,841.91998,to,36.68399691911403,42.351528831863604,128.94911040311945,135.04118221328315
7,594.95996,841.91998,Richmond,43.52426150268371,71.12650556301139,128.94911040311945,135.04118221328315
7,594.95996,841.91998,Road,72.33349917491141,86.4882511465526,128.94911040311945,135.04118221328315
7,594.95996,841.91998,Bradfield,21.322251335572822,46.6188128339176,142.14859932514082,148.24067113530452
7,594.95996,841.91998,Metro,47.825806445817626,64.32580821660287,142.14859932514082,148.24067113530452
7,594.95996,841.91998,Link,65.49854088742295,77.21682863582144,142.14859932514082,148.24067113530452
7,594.95996,841.91998,Road,21.322251335572822,35.477003307214005,149.7636890878457,155.8557608980094
7,594.95996,841.91998,-,36.10144690809847,38.42671466015102,149.7636890878457,155.8557608980094
7,594.95996,841.91998,Badgerys,38.777015600572774,65.08506873756366,149.7636890878457,155.8557608980094
7,594.95996,841.91998,Creek,66.2654104198275,82.78692776329017,149.7636890878457,155.8557608980094
7,594.95996,841.91998,$$$$$,95.22035157448518,113.94291322860136,153.31739764377392,158.90179680309063
7,594.95996,841.91998,CD&C,131.3365037895088,146.8548362823546,153.31739764377392,158.90179680309063
7,594.95996,841.91998,Road,21.322251335572822,35.477003307214005,156.8711061997028,162.9631780098665
7,594.95996,841.91998,to,36.68399691911403,42.351528831863604,156.8711061997028,162.9631780098665
7,594.95996,841.91998,Proposed,43.52426150268371,69.74531002686581,156.8711061997028,162.9631780098665
7,594.95996,841.91998,Eastern,21.322251335572822,42.53733291314631,163.97852331156082,170.07059512172452
7,594.95996,841.91998,Ring,43.744330946314136,56.41508042682516,163.97852331156082,170.07059512172452
7,594.95996,841.91998,Road,57.622077484982285,71.77682945662347,163.97852331156082,170.07059512172452
7,594.95996,841.91998,Burdekin,21.322251335572822,46.2386349050962,181.23939344035807,187.33146525052177
7,594.95996,841.91998,Road,47.445632938264026,61.60038490990521,181.23939344035807,187.33146525052177
7,594.95996,841.91998,and,62.807378521805234,73.15038700696982,181.23939344035807,187.33146525052177
7,594.95996,841.91998,$$$$$,95.22035157448518,113.94291322860136,184.79310199628628,190.377501155603
7,594.95996,841.91998,TBA,133.60516594798122,144.59874544887325,184.79310199628628,190.377501155603
7,594.95996,841.91998,Townson,21.322251335572822,45.61363433251556,188.34681055221517,194.43888236237888
7,594.95996,841.91998,Road,46.82063236568339,60.97538433732458,188.34681055221517,194.43888236237888
7,594.95996,841.91998,Upgrade,62.1823779492246,86.01132055484763,188.34681055221517,194.43888236237888
7,594.95996,841.91998,Cambridge,21.322251335572822,51.674294808271796,212.71509779287044,218.80716960303414
7,594.95996,841.91998,Avenue,52.84702950950835,73.27470638591907,212.71509779287044,218.80716960303414
7,594.95996,841.91998,$$$$,97.0923944744834,112.07044428971456,216.26880634879865,221.85320550811537
7,594.95996,841.91998,CD&C,131.3365037895088,146.8548362823546,216.26880634879865,221.85320550811537
7,594.95996,841.91998,upgrade,21.322251335572822,44.4399440496866,219.82251490472754,225.91458671489124
7,594.95996,841.91998,Camden,21.322251335572822,44.27756962584863,247.7445107013109,253.8365825114746
7,594.95996,841.91998,Valley,45.35510869622175,62.24899955729316,247.7445107013109,253.8365825114746
7,594.95996,841.91998,Way,63.29988369069917,75.20151553275954,247.7445107013109,253.8365825114746
7,594.95996,841.91998,$$$$$,95.22035157448518,113.94291322860136,247.74451070131101,253.32890986062773
7,594.95996,841.91998,TBA,133.60516594798122,144.59874544887325,247.74451070131101,253.32890986062773
7,594.95996,841.91998,Campbelltown,21.322251335572822,61.150333861922604,279.22021505382327,285.31228686398697
7,594.95996,841.91998,Road,62.35733189509043,76.51208386673163,279.22021505382327,285.31228686398697
7,594.95996,841.91998,$$$$$,95.22035157448518,113.94291322860136,279.2202150538234,284.8046142131401
7,594.95996,841.91998,TBA,133.60516594798122,144.59874544887325,279.2202150538234,284.8046142131401
7,594.95996,841.91998,Cowpasture,21.322251335572822,54.50064862395579,310.69591940633563,316.78799121649934
7,594.95996,841.91998,Road,55.67338332519235,69.82813529683354,310.69591940633563,316.78799121649934
7,594.95996,841.91998,$$$$$,95.22035157448518,113.94291322860136,310.69591940633575,316.28031856565246
7,594.95996,841.91998,TBA,133.60516594798122,144.59874544887325,310.69591940633575,316.28031856565246
7,594.95996,841.91998,Devonshire,21.322251335572822,51.96919520063708,334.5565339961432,340.6486058063068
7,594.95996,841.91998,Link,53.14192990187364,64.86021765027213,334.5565339961432,340.6486058063068
7,594.95996,841.91998,Road,66.06721700701364,80.22196897865484,334.5565339961432,340.6486058063068
7,594.95996,841.91998,-,80.84641257953929,83.17168033159184,334.5565339961432,340.6486058063068
7,594.95996,841.91998,Mamre,21.322251335572822,40.82088629635555,342.17162375884806,348.2636955690117
7,594.95996,841.91998,Road,41.99362099759211,56.1483729692333,342.17162375884806,348.2636955690117
7,594.95996,841.91998,Stage,57.355366581133325,73.83842472670342,342.17162375884806,348.2636955690117
7,594.95996,841.91998,2,75.01115942793997,78.70733376935968,342.17162375884806,348.2636955690117
7,594.95996,841.91998,to,79.9143340301037,85.58186594285328,342.17162375884806,348.2636955690117
7,594.95996,841.91998,$$$$$,95.22035157448518,113.94291322860136,342.1716237588481,347.75602291816483
7,594.95996,841.91998,TBA,133.60516594798122,144.59874544887325,342.1716237588481,347.75602291816483
7,594.95996,841.91998,Elizabeth,21.322251335572822,46.81299650136437,349.27904087070516,355.3711126808688
7,594.95996,841.91998,Drive,48.019994991544195,62.25412903747048,349.27904087070516,355.3711126808688
7,594.95996,841.91998,Devonshire,21.322251335572822,51.96919520063708,366.03223834865554,372.1243101588192
7,594.95996,841.91998,Road,53.14192990187364,67.29668187351483,366.03223834865554,372.1243101588192
7,594.95996,841.91998,-,67.92112547439929,70.24639322645184,366.03223834865554,372.1243101588192
7,594.95996,841.91998,Elizabeth,21.322251335572822,46.81299650136437,373.6473281113604,379.73939992152407
7,594.95996,841.91998,Drive,48.019994991544195,62.25412903747048,373.6473281113604,379.73939992152407
7,594.95996,841.91998,to,63.426863738707034,69.09439565145662,373.6473281113604,379.73939992152407
7,594.95996,841.91998,TBA,99.00410183869226,110.14427476398623,373.6473281113605,379.2317272706772
7,594.95996,841.91998,CD&C,131.3365037895088,146.8548362823546,373.6473281113605,379.2317272706772
7,594.95996,841.91998,Bringelly,21.322251335572822,46.02161686927346,380.7547452232175,386.84681703338117
7,594.95996,841.91998,Road,47.201959965474174,61.35671193711536,380.7547452232175,386.84681703338117
7,594.95996,841.91998,Eastern,21.322251335572822,42.53733291314631,393.9542341452389,400.04630595540254
7,594.95996,841.91998,Ring,43.744330946314136,56.41508042682516,393.9542341452389,400.04630595540254
7,594.95996,841.91998,Road,57.622077484982285,71.77682945662347,393.9542341452389,400.04630595540254
7,594.95996,841.91998,and,72.98382306852349,83.32683155368808,393.9542341452389,400.04630595540254
7,594.95996,841.91998,Badgerys,21.322251335572822,47.63030447256371,401.5693239079438,407.6613957181074
7,594.95996,841.91998,Creek,48.81064615482755,65.3321634982902,401.5693239079438,407.6613957181074
7,594.95996,841.91998,Road,66.53916285503169,80.69391482667288,401.5693239079438,407.6613957181074
7,594.95996,841.91998,$$$$$$,93.34830867448697,115.81538216748817,405.12303246387285,410.70743162318956
7,594.95996,841.91998,TBA,133.60516594798122,144.59874544887325,405.12303246387285,410.70743162318956
7,594.95996,841.91998,(South),21.322251335572822,41.48664469692663,408.6767410198009,414.76881282996453
7,594.95996,841.91998,-,42.111088468384025,44.43635622043658,408.6767410198009,414.76881282996453
7,594.95996,841.91998,Elizabeth,44.78665716085833,70.27740232664989,408.6767410198009,414.76881282996453
7,594.95996,841.91998,Drive,71.4844008168297,85.71853486275599,408.6767410198009,414.76881282996453
7,594.95996,841.91998,to,21.322251335572822,26.9897832483224,415.7841581316589,421.87622994182254
7,594.95996,841.91998,The,28.162515919142493,38.57843817058049,415.7841581316589,421.87622994182254
7,594.95996,841.91998,Northern,39.75117287181705,64.67060862008456,415.7841581316589,421.87622994182254
7,594.95996,841.91998,Road,65.8776066532524,80.03235862489359,415.7841581316589,421.87622994182254
7,594.95996,841.91998,Elizabeth,21.322251335572822,46.81299650136437,425.42993849775127,431.5220103079149
7,594.95996,841.91998,Drive,48.019994991544195,62.25412903747048,425.42993849775127,431.5220103079149
7,594.95996,841.91998,upgrade-,21.322251335572822,46.704290183412056,433.04502826045615,439.1371000706198
7,594.95996,841.91998,Stage,47.054591123833816,63.537649269403914,433.04502826045615,439.1371000706198
7,594.95996,841.91998,"1,",64.71038397064046,68.6317755712374,433.04502826045615,439.1371000706198
7,594.95996,841.91998,$$$$,97.0923944744834,112.07044428971456,436.5987368163843,442.183135975701
7,594.95996,841.91998,CD&C,131.3365037895088,146.8548362823546,436.5987368163843,442.183135975701
7,594.95996,841.91998,Devonshire,21.322251335572822,51.96919520063708,440.15244537231325,446.2445171824769
7,594.95996,841.91998,Road,53.14192990187364,67.29668187351483,440.15244537231325,446.2445171824769
7,594.95996,841.91998,to,68.50367548541485,74.17120739816443,440.15244537231325,446.2445171824769
7,594.95996,841.91998,Badgerys,21.322251335572822,47.63030447256371,447.25986248417126,453.3519342943349
7,594.95996,841.91998,Creek,48.81064615482755,65.3321634982902,447.25986248417126,453.3519342943349
7,594.95996,841.91998,Fifteenth,21.322251335572822,46.42711385948114,464.5207326129685,470.61280442313216
7,594.95996,841.91998,Avenue,47.63411234966097,68.0617892260717,464.5207326129685,470.61280442313216
7,594.95996,841.91998,$$$$$,95.22035157448518,113.94291322860136,468.07444116889667,473.6588403282134
7,594.95996,841.91998,CD&C,131.3365037895088,146.8548362823546,468.07444116889667,473.6588403282134
7,594.95996,841.91998,Upgrade,21.322251335572822,45.15119394119586,471.6281497248256,477.72022153498926
7,594.95996,841.91998,Garfield,21.322251335572822,43.653123334783935,499.550145521409,505.6422173315726
7,594.95996,841.91998,Road,44.86011694668396,59.01486891832515,499.550145521409,505.6422173315726
7,594.95996,841.91998,Central,60.221862530225174,80.62726886115591,499.550145521409,505.6422173315726
7,594.95996,841.91998,$$$$$,95.22035157448518,113.94291322860136,499.55014552140904,505.13454468072575
7,594.95996,841.91998,TBA,133.60516594798122,144.59874544887325,499.55014552140904,505.13454468072575
7,594.95996,841.91998,Garfield,21.322251335572822,43.653123334783935,527.4721413179923,533.564213128156
7,594.95996,841.91998,Road,44.86011694668396,59.01486891832515,527.4721413179923,533.564213128156
7,594.95996,841.91998,Upgrade,60.221862530225174,84.05080513584821,527.4721413179923,533.564213128156
7,594.95996,841.91998,$$$$,97.0923944744834,112.07044428971456,531.0258498739214,536.6102490332381
7,594.95996,841.91998,CD&C,131.3365037895088,146.8548362823546,531.0258498739214,536.6102490332381
7,594.95996,841.91998,East,21.322251335572822,33.56465967809531,534.5795584298503,540.671630240014
7,594.95996,841.91998,Garfield,21.322251335572822,43.653123334783935,558.9478456705046,565.0399174806684
7,594.95996,841.91998,Road,44.86011694668396,59.01486891832515,558.9478456705046,565.0399174806684
7,594.95996,841.91998,Upgrade,60.221862530225174,84.05080513584821,558.9478456705046,565.0399174806684
7,594.95996,841.91998,$$$$,97.0923944744834,112.07044428971456,562.5015542264338,568.0859533857505
7,594.95996,841.91998,TBA,133.60516594798122,144.59874544887325,562.5015542264338,568.0859533857505
7,594.95996,841.91998,West,21.322251335572822,35.42559414205307,566.0552627823627,572.1473345925264
7,594.95996,841.91998,Great,21.322251335572822,36.835916482730255,586.3621688162411,592.4542406264048
7,594.95996,841.91998,Western,37.913454735087896,60.98947077661913,586.3621688162411,592.4542406264048
7,594.95996,841.91998,Hwy,62.19646880978696,74.77640477130903,586.3621688162411,592.4542406264048
7,594.95996,841.91998,and,75.95674786750973,86.29975635267432,586.3621688162411,592.4542406264048
7,594.95996,841.91998,Parker,21.322251335572822,39.5455475732629,593.977258578946,600.0693303891097
7,594.95996,841.91998,St,40.752543569985654,47.052510879480664,593.977258578946,600.0693303891097
7,594.95996,841.91998,Intersection,48.25950809463301,81.02572281316992,593.977258578946,600.0693303891097
7,594.95996,841.91998,TBA,99.00410183869226,110.14427476398623,593.9772585789461,599.5616577382629
7,594.95996,841.91998,TBA,133.60516594798122,144.59874544887325,593.9772585789461,599.5616577382629
7,594.95996,841.91998,"upgrade,",21.322251335572822,45.84759504087271,601.084675690804,607.1767475009677
7,594.95996,841.91998,Penrith,47.020328499697214,67.04649692824293,601.084675690804,607.1767475009677
7,594.95996,841.91998,Hawkesbury-Nepean,21.322251335572822,79.34925501444229,617.8378731687535,623.9299449789172
7,594.95996,841.91998,Valley,21.322251335572822,38.21614219664423,625.4529629314584,631.5450347416221
7,594.95996,841.91998,Road,39.39648529284494,53.551237264486126,625.4529629314584,631.5450347416221
7,594.95996,841.91998,Resilience,54.75823087638615,83.02525779686461,625.4529629314584,631.5450347416221
7,594.95996,841.91998,$$$$$,95.22035157448518,113.94291322860136,625.4529629314585,631.0373620907752
7,594.95996,841.91998,TBA,133.60516594798122,144.59874544887325,625.4529629314585,631.0373620907752
7,594.95996,841.91998,Program,21.322251335572822,45.137495179511205,632.5603800433155,638.6524518534792
7,594.95996,841.91998,Mamre,21.322251335572822,40.82088629635555,653.3749587280417,659.4670305382054
7,594.95996,841.91998,Road,41.99362099759211,56.1483729692333,653.3749587280417,659.4670305382054
7,594.95996,841.91998,Upgrade,57.355366581133325,81.18430918675635,653.3749587280417,659.4670305382054
7,594.95996,841.91998,-,81.77449387697735,84.0997616290299,653.3749587280417,659.4670305382054
7,594.95996,841.91998,$$$$,97.0923944744834,112.07044428971456,656.9286672839709,662.5130664432876
7,594.95996,841.91998,CD&C,131.3365037895088,146.8548362823546,656.9286672839709,662.5130664432876
7,594.95996,841.91998,Stage,21.322251335572822,37.80530948114291,660.4823758398998,666.5744476500635
7,594.95996,841.91998,2,38.97804418237947,42.674218523799176,660.4823758398998,666.5744476500635
7,594.95996,841.91998,Mulgoa,21.322251335572822,42.233859040549284,684.8506630805541,690.9427348907178
7,594.95996,841.91998,Road,43.44085525213434,57.595607223775524,684.8506630805541,690.9427348907178
7,594.95996,841.91998,Upgrade,58.80260083567555,82.63154344129858,684.8506630805541,690.9427348907178
7,594.95996,841.91998,$$$,98.95650752767537,110.19004550402153,688.4043716364832,693.9887707958
7,594.95996,841.91998,CD&C,131.3365037895088,146.8548362823546,688.4043716364832,693.9887707958
7,594.95996,841.91998,Stage,21.322251335572822,37.80530948114291,691.9580801924112,698.0501520025749
7,594.95996,841.91998,5a,38.97804418237947,46.20514870947302,691.9580801924112,698.0501520025749
7,594.95996,841.91998,&,47.41214492105807,51.8521231848021,691.9580801924112,698.0501520025749
7,594.95996,841.91998,5b,53.05912006515449,60.55008746308027,691.9580801924112,698.0501520025749
7,594.95996,841.91998,Richmond,21.322251335572822,48.92449539590053,716.3263674330665,722.4184392432302
7,594.95996,841.91998,Road,50.13148900780055,64.28624097944174,716.3263674330665,722.4184392432302
7,594.95996,841.91998,$$$$$,95.22035157448518,113.94291322860136,719.8800759889947,725.4644751483114
7,594.95996,841.91998,TBA,133.60516594798122,144.59874544887325,719.8800759889947,725.4644751483114
7,594.95996,841.91998,Corridor,21.322251335572822,44.07404864107052,723.4337845449236,729.5258563550873
7,594.95996,841.91998,Upgrade,45.28104463779327,69.1099872434163,723.4337845449236,729.5258563550873
7,594.95996,841.91998,The,21.322251335572822,31.73817358701082,747.8020717855788,753.8941435957425
7,594.95996,841.91998,Horsley,32.91090828824738,54.224214462413784,747.8020717855788,753.8941435957425
7,594.95996,841.91998,Dr/Polding,55.4045575586145,84.81116795295453,747.8020717855788,753.8941435957425
7,594.95996,841.91998,$,102.70059332767178,106.44510762624792,751.355780341507,756.9401795008238
7,594.95996,841.91998,CO,135.12818390052212,143.0712864574178,751.355780341507,756.9401795008238
7,594.95996,841.91998,"St,",21.322251335572822,29.029869526033135,754.909488897436,761.0015607075997
7,594.95996,841.91998,Fairfield,30.20260298485764,53.0659518098944,754.909488897436,761.0015607075997
7,594.95996,841.91998,The,21.322251335572822,31.73817358701082,775.2163949313153,781.308466741479
7,594.95996,841.91998,Horsley,32.91090828824738,54.224214462413784,775.2163949313153,781.308466741479
7,594.95996,841.91998,"Drive,",55.4045575586145,71.0463425957269,775.2163949313153,781.308466741479
7,594.95996,841.91998,M7,72.2190760545514,81.24581424542282,775.2163949313153,781.308466741479
7,594.95996,841.91998,Motorway,21.322251335572822,48.75143414126837,782.8314846940193,788.923556504183
7,594.95996,841.91998,to,49.931777237469085,55.59930915021866,782.8314846940193,788.923556504183
7,594.95996,841.91998,$$$,98.95650752767537,110.19004550402153,782.8314846940194,788.4158838533361
7,594.95996,841.91998,CO,135.12818390052212,143.0712864574178,782.8314846940194,788.4158838533361
7,594.95996,841.91998,Cowpasture,21.322251335572822,54.50064862395579,789.9389018058773,796.030973616041
7,594.95996,841.91998,Road,55.67338332519235,69.82813529683354,789.9389018058773,796.030973616041
7,594.95996,841.91998,The,21.322251335572822,31.73817358701082,803.1383907278987,809.2304625380624
7,594.95996,841.91998,Northern,32.91090828824738,57.830344036514894,803.1383907278987,809.2304625380624
7,594.95996,841.91998,Road,59.03734206968272,73.19209404132391,803.1383907278987,809.2304625380624
7,594.95996,841.91998,"Upgrade,",21.322251335572822,46.558844932381966,810.7534804906027,816.8455523007664
7,594.95996,841.91998,Borrowdale,47.73157839120647,79.36638312522584,810.7534804906027,816.8455523007664
7,594.95996,841.91998,TBA,99.00410183869226,110.14427476398623,814.3071890465318,819.8915882058485
7,594.95996,841.91998,TBA,133.60516594798122,144.59874544887325,814.3071890465318,819.8915882058485
7,594.95996,841.91998,Way,21.322251335572822,33.2238831776332,817.8608976024607,823.9529694126244
7,594.95996,841.91998,to,34.40422627383391,40.071758186583494,817.8608976024607,823.9529694126244
7,594.95996,841.91998,Londonderry,41.244490857403584,76.43972674211388,817.8608976024607,823.9529694126244
7,594.95996,841.91998,Road,21.322251335572822,35.477003307214005,824.9683147143187,831.0603865244824
8,594.95996,841.91998,Werrington,21.322251335572822,52.360414449605784,8.630775000385256,14.722846810548958
8,594.95996,841.91998,Arterial,53.56741248277361,74.44265761715235,8.630775000385256,14.722846810548958
8,594.95996,841.91998,TBA,99.00410183869226,110.14427476398623,12.184483556314376,17.768882715631094
8,594.95996,841.91998,TBA,133.60516594798122,144.59874544887325,12.184483556314376,17.768882715631094
8,594.95996,841.91998,Stage,21.322251335572822,37.80530948114291,15.738192112243269,21.83026392240697
8,594.95996,841.91998,2,38.97804418237947,42.674218523799176,15.738192112243269,21.83026392240697
8,594.95996,841.91998,Western,21.322251335572822,44.39826737710407,40.10647935289762,46.198551163061325
8,594.95996,841.91998,Sydney,45.6052654102719,66.33487505566153,40.10647935289762,46.198551163061325
8,594.95996,841.91998,Heavy,67.51521815186223,84.85270286641983,40.10647935289762,46.198551163061325
8,594.95996,841.91998,$$,100.82855042767358,108.31757656513471,43.66018790882674,49.24458706814346
8,594.95996,841.91998,TBA,133.60516594798122,144.59874544887325,43.66018790882674,49.24458706814346
8,594.95996,841.91998,Vehicle,21.322251335572822,41.46816577861501,47.213896464755635,53.30596827491934
8,594.95996,841.91998,Rest,42.64090047985157,55.25245136473372,47.213896464755635,53.30596827491934
8,594.95996,841.91998,Area,56.45944857988607,69.6495532578139,47.213896464755635,53.30596827491934
8,594.95996,841.91998,Western,21.322251335572822,44.39826737710407,67.52080249863411,73.61287430879781
8,594.95996,841.91998,Sydney,45.6052654102719,66.33487505566153,67.52080249863411,73.61287430879781
8,594.95996,841.91998,International,21.322251335572822,56.27134497256729,75.135892261339,81.2279640715027
8,594.95996,841.91998,Airport,57.478341751900444,76.95811419479449,75.135892261339,81.2279640715027
8,594.95996,841.91998,$,102.70059332767178,106.44510762624792,75.13589226133911,80.72029142065583
8,594.95996,841.91998,TBA,133.60516594798122,144.59874544887325,75.13589226133911,80.72029142065583
8,594.95996,841.91998,Wayfinding,21.322251335572822,52.57228910250619,82.2433093731961,88.3353811833598
8,594.95996,841.91998,Windsor,21.322251335572822,44.18864995453101,103.05788805792236,109.14995986808606
8,594.95996,841.91998,Road,45.39564595125376,59.550397922894945,103.05788805792236,109.14995986808606
8,594.95996,841.91998,Upgrade,60.75739153479497,84.58633414041799,103.05788805792236,109.14995986808606
8,594.95996,841.91998,$$$$,97.0923944744834,112.07044428971456,106.61159661385148,112.19599577316819
8,594.95996,841.91998,CD&C,131.3365037895088,146.8548362823546,106.61159661385148,112.19599577316819
8,594.95996,841.91998,at,21.322251335572822,26.881268837371465,110.16530516977946,116.25737697994316
8,594.95996,841.91998,Rouse,28.088266052523807,45.24355518193531,110.16530516977946,116.25737697994316
8,594.95996,841.91998,Hill,46.41628988317186,55.983122100113164,110.16530516977946,116.25737697994316
8,594.95996,841.91998,Rail,16.245524827103104,32.30189985006683,150.2714445866908,159.4095523019363
8,594.95996,841.91998,Delivery,128.05249632934246,150.1401762790379,173.62438652565118,179.2087856849679
8,594.95996,841.91998,2026,180.64421000302096,195.02193802321582,172.60904122395743,178.19344038327415
8,594.95996,841.91998,2027,258.4133142046415,272.6008236208634,172.60904122395743,178.19344038327415
8,594.95996,841.91998,2028,361.85161681471203,376.288679078348,172.60904122395743,178.19344038327415
8,594.95996,841.91998,2029,465.4564969749785,479.8256738836186,172.60904122395743,178.19344038327415
8,594.95996,841.91998,2030,543.0986830138872,557.5223011352873,172.60904122395743,178.19344038327415
8,594.95996,841.91998,Project,21.322251335572822,40.592594642284254,178.19344038327392,183.77783954259064
8,594.95996,841.91998,$,102.70059332767178,106.44510762624792,178.19344038327392,183.77783954259064
8,594.95996,841.91998,type,133.05782883292358,145.134779430901,182.76249424089667,188.3468934002134
8,594.95996,841.91998,Q3,171.64888522082617,178.64373975749797,184.79318484428518,189.8699113527549
8,594.95996,841.91998,Q4,197.03251776317478,204.01785343726243,184.79318484428518,189.8699113527549
8,594.95996,841.91998,Q1,224.12161057859916,229.98229263837126,184.79318484428518,189.8699113527549
8,594.95996,841.91998,Q2,249.27520648939597,256.09721434631086,184.79318484428518,189.8699113527549
8,594.95996,841.91998,Q3,274.8333515054732,281.82820604214504,184.79318484428518,189.8699113527549
8,594.95996,841.91998,Q4,300.4708203732453,307.4561560473329,184.79318484428518,189.8699113527549
8,594.95996,841.91998,Q1,327.68683135138144,333.54751341115355,184.79318484428518,189.8699113527549
8,594.95996,841.91998,Q2,352.84042726217825,359.6624351190931,184.79318484428518,189.8699113527549
8,594.95996,841.91998,Q3,378.39857227825553,385.3934268149273,184.79318484428518,189.8699113527549
8,594.95996,841.91998,Q4,404.0360411460276,411.0213768201152,184.79318484428518,189.8699113527549
8,594.95996,841.91998,Q1,431.25205212416375,437.1127341839358,184.79318484428518,189.8699113527549
8,594.95996,841.91998,Q2,456.40564803496056,463.2276558918754,184.79318484428518,189.8699113527549
8,594.95996,841.91998,Q3,481.9637930510378,488.9586475877096,184.79318484428518,189.8699113527549
8,594.95996,841.91998,Q4,507.6012619188099,514.5865975928975,184.79318484428518,189.8699113527549
8,594.95996,841.91998,Q1,534.6903547342342,540.5510367940063,184.79318484428518,189.8699113527549
8,594.95996,841.91998,Q2,559.5901143196077,566.4121221765225,184.79318484428518,189.8699113527549
8,594.95996,841.91998,Central,26.398977844042545,50.20525032763364,227.43768751543018,234.54510462728774
8,594.95996,841.91998,River,51.613396492119385,68.04506925519506,227.43768751543018,234.54510462728774
8,594.95996,841.91998,City,69.45322229941053,82.44912855064572,227.43768751543018,234.54510462728774
8,594.95996,841.91998,July,513.1935909249328,525.6557653835494,227.43768751543018,234.54510462728774
8,594.95996,841.91998,2026,527.0328220656681,544.1412496999836,227.43768751543018,234.54510462728774
8,594.95996,841.91998,Data,545.5494027277924,560.6664166946919,227.43768751543018,234.54510462728774
8,594.95996,841.91998,Set,562.0745673581433,573.2971780243953,227.43768751543018,234.54510462728774
8,594.95996,841.91998,Epping,21.322251335572822,40.660193853209776,256.8827012645552,262.9747730747189
8,594.95996,841.91998,Bridge,41.8671909113669,60.13674769378406,256.8827012645552,262.9747730747189
8,594.95996,841.91998,Project,61.309482395020616,81.0340975900266,256.8827012645552,262.9747730747189
8,594.95996,841.91998,$$$,98.95650752767537,110.19004550402153,256.8827012645544,262.4671004238711
8,594.95996,841.91998,ITC,134.74742941238688,143.45123109603267,256.8827012645544,262.4671004238711
8,594.95996,841.91998,Rail,26.398977844042545,38.74166787367203,305.6192757458638,312.72669285772133
8,594.95996,841.91998,July,513.1935909249328,525.6557653835494,305.6192757458638,312.72669285772133
8,594.95996,841.91998,2026,527.0328220656681,544.1412496999836,305.6192757458638,312.72669285772133
8,594.95996,841.91998,Data,545.5494027277924,560.6664166946919,305.6192757458638,312.72669285772133
8,594.95996,841.91998,Set,562.0745673581433,573.2971780243953,305.6192757458638,312.72669285772133
8,594.95996,841.91998,Future,21.322251335572822,39.69080804168277,335.0642894949888,341.1563613051525
8,594.95996,841.91998,Fleet,40.86354274291933,54.97544536719825,335.0642894949888,341.1563613051525
8,594.95996,841.91998,Program,56.182442582350596,79.997686426289,335.0642894949888,341.1563613051525
8,594.95996,841.91998,$$$$$$,93.34830867448697,115.81538216748817,335.0642894949889,340.6486886543056
8,594.95996,841.91998,TBA,133.60516594798122,144.59874544887325,335.0642894949889,340.6486886543056
8,594.95996,841.91998,Regional,21.322251335572822,45.569279211500444,362.9862852915722,369.07835710173583
8,594.95996,841.91998,Overnight,46.77627599083359,73.92922899487623,362.9862852915722,369.07835710173583
8,594.95996,841.91998,$$$$,97.0923944744834,112.07044428971456,366.53999384750034,372.12439300681706
8,594.95996,841.91998,TBA,133.60516594798122,144.59874544887325,366.53999384750034,372.12439300681706
8,594.95996,841.91998,Sleeper,21.322251335572822,42.903425363974165,370.0937024034293,376.18577421359294
8,594.95996,841.91998,Services,44.11042136069692,67.83447680270463,370.0937024034293,376.18577421359294
8,594.95996,841.91998,Active,16.245524827103104,42.414813852092124,410.19984182034057,419.33794953558606
8,594.95996,841.91998,Transport,44.13964883671515,84.70245777003325,410.19984182034057,419.33794953558606
8,594.95996,841.91998,Delivery,128.05249632934246,150.1401762790379,433.55278375930095,439.13718291861767
8,594.95996,841.91998,2026,180.64421000302096,195.02193802321582,432.5374384576072,438.1218376169239
8,594.95996,841.91998,2027,258.4133142046415,272.6008236208634,432.5374384576072,438.1218376169239
8,594.95996,841.91998,2028,361.85161681471203,376.288679078348,432.5374384576072,438.1218376169239
8,594.95996,841.91998,2029,465.4564969749785,479.8256738836186,432.5374384576072,438.1218376169239
8,594.95996,841.91998,2030,543.0986830138872,557.5223011352873,432.5374384576072,438.1218376169239
8,594.95996,841.91998,Project,21.322251335572822,40.592594642284254,438.1218376169237,443.7062367762404
8,594.95996,841.91998,$,102.70059332767178,106.44510762624792,438.1218376169237,443.7062367762404
8,594.95996,841.91998,type,133.05782883292358,145.134779430901,442.69089147454645,448.27529063386316
8,594.95996,841.91998,Q3,171.64888522082617,178.64373975749797,444.72158207793404,449.7983085864038
8,594.95996,841.91998,Q4,197.03251776317478,204.01785343726243,444.72158207793404,449.7983085864038
8,594.95996,841.91998,Q1,224.12161057859916,229.98229263837126,444.72158207793404,449.7983085864038
8,594.95996,841.91998,Q2,249.27520648939597,256.09721434631086,444.72158207793404,449.7983085864038
8,594.95996,841.91998,Q3,274.8333515054732,281.82820604214504,444.72158207793404,449.7983085864038
8,594.95996,841.91998,Q4,300.4708203732453,307.4561560473329,444.72158207793404,449.7983085864038
8,594.95996,841.91998,Q1,327.68683135138144,333.54751341115355,444.72158207793404,449.7983085864038
8,594.95996,841.91998,Q2,352.84042726217825,359.6624351190931,444.72158207793404,449.7983085864038
8,594.95996,841.91998,Q3,378.39857227825553,385.3934268149273,444.72158207793404,449.7983085864038
8,594.95996,841.91998,Q4,404.0360411460276,411.0213768201152,444.72158207793404,449.7983085864038
8,594.95996,841.91998,Q1,431.25205212416375,437.1127341839358,444.72158207793404,449.7983085864038
8,594.95996,841.91998,Q2,456.40564803496056,463.2276558918754,444.72158207793404,449.7983085864038
8,594.95996,841.91998,Q3,481.9637930510378,488.9586475877096,444.72158207793404,449.7983085864038
8,594.95996,841.91998,Q4,507.6012619188099,514.5865975928975,444.72158207793404,449.7983085864038
8,594.95996,841.91998,Q1,534.6903547342342,540.5510367940063,444.72158207793404,449.7983085864038
8,594.95996,841.91998,Q2,559.5901143196077,566.4121221765225,444.72158207793404,449.7983085864038
8,594.95996,841.91998,Eastern,26.398977844042545,51.149872844816656,487.3660847490799,494.4735018609375
8,594.95996,841.91998,Harbour,52.558024313499246,79.2112648376821,487.3660847490799,494.4735018609375
8,594.95996,841.91998,City,80.61941788189756,93.61532413313276,487.3660847490799,494.4735018609375
8,594.95996,841.91998,July,513.1935909249328,525.6557653835494,487.3660847490799,494.4735018609375
8,594.95996,841.91998,2026,527.0328220656681,544.1412496999836,487.3660847490799,494.4735018609375
8,594.95996,841.91998,Data,545.5494027277924,560.6664166946919,487.3660847490799,494.4735018609375
8,594.95996,841.91998,Set,562.0745673581433,573.2971780243953,487.3660847490799,494.4735018609375
8,594.95996,841.91998,Oxford,21.322251335572822,40.464699618275546,505.6423001795711,511.73437198973477
8,594.95996,841.91998,Street,41.67169323017557,59.08474625239284,505.6423001795711,511.73437198973477
8,594.95996,841.91998,Revitalisation,21.322251335572822,58.36339412629788,513.257389942276,519.3494617524397
8,594.95996,841.91998,$$,100.82855042767358,108.31757656513471,516.8110984982042,522.3954976575209
8,594.95996,841.91998,TBA,133.60516594798122,144.59874544887325,516.8110984982042,522.3954976575209
8,594.95996,841.91998,(previously,21.322251335572822,51.249577740481584,520.364807054133,526.4568788642968
8,594.95996,841.91998,Oxford,52.4299208366823,71.57236911938503,520.364807054133,526.4568788642968
8,594.95996,841.91998,Street,21.322251335572822,38.73530435779009,527.4722241659911,533.5642959761548
8,594.95996,841.91998,East,39.94230157294244,52.18470991546493,527.4722241659911,533.5642959761548
8,594.95996,841.91998,Cycleway),53.39170713061728,81.31931045183924,527.4722241659911,533.5642959761548
8,594.95996,841.91998,Minor,16.245524827103104,40.413547335173874,560.4709464710444,569.6090541862899
8,594.95996,841.91998,Projects,42.18120954502135,76.60791824055532,560.4709464710444,569.6090541862899
8,594.95996,841.91998,Delivery,128.05249632934246,150.1401762790379,583.8238884100048,589.4082875693215
8,594.95996,841.91998,2026,180.64421000302096,195.02193802321582,582.808543108311,588.3929422676277
8,594.95996,841.91998,2027,258.4133142046415,272.6008236208634,582.808543108311,588.3929422676277
8,594.95996,841.91998,2028,361.85161681471203,376.288679078348,582.808543108311,588.3929422676277
8,594.95996,841.91998,2029,465.4564969749785,479.8256738836186,582.808543108311,588.3929422676277
8,594.95996,841.91998,2030,543.0986830138872,557.5223011352873,582.808543108311,588.3929422676277
8,594.95996,841.91998,Project,21.322251335572822,40.592594642284254,588.3929422676275,593.9773414269442
8,594.95996,841.91998,$,102.70059332767178,106.44510762624792,588.3929422676275,593.9773414269442
8,594.95996,841.91998,type,133.05782883292358,145.134779430901,592.9619961252503,598.546395284567
8,594.95996,841.91998,Q3,171.64888522082617,178.64373975749797,594.9926867286379,600.0694132371076
8,594.95996,841.91998,Q4,197.03251776317478,204.01785343726243,594.9926867286379,600.0694132371076
8,594.95996,841.91998,Q1,224.12161057859916,229.98229263837126,594.9926867286379,600.0694132371076
8,594.95996,841.91998,Q2,249.27520648939597,256.09721434631086,594.9926867286379,600.0694132371076
8,594.95996,841.91998,Q3,274.8333515054732,281.82820604214504,594.9926867286379,600.0694132371076
8,594.95996,841.91998,Q4,300.4708203732453,307.4561560473329,594.9926867286379,600.0694132371076
8,594.95996,841.91998,Q1,327.68683135138144,333.54751341115355,594.9926867286379,600.0694132371076
8,594.95996,841.91998,Q2,352.84042726217825,359.6624351190931,594.9926867286379,600.0694132371076
8,594.95996,841.91998,Q3,378.39857227825553,385.3934268149273,594.9926867286379,600.0694132371076
8,594.95996,841.91998,Q4,404.0360411460276,411.0213768201152,594.9926867286379,600.0694132371076
8,594.95996,841.91998,Q1,431.25205212416375,437.1127341839358,594.9926867286379,600.0694132371076
8,594.95996,841.91998,Q2,456.40564803496056,463.2276558918754,594.9926867286379,600.0694132371076
8,594.95996,841.91998,Q3,481.9637930510378,488.9586475877096,594.9926867286379,600.0694132371076
8,594.95996,841.91998,Q4,507.6012619188099,514.5865975928975,594.9926867286379,600.0694132371076
8,594.95996,841.91998,Q1,534.6903547342342,540.5510367940063,594.9926867286379,600.0694132371076
8,594.95996,841.91998,Q2,559.5901143196077,566.4121221765225,594.9926867286379,600.0694132371076
9,594.95996,841.91998,Minor,26.398977844042545,45.00974037379135,29.444956533126856,36.552373644984414
9,594.95996,841.91998,Projects,46.41789341800682,72.90898723930046,29.444956533126856,36.552373644984414
9,594.95996,841.91998,July,513.1935909249328,525.6557653835494,29.444956533126856,36.552373644984414
9,594.95996,841.91998,2026,527.0328220656681,544.1412496999836,29.444956533126856,36.552373644984414
9,594.95996,841.91998,Data,545.5494027277924,560.6664166946919,29.444956533126856,36.552373644984414
9,594.95996,841.91998,Set,562.0745673581433,573.2971780243953,29.444956533126856,36.552373644984414
9,594.95996,841.91998,Dobroyd,21.322251335572822,44.651279297425596,55.336261726322846,61.42833353648655
9,594.95996,841.91998,Parade,45.85827290932562,65.30892625562612,55.336261726322846,61.42833353648655
9,594.95996,841.91998,$,102.70059332767178,106.44510762624792,58.889970282251056,64.47436944156777
9,594.95996,841.91998,TBA,133.60516594798122,144.59874544887325,58.889970282251056,64.47436944156777
9,594.95996,841.91998,Pedestrian,21.322251335572822,51.00187735921277,62.44367883817995,68.53575064834365
9,594.95996,841.91998,Bridge,52.2088753923806,70.47843217479775,62.44367883817995,68.53575064834365
9,594.95996,841.91998,Flushcombe,21.322251335572822,55.09804084090353,75.64316776020132,81.73523957036502
9,594.95996,841.91998,Rd,56.270775542140086,63.85179569172738,75.64316776020132,81.73523957036502
9,594.95996,841.91998,/,65.05878930362739,67.24546241645493,75.64316776020132,81.73523957036502
9,594.95996,841.91998,Bungarribee,21.322251335572822,55.446043234107485,82.75058487205933,88.84265668222304
9,594.95996,841.91998,Rd,56.61877793534404,64.19979808493134,82.75058487205933,88.84265668222304
9,594.95996,841.91998,Intersection,21.322251335572822,54.08846605410974,90.36567463476331,96.45774644492701
9,594.95996,841.91998,Upgrade,55.295464087277566,79.12440669290059,90.36567463476331,96.45774644492701
9,594.95996,841.91998,$,102.70059332767178,106.44510762624792,90.36567463476342,95.95007379408014
9,594.95996,841.91998,TBA,133.60516594798122,144.59874544887325,90.36567463476342,95.95007379408014
9,594.95996,841.91998,and,21.322251335572822,31.665259820737422,97.47309174662132,103.56516355678502
9,594.95996,841.91998,Francis,32.872253432637436,52.97894761101143,97.47309174662132,103.56516355678502
9,594.95996,841.91998,Street,54.15928929327527,71.57234231549253,97.47309174662132,103.56516355678502
9,594.95996,841.91998,Upgrade,21.322251335572822,45.15119394119586,105.0881815093262,111.1802533194899
9,594.95996,841.91998,Francis,21.322251335572822,41.42894551394682,114.2262892245717,120.3183610347354
9,594.95996,841.91998,Road,42.609287196210666,56.76403916785185,114.2262892245717,120.3183610347354
9,594.95996,841.91998,Railway,57.97103277975187,79.32661133253636,114.2262892245717,120.3183610347354
9,594.95996,841.91998,Overpass,21.322251335572822,47.09211851240844,121.84137898727568,127.93345079743938
9,594.95996,841.91998,Widening,48.14300123187758,74.24409996483764,121.84137898727568,127.93345079743938
9,594.95996,841.91998,at,75.45109702299476,81.0101145247934,121.84137898727568,127.93345079743938
9,594.95996,841.91998,$,102.70059332767178,106.44510762624792,121.84137898727579,127.4257781465925
9,594.95996,841.91998,TBA,133.60516594798122,144.59874544887325,121.84137898727579,127.4257781465925
9,594.95996,841.91998,Rooty,21.322251335572822,37.39771220125183,128.9487960991337,135.0408679092974
9,594.95996,841.91998,Hill,38.57805529745254,48.144887514393844,128.9487960991337,135.0408679092974
9,594.95996,841.91998,Greater,21.322251335572822,42.388842882211044,145.70199357708407,151.79406538724777
9,594.95996,841.91998,Sydney,43.59583887893379,64.32544852432343,145.70199357708407,151.79406538724777
9,594.95996,841.91998,Cycling,65.50579162052414,86.3115583770073,145.70199357708407,151.79406538724777
9,594.95996,841.91998,and,21.322251335572822,31.665259820737422,153.31708333978804,159.40915514995174
9,594.95996,841.91998,Micromobility,32.872253432637436,70.64500316953605,153.31708333978804,159.40915514995174
9,594.95996,841.91998,$,102.70059332767178,106.44510762624792,153.31708333978816,158.90148249910487
9,594.95996,841.91998,TBA,133.60516594798122,144.59874544887325,153.31708333978816,158.90148249910487
9,594.95996,841.91998,Investment,21.322251335572822,52.00557284849065,160.42450045164605,166.51657226180976
9,594.95996,841.91998,Program,53.212570063643,77.0278139075814,160.42450045164605,166.51657226180976
9,594.95996,841.91998,Hurstville,21.322251335572822,48.03674619551349,181.2390791363714,187.3311509465351
9,594.95996,841.91998,Pedestrian,49.209480896750044,78.88910692039,181.2390791363714,187.3311509465351
9,594.95996,841.91998,$,102.70059332767178,106.44510762624792,184.79278769230052,190.37718685161724
9,594.95996,841.91998,TBA,133.60516594798122,144.59874544887325,184.79278769230052,190.37718685161724
9,594.95996,841.91998,Bridge,21.322251335572822,39.59180811798999,188.3464962482294,194.43856805839312
9,594.95996,841.91998,Kosciuszko,21.322251335572822,52.01220563348082,208.6534022821079,214.7454740922716
9,594.95996,841.91998,Rd,53.184938304300914,60.76595845388821,208.6534022821079,214.7454740922716
9,594.95996,841.91998,and,61.972952065788235,72.31596055095282,208.6534022821079,214.7454740922716
9,594.95996,841.91998,Alpine,21.322251335572822,39.1545044301823,216.26849204481277,222.36056385497648
9,594.95996,841.91998,Way,40.19778016862415,52.09941201068452,216.26849204481277,222.36056385497648
9,594.95996,841.91998,$,102.70059332767178,106.44510762624792,216.2684920448129,221.8528912041296
9,594.95996,841.91998,TBA,133.60516594798122,144.59874544887325,216.2684920448129,221.8528912041296
9,594.95996,841.91998,(Intersection,21.322251335572822,55.86088159778599,223.3759091566708,229.4679809668345
9,594.95996,841.91998,Upgrade),57.06787963095382,82.64258571678427,223.3759091566708,229.4679809668345
9,594.95996,841.91998,M4,21.322251335572822,30.521661693720475,244.19048784139613,250.28255965155984
9,594.95996,841.91998,Improvement,31.728657581359602,68.12767311299609,244.19048784139613,250.28255965155984
9,594.95996,841.91998,Works,69.20521136535373,86.61979037807892,244.19048784139613,250.28255965155984
9,594.95996,841.91998,$,102.70059332767178,106.44510762624792,247.74419639732525,253.32859555664197
9,594.95996,841.91998,TBA,133.60516594798122,144.59874544887325,247.74419639732525,253.32859555664197
9,594.95996,841.91998,-,21.322251335572822,23.647519087625373,251.29790495325415,257.38997676341785
9,594.95996,841.91998,Coleman,23.99782002804713,48.40096132083835,251.29790495325415,257.38997676341785
9,594.95996,841.91998,to,49.60795935400618,55.27549126675575,251.29790495325415,257.38997676341785
9,594.95996,841.91998,Church,56.448223937575854,76.41633248494199,251.29790495325415,257.38997676341785
9,594.95996,841.91998,McEvoy,21.322251335572822,42.82537697386535,268.0511024312036,274.1431742413673
9,594.95996,841.91998,Street,44.00572007006607,61.41877309228334,268.0511024312036,274.1431742413673
9,594.95996,841.91998,and,62.62577030743569,72.96877879260028,268.0511024312036,274.1431742413673
9,594.95996,841.91998,Botany,21.322251335572822,40.71047449419848,275.6661921939085,281.7582640040722
9,594.95996,841.91998,"Road,",41.890817590399195,57.45321683975335,275.6661921939085,281.7582640040722
9,594.95996,841.91998,Waterloo,58.496491335783155,83.32359188369703,275.6661921939085,281.7582640040722
9,594.95996,841.91998,$,102.70059332767178,106.44510762624792,279.2199007498376,284.80429990915434
9,594.95996,841.91998,TBA,133.60516594798122,144.59874544887325,279.2199007498376,284.80429990915434
9,594.95996,841.91998,Intersection,21.322251335572822,54.08846605410974,282.7736093057665,288.8656811159302
9,594.95996,841.91998,Improvements,21.322251335572822,60.70334005695234,289.8810264176236,295.9730982277873
9,594.95996,841.91998,North,21.322251335572822,37.181438686119904,307.14189654642087,313.23396835658457
9,594.95996,841.91998,Sydney,38.38843717629974,59.11804682168937,307.14189654642087,313.23396835658457
9,594.95996,841.91998,Active,60.298389917890084,77.59378172259214,307.14189654642087,313.23396835658457
9,594.95996,841.91998,$,102.70059332767178,106.44510762624792,310.69560510235,316.2800042616667
9,594.95996,841.91998,TBA,133.60516594798122,144.59874544887325,310.69560510235,316.2800042616667
9,594.95996,841.91998,Transport,21.322251335572822,48.03312878272616,314.24931365827797,320.3413854684417
9,594.95996,841.91998,Parramatta,21.322251335572822,52.079614506777226,338.6176008989333,344.70967270909694
9,594.95996,841.91998,to,53.286610718362276,58.95414263111185,338.6176008989333,344.70967270909694
9,594.95996,841.91998,Sydney,60.12687530193195,80.85648494732158,338.6176008989333,344.70967270909694
9,594.95996,841.91998,$,102.70059332767178,106.44510762624792,342.17130945486144,347.75570861417816
9,594.95996,841.91998,TBA,133.60516594798122,144.59874544887325,342.17130945486144,347.75570861417816
9,594.95996,841.91998,Foreshore,21.322251335572822,49.15008445219725,345.7250180107904,351.81708982095404
9,594.95996,841.91998,link,50.322819153433805,60.38158836376038,345.7250180107904,351.81708982095404
9,594.95996,841.91998,Princes,21.322251335572822,41.89346258806504,370.09330525144566,376.1853770616093
9,594.95996,841.91998,Hwy/Waratah,43.073804270328885,80.72033319298984,370.09330525144566,376.1853770616093
9,594.95996,841.91998,$,102.70059332767178,106.44510762624792,373.6470138073738,379.2314129666905
9,594.95996,841.91998,TBA,133.60516594798122,144.59874544887325,373.6470138073738,379.2314129666905
9,594.95996,841.91998,St,21.322251335572822,27.622218645067836,377.20072236330276,383.2927941734664
9,594.95996,841.91998,Intrs-Kirrawee,28.82921586022018,68.3671550870651,377.20072236330276,383.2927941734664
9,594.95996,841.91998,Safety,21.322251335572822,39.54897658223383,405.1227181598861,411.21478997004976
9,594.95996,841.91998,Barrier,40.72931967843454,59.751819129815075,405.1227181598861,411.21478997004976
9,594.95996,841.91998,Program,60.95881512653783,84.77405897047622,405.1227181598861,411.21478997004976
9,594.95996,841.91998,$,102.70059332767178,106.44510762624792,405.1227181598862,410.7071173192029
9,594.95996,841.91998,TBA,133.60516594798122,144.59874544887325,405.1227181598862,410.7071173192029
9,594.95996,841.91998,Shellharbour,21.322251335572822,57.209334741302435,433.0447139564695,439.1367857666331
9,594.95996,841.91998,Hospital,58.41633073802519,81.60846759268124,433.0447139564695,439.1367857666331
9,594.95996,841.91998,$,102.70059332767178,106.44510762624792,436.59842251239854,442.18282167171526
9,594.95996,841.91998,TBA,133.60516594798122,144.59874544887325,436.59842251239854,442.18282167171526
9,594.95996,841.91998,Shared,21.322251335572822,41.248100099224985,440.1521310683275,446.24420287849114
9,594.95996,841.91998,User,42.45509371112501,55.397892522566785,440.1521310683275,446.24420287849114
9,594.95996,841.91998,Path,56.60488851928954,69.29810915457298,440.1521310683275,446.24420287849114
9,594.95996,841.91998,Strategic,21.322251335572822,46.77873772662264,464.52041830898185,470.6124901191455
9,594.95996,841.91998,Cycleway,47.95146969250372,74.27419320593448,464.52041830898185,470.6124901191455
9,594.95996,841.91998,$,102.70059332767178,106.44510762624792,468.0741268649109,473.6585260242276
9,594.95996,841.91998,TBA,133.60516594798122,144.59874544887325,468.0741268649109,473.6585260242276
9,594.95996,841.91998,Corridors,21.322251335572822,47.052309412259525,471.62783542083986,477.7199072310035
9,594.95996,841.91998,Sutherland,21.322251335572822,52.18927612513222,491.93474145471833,498.026813264882
9,594.95996,841.91998,to,53.39626973703224,59.06380164978182,491.93474145471833,498.026813264882
9,594.95996,841.91998,Cronulla,60.23653432060192,83.65028273464075,491.93474145471833,498.026813264882
9,594.95996,841.91998,Active,21.322251335572822,38.61764314027488,499.5498312174232,505.64190302758686
9,594.95996,841.91998,Transport,39.790377841511436,66.50125528866477,499.5498312174232,505.64190302758686
9,594.95996,841.91998,Link,67.7082525038171,79.42654025221559,499.5498312174232,505.64190302758686
9,594.95996,841.91998,$,102.70059332767178,106.44510762624792,499.5498312174233,505.13423037674
9,594.95996,841.91998,TBA,133.60516594798122,144.59874544887325,499.5498312174233,505.13423037674
9,594.95996,841.91998,(Stage,21.322251335572822,39.57772502481917,506.65724832928123,512.7493201394449
9,594.95996,841.91998,2B,40.75045972605573,48.43180560456456,506.65724832928123,512.7493201394449
9,594.95996,841.91998,West),49.509346784546004,65.44602674712027,506.65724832928123,512.7493201394449
9,594.95996,841.91998,Sutherland,21.322251335572822,52.18927612513222,523.4104458072306,529.5025176173943
9,594.95996,841.91998,to,53.39626973703224,59.06380164978182,523.4104458072306,529.5025176173943
9,594.95996,841.91998,Cronulla,60.23653432060192,83.65028273464075,523.4104458072306,529.5025176173943
9,594.95996,841.91998,Active,21.322251335572822,38.61764314027488,531.0255355699355,537.1176073800992
9,594.95996,841.91998,Transport,39.790377841511436,66.50125528866477,531.0255355699355,537.1176073800992
9,594.95996,841.91998,Link,67.7082525038171,79.42654025221559,531.0255355699355,537.1176073800992
9,594.95996,841.91998,$,102.70059332767178,106.44510762624792,531.0255355699356,536.6099347292524
9,594.95996,841.91998,TBA,133.60516594798122,144.59874544887325,531.0255355699356,536.6099347292524
9,594.95996,841.91998,(Stage,21.322251335572822,39.57772502481917,538.1329526817926,544.2250244919563
9,594.95996,841.91998,3),40.75045972605573,46.45416142625514,538.1329526817926,544.2250244919563
9,594.95996,841.91998,Sydney,21.322251335572822,42.05186098096245,562.5012399224479,568.5933117326116
9,594.95996,841.91998,Park,43.23220407716317,55.96349767014597,562.5012399224479,568.5933117326116
9,594.95996,841.91998,Junction,57.17049702688748,79.98758737543776,562.5012399224479,568.5933117326116
9,594.95996,841.91998,$,102.70059332767178,106.44510762624792,562.501239922448,568.0856390817647
9,594.95996,841.91998,TBA,133.60516594798122,144.59874544887325,562.501239922448,568.0856390817647
9,594.95996,841.91998,Thurgoona,21.322251335572822,51.01368470215288,590.4232357190313,596.515307529195
9,594.95996,841.91998,Drive,52.22068091373793,66.4548149596642,590.4232357190313,596.515307529195
9,594.95996,841.91998,$,102.70059332767178,106.44510762624792,593.9769442749595,599.5613434342762
9,594.95996,841.91998,TBA,133.60516594798122,144.59874544887325,593.9769442749595,599.5613434342762
9,594.95996,841.91998,Intersection,21.322251335572822,54.08846605410974,597.5306528308884,603.6227246410521
9,594.95996,841.91998,Upgrade,55.295464087277566,79.12440669290059,597.5306528308884,603.6227246410521
9,594.95996,841.91998,"WSRB,",21.322251335572822,40.461838645586596,621.8989400715436,627.9910118817073
9,594.95996,841.91998,Package,41.634572104411106,65.34397891994195,621.8989400715436,627.9910118817073
9,594.95996,841.91998,4;,66.5167136211785,71.7954942103467,621.8989400715436,627.9910118817073
9,594.95996,841.91998,$,102.70059332767178,106.44510762624792,625.4526486274718,631.0370477867885
9,594.95996,841.91998,TBA,133.60516594798122,144.59874544887325,625.4526486274718,631.0370477867885
9,594.95996,841.91998,Bradfield,21.322251335572822,46.6188128339176,629.0063571834007,635.0984289935644
9,594.95996,841.91998,Layover,47.825806445817626,69.3525459849736,629.0063571834007,635.0984289935644
