page_number,page_width,page_height,shape_type,x0,x1,top,bottom,width,height,is_filled,is_stroked,fill_color_rgb,fill_color_hex,stroke_color_rgb,is_timeline_candidate
1,594.95996,841.91998,rect,0.0,594.9923467926512,0.0,842.2289277551265,594.9923467926512,842.2289277551265,True,False,"1.0000, 1.0000, 1.0000",#FFFFFF,"1.0000, 1.0000, 1.0000",False
1,594.95996,841.91998,rect,0.0,595.5000194434981,54.32097364062599,842.2289277551265,595.5000194434981,787.9079541145005,True,False,"1.0000, 1.0000, 1.0000",#FFFFFF,"1.0000, 1.0000, 1.0000",False
1,594.95996,841.91998,rect,16.245524827103104,579.254494616395,188.34655346422664,188.85422611507363,563.008969789292,0.5076726508469847,True,False,"0.8000, 0.8000, 0.8000",#CCCCCC,"0.8000, 0.8000, 0.8000",False
1,594.95996,841.91998,rect,16.245524827103104,579.254494616395,185.80819020999172,618.8529613824588,563.008969789292,433.0447711724671,True,False,"0.8000, 0.8000, 0.8000",#CCCCCC,"0.8000, 0.8000, 0.8000",False
1,594.95996,841.91998,rect,16.245524827103104,579.254494616395,370.60103511828953,371.1087077691365,563.008969789292,0.5076726508469847,True,False,"0.8000, 0.8000, 0.8000",#CCCCCC,"0.8000, 0.8000, 0.8000",False
1,594.95996,841.91998,rect,304.6035809081836,508.18031389781936,303.84209693991204,314.50322337569844,203.5767329896358,10.6611264357864,True,False,"0.9490, 0.9647, 0.9686",#F2F6F7,"0.9490, 0.9647, 0.9686",False
1,594.95996,841.91998,rect,448.782629300723,578.2391552667009,303.5882393504895,311.71100176404104,129.4565259659779,8.122762413551527,True,False,"0.8667, 0.0000, 0.1882",#DD0030,"0.8667, 0.0000, 0.1882",True
1,594.95996,841.91998,rect,448.782629300723,578.2391552667009,303.5882393504895,311.71100176404104,129.4565259659779,8.122762413551527,True,False,"0.8667, 0.0000, 0.1882",#DD0030,"0.8667, 0.0000, 0.1882",True
1,594.95996,841.91998,rect,448.782629300723,578.2391552667009,303.5882393504895,311.71100176404104,129.4565259659779,8.122762413551527,True,False,"0.8667, 0.0000, 0.1882",#DD0030,"0.8667, 0.0000, 0.1882",True
1,594.95996,841.91998,rect,448.782629300723,652.3593622903587,303.84209693991204,314.50322337569844,203.57673298963573,10.6611264357864,True,False,"0.9490, 0.9647, 0.9686",#F2F6F7,"0.9490, 0.9647, 0.9686",False
1,594.95996,841.91998,rect,304.6035809081836,508.18031389781936,317.54925476878054,328.21038120456694,203.5767329896358,10.6611264357864,True,False,"0.9490, 0.9647, 0.9686",#F2F6F7,"0.9490, 0.9647, 0.9686",False
1,594.95996,841.91998,rect,448.274981321875,651.8517143115107,317.54925476878054,328.21038120456694,203.57673298963573,10.6611264357864,True,False,"0.9490, 0.9647, 0.9686",#F2F6F7,"0.9490, 0.9647, 0.9686",False
1,594.95996,841.91998,rect,92.3964224541489,583.3158758231708,706.172657328138,707.188002629832,490.9194533690219,1.0153453016939693,True,False,"1.0000, 1.0000, 1.0000",#FFFFFF,"1.0000, 1.0000, 1.0000",False
1,594.95996,841.91998,rect,92.3964224541489,583.3158758231708,727.4949086637108,752.8785412060595,490.9194533690219,25.383632542348664,True,False,"0.5333, 0.5451, 0.5529",#888B8D,"0.5333, 0.5451, 0.5529",False
1,594.95996,841.91998,rect,92.3964224541489,583.3158758231708,752.8785412060595,753.8938865077535,490.9194533690219,1.0153453016939693,True,False,"1.0000, 1.0000, 1.0000",#FFFFFF,"1.0000, 1.0000, 1.0000",False
1,594.95996,841.91998,rect,92.3964224541489,583.3158758231708,784.3542455585717,785.3695908602657,490.9194533690219,1.0153453016939693,True,False,"1.0000, 1.0000, 1.0000",#FFFFFF,"1.0000, 1.0000, 1.0000",False
1,594.95996,841.91998,rect,92.3964224541489,115.74936439310962,674.6969529756258,706.172657328138,23.35294193896071,31.475704352512253,True,False,"0.9569, 0.9686, 0.9725",#F4F7F8,"0.9569, 0.9686, 0.9725",False
1,594.95996,841.91998,rect,92.3964224541489,93.41176775584285,674.6969529756258,706.172657328138,1.0153453016939409,31.475704352512253,True,False,"1.0000, 1.0000, 1.0000",#FFFFFF,"1.0000, 1.0000, 1.0000",False
1,594.95996,841.91998,rect,115.74936439310962,161.43990296933708,674.6969529756258,706.172657328138,45.69053857622747,31.475704352512253,True,False,"0.9569, 0.9686, 0.9725",#F4F7F8,"0.9569, 0.9686, 0.9725",False
1,594.95996,841.91998,rect,115.74936439310962,116.76470969480356,674.6969529756258,706.172657328138,1.0153453016939409,31.475704352512253,True,False,"1.0000, 1.0000, 1.0000",#FFFFFF,"1.0000, 1.0000, 1.0000",False
1,594.95996,841.91998,rect,161.43990296933708,213.22251335572824,674.6969529756258,706.172657328138,51.782610386391156,31.475704352512253,True,False,"0.9569, 0.9686, 0.9725",#F4F7F8,"0.9569, 0.9686, 0.9725",False
1,594.95996,841.91998,rect,161.43990296933708,162.45524827103105,674.6969529756258,706.172657328138,1.0153453016939693,31.475704352512253,True,False,"1.0000, 1.0000, 1.0000",#FFFFFF,"1.0000, 1.0000, 1.0000",False
1,594.95996,841.91998,rect,213.22251335572824,316.7877341285105,674.6969529756258,706.172657328138,103.56522077278228,31.475704352512253,True,False,"0.9569, 0.9686, 0.9725",#F4F7F8,"0.9569, 0.9686, 0.9725",False
1,594.95996,841.91998,rect,213.22251335572824,214.23785865742218,674.6969529756258,706.172657328138,1.0153453016939409,31.475704352512253,True,False,"1.0000, 1.0000, 1.0000",#FFFFFF,"1.0000, 1.0000, 1.0000",False
1,594.95996,841.91998,rect,316.7877341285105,420.35295490129283,674.6969529756258,706.172657328138,103.56522077278231,31.475704352512253,True,False,"0.9569, 0.9686, 0.9725",#F4F7F8,"0.9569, 0.9686, 0.9725",False
1,594.95996,841.91998,rect,316.7877341285105,317.8030794302045,674.6969529756258,706.172657328138,1.0153453016939693,31.475704352512253,True,False,"1.0000, 1.0000, 1.0000",#FFFFFF,"1.0000, 1.0000, 1.0000",False
1,594.95996,841.91998,rect,420.35295490129283,523.9181756740751,674.6969529756258,706.172657328138,103.56522077278225,31.475704352512253,True,False,"0.9569, 0.9686, 0.9725",#F4F7F8,"0.9569, 0.9686, 0.9725",False
1,594.95996,841.91998,rect,420.35295490129283,421.36830020298675,674.6969529756258,706.172657328138,1.0153453016939125,31.475704352512253,True,False,"1.0000, 1.0000, 1.0000",#FFFFFF,"1.0000, 1.0000, 1.0000",False
1,594.95996,841.91998,rect,523.9181756740751,575.7007860604663,674.6969529756258,706.172657328138,51.782610386391184,31.475704352512253,True,False,"0.9569, 0.9686, 0.9725",#F4F7F8,"0.9569, 0.9686, 0.9725",False
1,594.95996,841.91998,rect,523.9181756740751,524.933520975769,674.6969529756258,706.172657328138,1.0153453016939693,31.475704352512253,True,False,"1.0000, 1.0000, 1.0000",#FFFFFF,"1.0000, 1.0000, 1.0000",False
1,594.95996,841.91998,rect,92.3964224541489,115.74936439310962,753.8938865077535,784.3542455585717,23.35294193896071,30.460359050818283,True,False,"0.9569, 0.9686, 0.9725",#F4F7F8,"0.9569, 0.9686, 0.9725",False
1,594.95996,841.91998,rect,92.3964224541489,93.41176775584285,753.8938865077535,784.3542455585717,1.0153453016939409,30.460359050818283,True,False,"1.0000, 1.0000, 1.0000",#FFFFFF,"1.0000, 1.0000, 1.0000",False
1,594.95996,841.91998,rect,115.74936439310962,161.43990296933708,753.8938865077535,784.3542455585717,45.69053857622747,30.460359050818283,True,False,"0.9569, 0.9686, 0.9725",#F4F7F8,"0.9569, 0.9686, 0.9725",False
1,594.95996,841.91998,rect,115.74936439310962,116.76470969480356,753.8938865077535,784.3542455585717,1.0153453016939409,30.460359050818283,True,False,"1.0000, 1.0000, 1.0000",#FFFFFF,"1.0000, 1.0000, 1.0000",False
1,594.95996,841.91998,rect,161.43990296933708,213.22251335572824,753.8938865077535,784.3542455585717,51.782610386391156,30.460359050818283,True,False,"0.9569, 0.9686, 0.9725",#F4F7F8,"0.9569, 0.9686, 0.9725",False
1,594.95996,841.91998,rect,161.43990296933708,162.45524827103105,753.8938865077535,784.3542455585717,1.0153453016939693,30.460359050818283,True,False,"1.0000, 1.0000, 1.0000",#FFFFFF,"1.0000, 1.0000, 1.0000",False
1,594.95996,841.91998,rect,187.33120816253268,188.34655346422662,753.8938865077535,784.3542455585717,1.0153453016939409,30.460359050818283,True,False,"1.0000, 1.0000, 1.0000",#FFFFFF,"1.0000, 1.0000, 1.0000",False
1,594.95996,841.91998,rect,213.22251335572824,316.7877341285105,753.8938865077535,784.3542455585717,103.56522077278228,30.460359050818283,True,False,"0.9569, 0.9686, 0.9725",#F4F7F8,"0.9569, 0.9686, 0.9725",False
1,594.95996,841.91998,rect,213.22251335572824,214.23785865742218,753.8938865077535,784.3542455585717,1.0153453016939409,30.460359050818283,True,False,"1.0000, 1.0000, 1.0000",#FFFFFF,"1.0000, 1.0000, 1.0000",False
1,594.95996,841.91998,rect,239.1138185489238,240.12916385061774,753.8938865077535,784.3542455585717,1.0153453016939409,30.460359050818283,True,False,"1.0000, 1.0000, 1.0000",#FFFFFF,"1.0000, 1.0000, 1.0000",False
1,594.95996,841.91998,rect,265.0051237421194,266.0204690438133,753.8938865077535,784.3542455585717,1.0153453016939125,30.460359050818283,True,False,"1.0000, 1.0000, 1.0000",#FFFFFF,"1.0000, 1.0000, 1.0000",False
1,594.95996,841.91998,rect,290.89642893531493,291.9117742370089,753.8938865077535,784.3542455585717,1.0153453016939693,30.460359050818283,True,False,"1.0000, 1.0000, 1.0000",#FFFFFF,"1.0000, 1.0000, 1.0000",False
1,594.95996,841.91998,rect,316.7877341285105,420.35295490129283,753.8938865077535,784.3542455585717,103.56522077278231,30.460359050818283,True,False,"0.9569, 0.9686, 0.9725",#F4F7F8,"0.9569, 0.9686, 0.9725",False
1,594.95996,841.91998,rect,316.7877341285105,317.8030794302045,753.8938865077535,784.3542455585717,1.0153453016939693,30.460359050818283,True,False,"1.0000, 1.0000, 1.0000",#FFFFFF,"1.0000, 1.0000, 1.0000",False
1,594.95996,841.91998,rect,342.6790393217061,343.6943846234,753.8938865077535,784.3542455585717,1.0153453016939125,30.460359050818283,True,False,"1.0000, 1.0000, 1.0000",#FFFFFF,"1.0000, 1.0000, 1.0000",False
1,594.95996,841.91998,rect,368.57034451490165,369.5856898165956,753.8938865077535,784.3542455585717,1.0153453016939693,30.460359050818283,True,False,"1.0000, 1.0000, 1.0000",#FFFFFF,"1.0000, 1.0000, 1.0000",False
1,594.95996,841.91998,rect,394.46164970809724,395.4769950097912,753.8938865077535,784.3542455585717,1.0153453016939693,30.460359050818283,True,False,"1.0000, 1.0000, 1.0000",#FFFFFF,"1.0000, 1.0000, 1.0000",False
1,594.95996,841.91998,rect,420.35295490129283,523.9181756740751,753.8938865077535,784.3542455585717,103.56522077278225,30.460359050818283,True,False,"0.9569, 0.9686, 0.9725",#F4F7F8,"0.9569, 0.9686, 0.9725",False
1,594.95996,841.91998,rect,420.35295490129283,421.36830020298675,753.8938865077535,784.3542455585717,1.0153453016939125,30.460359050818283,True,False,"1.0000, 1.0000, 1.0000",#FFFFFF,"1.0000, 1.0000, 1.0000",False
1,594.95996,841.91998,rect,446.24426009448837,447.25960539618234,753.8938865077535,784.3542455585717,1.0153453016939693,30.460359050818283,True,False,"1.0000, 1.0000, 1.0000",#FFFFFF,"1.0000, 1.0000, 1.0000",False
1,594.95996,841.91998,rect,472.13556528768396,473.1509105893779,753.8938865077535,784.3542455585717,1.0153453016939125,30.460359050818283,True,False,"1.0000, 1.0000, 1.0000",#FFFFFF,"1.0000, 1.0000, 1.0000",False
1,594.95996,841.91998,rect,498.02687048087955,499.04221578257346,753.8938865077535,784.3542455585717,1.0153453016939125,30.460359050818283,True,False,"1.0000, 1.0000, 1.0000",#FFFFFF,"1.0000, 1.0000, 1.0000",False
1,594.95996,841.91998,rect,523.9181756740751,575.7007860604663,753.8938865077535,784.3542455585717,51.782610386391184,30.460359050818283,True,False,"0.9569, 0.9686, 0.9725",#F4F7F8,"0.9569, 0.9686, 0.9725",False
1,594.95996,841.91998,rect,523.9181756740751,524.933520975769,753.8938865077535,784.3542455585717,1.0153453016939693,30.460359050818283,True,False,"1.0000, 1.0000, 1.0000",#FFFFFF,"1.0000, 1.0000, 1.0000",False
1,594.95996,841.91998,rect,549.8094808672706,550.8248261689646,753.8938865077535,784.3542455585717,1.0153453016939693,30.460359050818283,True,False,"1.0000, 1.0000, 1.0000",#FFFFFF,"1.0000, 1.0000, 1.0000",False
1,594.95996,841.91998,rect,92.3964224541489,115.74936439310962,785.3695908602657,815.829949911084,23.35294193896071,30.460359050818283,True,False,"0.9569, 0.9686, 0.9725",#F4F7F8,"0.9569, 0.9686, 0.9725",False
1,594.95996,841.91998,rect,92.3964224541489,93.41176775584285,785.3695908602657,815.829949911084,1.0153453016939409,30.460359050818283,True,False,"1.0000, 1.0000, 1.0000",#FFFFFF,"1.0000, 1.0000, 1.0000",False
1,594.95996,841.91998,rect,115.74936439310962,161.43990296933708,785.3695908602657,815.829949911084,45.69053857622747,30.460359050818283,True,False,"0.9569, 0.9686, 0.9725",#F4F7F8,"0.9569, 0.9686, 0.9725",False
1,594.95996,841.91998,rect,115.74936439310962,116.76470969480356,785.3695908602657,815.829949911084,1.0153453016939409,30.460359050818283,True,False,"1.0000, 1.0000, 1.0000",#FFFFFF,"1.0000, 1.0000, 1.0000",False
1,594.95996,841.91998,rect,161.43990296933708,213.22251335572824,785.3695908602657,815.829949911084,51.782610386391156,30.460359050818283,True,False,"0.9569, 0.9686, 0.9725",#F4F7F8,"0.9569, 0.9686, 0.9725",False
1,594.95996,841.91998,rect,161.43990296933708,162.45524827103105,785.3695908602657,815.829949911084,1.0153453016939693,30.460359050818283,True,False,"1.0000, 1.0000, 1.0000",#FFFFFF,"1.0000, 1.0000, 1.0000",False
1,594.95996,841.91998,rect,187.33120816253268,188.34655346422662,785.3695908602657,815.829949911084,1.0153453016939409,30.460359050818283,True,False,"1.0000, 1.0000, 1.0000",#FFFFFF,"1.0000, 1.0000, 1.0000",False
1,594.95996,841.91998,rect,213.22251335572824,316.7877341285105,785.3695908602657,815.829949911084,103.56522077278228,30.460359050818283,True,False,"0.9569, 0.9686, 0.9725",#F4F7F8,"0.9569, 0.9686, 0.9725",False
1,594.95996,841.91998,rect,213.22251335572824,214.23785865742218,785.3695908602657,815.829949911084,1.0153453016939409,30.460359050818283,True,False,"1.0000, 1.0000, 1.0000",#FFFFFF,"1.0000, 1.0000, 1.0000",False
1,594.95996,841.91998,rect,239.1138185489238,240.12916385061774,785.3695908602657,815.829949911084,1.0153453016939409,30.460359050818283,True,False,"1.0000, 1.0000, 1.0000",#FFFFFF,"1.0000, 1.0000, 1.0000",False
1,594.95996,841.91998,rect,265.0051237421194,266.0204690438133,785.3695908602657,815.829949911084,1.0153453016939125,30.460359050818283,True,False,"1.0000, 1.0000, 1.0000",#FFFFFF,"1.0000, 1.0000, 1.0000",False
1,594.95996,841.91998,rect,290.89642893531493,291.9117742370089,785.3695908602657,815.829949911084,1.0153453016939693,30.460359050818283,True,False,"1.0000, 1.0000, 1.0000",#FFFFFF,"1.0000, 1.0000, 1.0000",False
1,594.95996,841.91998,rect,316.7877341285105,420.35295490129283,785.3695908602657,815.829949911084,103.56522077278231,30.460359050818283,True,False,"0.9569, 0.9686, 0.9725",#F4F7F8,"0.9569, 0.9686, 0.9725",False
1,594.95996,841.91998,rect,316.7877341285105,317.8030794302045,785.3695908602657,815.829949911084,1.0153453016939693,30.460359050818283,True,False,"1.0000, 1.0000, 1.0000",#FFFFFF,"1.0000, 1.0000, 1.0000",False
1,594.95996,841.91998,rect,342.6790393217061,343.6943846234,785.3695908602657,815.829949911084,1.0153453016939125,30.460359050818283,True,False,"1.0000, 1.0000, 1.0000",#FFFFFF,"1.0000, 1.0000, 1.0000",False
1,594.95996,841.91998,rect,368.57034451490165,369.5856898165956,785.3695908602657,815.829949911084,1.0153453016939693,30.460359050818283,True,False,"1.0000, 1.0000, 1.0000",#FFFFFF,"1.0000, 1.0000, 1.0000",False
1,594.95996,841.91998,rect,394.46164970809724,395.4769950097912,785.3695908602657,815.829949911084,1.0153453016939693,30.460359050818283,True,False,"1.0000, 1.0000, 1.0000",#FFFFFF,"1.0000, 1.0000, 1.0000",False
1,594.95996,841.91998,rect,420.35295490129283,523.9181756740751,785.3695908602657,815.829949911084,103.56522077278225,30.460359050818283,True,False,"0.9569, 0.9686, 0.9725",#F4F7F8,"0.9569, 0.9686, 0.9725",False
1,594.95996,841.91998,rect,420.35295490129283,421.36830020298675,785.3695908602657,815.829949911084,1.0153453016939125,30.460359050818283,True,False,"1.0000, 1.0000, 1.0000",#FFFFFF,"1.0000, 1.0000, 1.0000",False
1,594.95996,841.91998,rect,446.24426009448837,447.25960539618234,785.3695908602657,815.829949911084,1.0153453016939693,30.460359050818283,True,False,"1.0000, 1.0000, 1.0000",#FFFFFF,"1.0000, 1.0000, 1.0000",False
1,594.95996,841.91998,rect,472.13556528768396,473.1509105893779,785.3695908602657,815.829949911084,1.0153453016939125,30.460359050818283,True,False,"1.0000, 1.0000, 1.0000",#FFFFFF,"1.0000, 1.0000, 1.0000",False
1,594.95996,841.91998,rect,498.02687048087955,499.04221578257346,785.3695908602657,815.829949911084,1.0153453016939125,30.460359050818283,True,False,"1.0000, 1.0000, 1.0000",#FFFFFF,"1.0000, 1.0000, 1.0000",False
1,594.95996,841.91998,rect,523.9181756740751,575.7007860604663,785.3695908602657,815.829949911084,51.782610386391184,30.460359050818283,True,False,"0.9569, 0.9686, 0.9725",#F4F7F8,"0.9569, 0.9686, 0.9725",False
1,594.95996,841.91998,rect,523.9181756740751,524.933520975769,785.3695908602657,815.829949911084,1.0153453016939693,30.460359050818283,True,False,"1.0000, 1.0000, 1.0000",#FFFFFF,"1.0000, 1.0000, 1.0000",False
1,594.95996,841.91998,rect,549.8094808672706,550.8248261689646,785.3695908602657,815.829949911084,1.0153453016939693,30.460359050818283,True,False,"1.0000, 1.0000, 1.0000",#FFFFFF,"1.0000, 1.0000, 1.0000",False
1,594.95996,841.91998,rect,16.245524827103104,92.3964224541489,706.172657328138,707.188002629832,76.1508976270458,1.0153453016939693,True,False,"1.0000, 1.0000, 1.0000",#FFFFFF,"1.0000, 1.0000, 1.0000",False
1,594.95996,841.91998,rect,16.245524827103104,92.3964224541489,727.4949086637108,752.8785412060595,76.1508976270458,25.383632542348664,True,False,"0.5333, 0.5451, 0.5529",#888B8D,"0.5333, 0.5451, 0.5529",False
1,594.95996,841.91998,rect,16.245524827103104,92.3964224541489,752.8785412060595,753.8938865077535,76.1508976270458,1.0153453016939693,True,False,"1.0000, 1.0000, 1.0000",#FFFFFF,"1.0000, 1.0000, 1.0000",False
1,594.95996,841.91998,rect,16.245524827103104,92.3964224541489,784.3542455585717,785.3695908602657,76.1508976270458,1.0153453016939693,True,False,"1.0000, 1.0000, 1.0000",#FFFFFF,"1.0000, 1.0000, 1.0000",False
1,594.95996,841.91998,rect,16.245524827103104,92.3964224541489,674.6969529756258,706.172657328138,76.1508976270458,31.475704352512253,True,False,"0.9569, 0.9686, 0.9725",#F4F7F8,"0.9569, 0.9686, 0.9725",False
1,594.95996,841.91998,rect,16.245524827103104,92.3964224541489,753.8938865077535,784.3542455585717,76.1508976270458,30.460359050818283,True,False,"0.9569, 0.9686, 0.9725",#F4F7F8,"0.9569, 0.9686, 0.9725",False
1,594.95996,841.91998,rect,16.245524827103104,92.3964224541489,785.3695908602657,815.829949911084,76.1508976270458,30.460359050818283,True,False,"0.9569, 0.9686, 0.9725",#F4F7F8,"0.9569, 0.9686, 0.9725",False
1,594.95996,841.91998,rect,0.0,595.5000194434981,0.0,8.122762413551527,595.5000194434981,8.122762413551527,True,False,"0.0000, 0.1490, 0.3922",#002664,"0.0000, 0.1490, 0.3922",True
1,594.95996,841.91998,rect,0.0,595.5000194434981,8.122762413551527,54.32097364062599,595.5000194434981,46.19821122707447,True,False,"0.0000, 0.1490, 0.3922",#002664,"0.0000, 0.1490, 0.3922",False
1,594.95996,841.91998,curve,16.245524827103104,579.254494616395,188.60038978965008,188.85422611507363,563.008969789292,0.25383632542354917,True,False,"1.0000, 1.0000, 1.0000",#FFFFFF,"1.0000, 1.0000, 1.0000",False
1,594.95996,841.91998,curve,16.245524827103104,579.254494616395,186.06202653541527,618.8529613824588,563.008969789292,432.79093484704356,True,False,"1.0000, 1.0000, 1.0000",#FFFFFF,"1.0000, 1.0000, 1.0000",False
1,594.95996,841.91998,curve,16.49936115252659,579.0006582909716,107.37276565413458,150.01726832528027,562.501297138445,42.64450267114569,True,False,"0.8118, 0.9569, 0.9882",#CFF4FC,"0.8118, 0.9569, 0.9882",False
1,594.95996,841.91998,curve,16.49936115252659,579.0006582909716,107.37276565413458,150.01726832528027,562.501297138445,42.64450267114569,False,True,"0.6196, 0.9176, 0.9765",#9EEAF9,"0.6196, 0.9176, 0.9765",False
1,594.95996,841.91998,curve,305.3651036124535,434.3139569275844,262.72060218930767,270.3356919520123,128.94885331513092,7.615089762704656,True,False,"0.1255, 0.6588, 0.8824",#20A8E1,"0.1255, 0.6588, 0.8824",True
1,594.95996,841.91998,curve,305.3651036124535,434.3139569275844,262.72060218930767,270.3356919520123,128.94885331513092,7.615089762704656,False,True,"0.1255, 0.6588, 0.8824",#20A8E1,"0.1255, 0.6588, 0.8824",False
1,594.95996,841.91998,curve,449.0364656261465,577.9853189412773,262.72060218930767,270.3356919520123,128.94885331513086,7.615089762704656,True,False,"0.7490, 0.8627, 0.9608",#BFDCF5,"0.7490, 0.8627, 0.9608",True
1,594.95996,841.91998,curve,449.0364656261465,577.9853189412773,262.72060218930767,270.3356919520123,128.94885331513086,7.615089762704656,False,True,"0.1255, 0.6588, 0.8824",#20A8E1,"0.1255, 0.6588, 0.8824",False
1,594.95996,841.91998,curve,305.3651036124535,434.3139569275844,276.4277600181762,284.04284978088083,128.94885331513092,7.615089762704656,True,False,"0.9255, 0.4863, 0.0549",#EC7C0E,"0.9255, 0.4863, 0.0549",True
1,594.95996,841.91998,curve,305.3651036124535,434.3139569275844,276.4277600181762,284.04284978088083,128.94885331513092,7.615089762704656,False,True,"0.9255, 0.4863, 0.0549",#EC7C0E,"0.9255, 0.4863, 0.0549",False
1,594.95996,841.91998,curve,449.0364656261465,577.9853189412773,276.4277600181762,284.04284978088083,128.94885331513086,7.615089762704656,True,False,"0.9804, 0.8078, 0.6431",#FACEA4,"0.9804, 0.8078, 0.6431",True
1,594.95996,841.91998,curve,449.0364656261465,577.9853189412773,276.4277600181762,284.04284978088083,128.94885331513086,7.615089762704656,False,True,"0.9255, 0.4863, 0.0549",#EC7C0E,"0.9255, 0.4863, 0.0549",False
1,594.95996,841.91998,curve,305.3651036124535,434.3139569275844,290.13491784704456,297.7500076097492,128.94885331513092,7.615089762704656,True,False,"0.4824, 0.6824, 0.1529",#7BAE27,"0.4824, 0.6824, 0.1529",True
1,594.95996,841.91998,curve,305.3651036124535,434.3139569275844,290.13491784704456,297.7500076097492,128.94885331513092,7.615089762704656,False,True,"0.4824, 0.6824, 0.1529",#7BAE27,"0.4824, 0.6824, 0.1529",False
1,594.95996,841.91998,curve,449.0364656261465,577.9853189412773,290.13491784704456,297.7500076097492,128.94885331513086,7.615089762704656,True,False,"0.8157, 0.8667, 0.6784",#D0DDAD,"0.8157, 0.8667, 0.6784",True
1,594.95996,841.91998,curve,449.0364656261465,577.9853189412773,290.13491784704456,297.7500076097492,128.94885331513086,7.615089762704656,False,True,"0.4824, 0.6824, 0.1529",#7BAE27,"0.4824, 0.6824, 0.1529",False
1,594.95996,841.91998,curve,305.11126728703,434.56779325300784,303.5882393504895,311.71100176404104,129.45652596597785,8.122762413551527,True,False,"0.7647, 0.6667, 0.8235",#C3AAD2,"0.7647, 0.6667, 0.8235",True
1,594.95996,841.91998,curve,304.6035809081836,508.5134798750503,304.10878732879996,311.57137658585873,203.9098989668667,7.462589257058767,True,False,"0.8667, 0.0000, 0.1882",#DD0030,"0.8667, 0.0000, 0.1882",True
1,594.95996,841.91998,curve,304.6035809081836,508.5134798750503,304.10878732879996,311.57137658585873,203.9098989668667,7.462589257058767,False,True,"0.8667, 0.0000, 0.1882",#DD0030,"0.8667, 0.0000, 0.1882",False
1,594.95996,841.91998,curve,449.0364656261465,577.9853189412773,303.5882393504895,311.4571654386176,128.94885331513086,7.868926088128092,True,False,"0.9529, 0.6824, 0.6392",#F3AEA3,"0.9529, 0.6824, 0.6392",True
1,594.95996,841.91998,curve,448.782629300723,652.6925282675898,304.10878732879996,311.57137658585873,203.90989896686676,7.462589257058767,True,False,"0.9529, 0.6824, 0.6392",#F3AEA3,"0.9529, 0.6824, 0.6392",True
1,594.95996,841.91998,curve,448.782629300723,652.6925282675898,304.10878732879996,311.57137658585873,203.90989896686676,7.462589257058767,False,True,"0.8667, 0.0000, 0.1882",#DD0030,"0.8667, 0.0000, 0.1882",False
1,594.95996,841.91998,curve,305.11126728703,434.56779325300784,317.2953971793579,325.41815959290943,129.45652596597785,8.122762413551527,True,False,"0.7647, 0.6667, 0.8235",#C3AAD2,"0.7647, 0.6667, 0.8235",True
1,594.95996,841.91998,curve,304.6035809081836,508.5134798750503,317.8159427576685,325.27853201472726,203.9098989668667,7.462589257058767,True,False,"0.0902, 0.1882, 0.4667",#173077,"0.0902, 0.1882, 0.4667",True
1,594.95996,841.91998,curve,304.6035809081836,508.5134798750503,317.8159427576685,325.27853201472726,203.9098989668667,7.462589257058767,False,True,"0.0902, 0.1882, 0.4667",#173077,"0.0902, 0.1882, 0.4667",False
1,594.95996,841.91998,curve,448.782629300723,578.2391552667009,317.2953971793579,325.41815959290943,129.4565259659779,8.122762413551527,True,False,"0.7647, 0.6667, 0.8235",#C3AAD2,"0.7647, 0.6667, 0.8235",True
1,594.95996,841.91998,curve,448.275005321874,652.1849042887408,317.8159427576685,325.27853201472726,203.90989896686676,7.462589257058767,True,False,"0.6118, 0.6157, 0.7725",#9C9DC5,"0.6118, 0.6157, 0.7725",True
1,594.95996,841.91998,curve,448.275005321874,652.1849042887408,317.8159427576685,325.27853201472726,203.90989896686676,7.462589257058767,False,True,"0.0902, 0.1882, 0.4667",#173077,"0.0902, 0.1882, 0.4667",False
1,594.95996,841.91998,curve,305.3651036124535,434.3139569275844,330.7487337548022,338.3638235175068,128.94885331513092,7.615089762704599,True,False,"0.2000, 0.2196, 0.2392",#33383D,"0.2000, 0.2196, 0.2392",True
1,594.95996,841.91998,curve,305.3651036124535,434.3139569275844,330.7487337548022,338.3638235175068,128.94885331513092,7.615089762704599,False,True,"0.0000, 0.0000, 0.0000",#000000,"0.0000, 0.0000, 0.0000",False
1,594.95996,841.91998,curve,449.0364656261465,577.9853189412773,330.7487337548022,338.3638235175068,128.94885331513086,7.615089762704599,True,False,"0.2000, 0.2196, 0.2392",#33383D,"0.2000, 0.2196, 0.2392",True
1,594.95996,841.91998,curve,449.0364656261465,577.9853189412773,330.7487337548022,338.3638235175068,128.94885331513086,7.615089762704599,False,True,"0.0000, 0.0000, 0.0000",#000000,"0.0000, 0.0000, 0.0000",False
1,594.95996,841.91998,curve,448.782629300723,578.2391552667009,344.20205525824707,352.3248176717986,129.4565259659779,8.122762413551527,True,False,"0.7647, 0.6667, 0.8235",#C3AAD2,"0.7647, 0.6667, 0.8235",True
1,594.95996,841.91998,curve,162.9629236098779,445.73659013164126,765.0626561223879,773.1854185359394,282.7736665217634,8.122762413551555,True,False,"0.7647, 0.6667, 0.8235",#C3AAD2,"0.7647, 0.6667, 0.8235",True
1,594.95996,841.91998,curve,162.9629236098779,419.84528493844573,796.538414810898,804.6611772244495,256.88236132856787,8.122762413551555,True,False,"0.7647, 0.6667, 0.8235",#C3AAD2,"0.7647, 0.6667, 0.8235",True
2,594.95996,841.91998,rect,0.0,594.9923467926512,0.0,842.2289277551265,594.9923467926512,842.2289277551265,True,False,"1.0000, 1.0000, 1.0000",#FFFFFF,"1.0000, 1.0000, 1.0000",False
2,594.95996,841.91998,rect,0.0,595.5000194434981,-1.3151999496585631e-05,842.228914603127,595.5000194434981,842.2289277551265,True,False,"1.0000, 1.0000, 1.0000",#FFFFFF,"1.0000, 1.0000, 1.0000",False
2,594.95996,841.91998,rect,92.3964224541489,583.3158758231708,-1.3151999496585631e-05,1.0153321496944727,490.9194533690219,1.0153453016939693,True,False,"1.0000, 1.0000, 1.0000",#FFFFFF,"1.0000, 1.0000, 1.0000",False
2,594.95996,841.91998,rect,92.3964224541489,583.3158758231708,21.322238183573404,46.705870725921955,490.9194533690219,25.38363254234855,True,False,"0.5333, 0.5451, 0.5529",#888B8D,"0.5333, 0.5451, 0.5529",False
2,594.95996,841.91998,rect,92.3964224541489,583.3158758231708,46.705870725921955,47.721216027615924,490.9194533690219,1.0153453016939693,True,False,"1.0000, 1.0000, 1.0000",#FFFFFF,"1.0000, 1.0000, 1.0000",False
2,594.95996,841.91998,rect,92.3964224541489,583.3158758231708,78.18157507843421,79.19692038012818,490.9194533690219,1.0153453016939693,True,False,"1.0000, 1.0000, 1.0000",#FFFFFF,"1.0000, 1.0000, 1.0000",False
2,594.95996,841.91998,rect,92.3964224541489,583.3158758231708,109.65727943094646,110.67262473264043,490.9194533690219,1.0153453016939693,True,False,"1.0000, 1.0000, 1.0000",#FFFFFF,"1.0000, 1.0000, 1.0000",False
2,594.95996,841.91998,rect,92.3964224541489,583.3158758231708,141.1329837834587,142.14832908515268,490.9194533690219,1.0153453016939693,True,False,"1.0000, 1.0000, 1.0000",#FFFFFF,"1.0000, 1.0000, 1.0000",False
2,594.95996,841.91998,rect,92.3964224541489,583.3158758231708,172.60868813597097,173.62403343766493,490.9194533690219,1.0153453016939693,True,False,"1.0000, 1.0000, 1.0000",#FFFFFF,"1.0000, 1.0000, 1.0000",False
2,594.95996,841.91998,rect,92.3964224541489,583.3158758231708,193.93093947154387,219.31457201389242,490.9194533690219,25.38363254234855,True,False,"0.5333, 0.5451, 0.5529",#888B8D,"0.5333, 0.5451, 0.5529",False
2,594.95996,841.91998,rect,92.3964224541489,583.3158758231708,219.31457201389242,220.32991731558639,490.9194533690219,1.0153453016939693,True,False,"1.0000, 1.0000, 1.0000",#FFFFFF,"1.0000, 1.0000, 1.0000",False
2,594.95996,841.91998,rect,92.3964224541489,583.3158758231708,250.79027636640478,251.80562166809875,490.9194533690219,1.0153453016939693,True,False,"1.0000, 1.0000, 1.0000",#FFFFFF,"1.0000, 1.0000, 1.0000",False
2,594.95996,841.91998,rect,92.3964224541489,583.3158758231708,282.2659807189169,283.2813260206109,490.9194533690219,1.0153453016939693,True,False,"1.0000, 1.0000, 1.0000",#FFFFFF,"1.0000, 1.0000, 1.0000",False
2,594.95996,841.91998,rect,92.3964224541489,583.3158758231708,313.7416850714293,314.75703037312326,490.9194533690219,1.0153453016939693,True,False,"1.0000, 1.0000, 1.0000",#FFFFFF,"1.0000, 1.0000, 1.0000",False
2,594.95996,841.91998,rect,92.3964224541489,583.3158758231708,345.2173894239414,346.2327347256354,490.9194533690219,1.0153453016939693,True,False,"1.0000, 1.0000, 1.0000",#FFFFFF,"1.0000, 1.0000, 1.0000",False
2,594.95996,841.91998,rect,92.3964224541489,583.3158758231708,376.6930937764538,377.70843907814776,490.9194533690219,1.0153453016939693,True,False,"1.0000, 1.0000, 1.0000",#FFFFFF,"1.0000, 1.0000, 1.0000",False
2,594.95996,841.91998,rect,92.3964224541489,583.3158758231708,408.16879812896593,409.1841434306599,490.9194533690219,1.0153453016939693,True,False,"1.0000, 1.0000, 1.0000",#FFFFFF,"1.0000, 1.0000, 1.0000",False
2,594.95996,841.91998,rect,92.3964224541489,583.3158758231708,429.49104946453883,454.8746820068874,490.9194533690219,25.38363254234855,True,False,"0.5333, 0.5451, 0.5529",#888B8D,"0.5333, 0.5451, 0.5529",False
2,594.95996,841.91998,rect,92.3964224541489,583.3158758231708,454.8746820068874,455.89002730858135,490.9194533690219,1.0153453016939693,True,False,"1.0000, 1.0000, 1.0000",#FFFFFF,"1.0000, 1.0000, 1.0000",False
2,594.95996,841.91998,rect,92.3964224541489,583.3158758231708,486.35038635939975,487.3657316610937,490.9194533690219,1.0153453016939693,True,False,"1.0000, 1.0000, 1.0000",#FFFFFF,"1.0000, 1.0000, 1.0000",False
2,594.95996,841.91998,rect,92.3964224541489,583.3158758231708,517.8260907119119,518.8414360136059,490.9194533690219,1.0153453016939693,True,False,"1.0000, 1.0000, 1.0000",#FFFFFF,"1.0000, 1.0000, 1.0000",False
2,594.95996,841.91998,rect,92.3964224541489,583.3158758231708,549.3017950644243,550.3171403661182,490.9194533690219,1.0153453016939693,True,False,"1.0000, 1.0000, 1.0000",#FFFFFF,"1.0000, 1.0000, 1.0000",False
2,594.95996,841.91998,rect,92.3964224541489,583.3158758231708,580.7774994169364,581.7928447186304,490.9194533690219,1.0153453016939693,True,False,"1.0000, 1.0000, 1.0000",#FFFFFF,"1.0000, 1.0000, 1.0000",False
2,594.95996,841.91998,rect,92.3964224541489,583.3158758231708,602.0997507525093,627.4833832948578,490.9194533690219,25.38363254234855,True,False,"0.5333, 0.5451, 0.5529",#888B8D,"0.5333, 0.5451, 0.5529",False
2,594.95996,841.91998,rect,92.3964224541489,583.3158758231708,627.4833832948578,628.4987285965518,490.9194533690219,1.0153453016939693,True,False,"1.0000, 1.0000, 1.0000",#FFFFFF,"1.0000, 1.0000, 1.0000",False
2,594.95996,841.91998,rect,92.3964224541489,583.3158758231708,658.9590876473702,659.9744329490642,490.9194533690219,1.0153453016939693,True,False,"1.0000, 1.0000, 1.0000",#FFFFFF,"1.0000, 1.0000, 1.0000",False
2,594.95996,841.91998,rect,92.3964224541489,115.74936439310962,47.721216027615924,78.18157507843421,23.35294193896071,30.460359050818283,True,False,"0.9569, 0.9686, 0.9725",#F4F7F8,"0.9569, 0.9686, 0.9725",False
2,594.95996,841.91998,rect,92.3964224541489,93.41176775584285,47.721216027615924,78.18157507843421,1.0153453016939409,30.460359050818283,True,False,"1.0000, 1.0000, 1.0000",#FFFFFF,"1.0000, 1.0000, 1.0000",False
2,594.95996,841.91998,rect,115.74936439310962,161.43990296933708,47.721216027615924,78.18157507843421,45.69053857622747,30.460359050818283,True,False,"0.9569, 0.9686, 0.9725",#F4F7F8,"0.9569, 0.9686, 0.9725",False
2,594.95996,841.91998,rect,115.74936439310962,116.76470969480356,47.721216027615924,78.18157507843421,1.0153453016939409,30.460359050818283,True,False,"1.0000, 1.0000, 1.0000",#FFFFFF,"1.0000, 1.0000, 1.0000",False
2,594.95996,841.91998,rect,161.43990296933708,213.22251335572824,47.721216027615924,78.18157507843421,51.782610386391156,30.460359050818283,True,False,"0.9569, 0.9686, 0.9725",#F4F7F8,"0.9569, 0.9686, 0.9725",False
2,594.95996,841.91998,rect,161.43990296933708,162.45524827103105,47.721216027615924,78.18157507843421,1.0153453016939693,30.460359050818283,True,False,"1.0000, 1.0000, 1.0000",#FFFFFF,"1.0000, 1.0000, 1.0000",False
2,594.95996,841.91998,rect,187.33120816253268,188.34655346422662,47.721216027615924,78.18157507843421,1.0153453016939409,30.460359050818283,True,False,"1.0000, 1.0000, 1.0000",#FFFFFF,"1.0000, 1.0000, 1.0000",False
2,594.95996,841.91998,rect,213.22251335572824,316.7877341285105,47.721216027615924,78.18157507843421,103.56522077278228,30.460359050818283,True,False,"0.9569, 0.9686, 0.9725",#F4F7F8,"0.9569, 0.9686, 0.9725",False
2,594.95996,841.91998,rect,213.22251335572824,214.23785865742218,47.721216027615924,78.18157507843421,1.0153453016939409,30.460359050818283,True,False,"1.0000, 1.0000, 1.0000",#FFFFFF,"1.0000, 1.0000, 1.0000",False
2,594.95996,841.91998,rect,239.1138185489238,240.12916385061774,47.721216027615924,78.18157507843421,1.0153453016939409,30.460359050818283,True,False,"1.0000, 1.0000, 1.0000",#FFFFFF,"1.0000, 1.0000, 1.0000",False
2,594.95996,841.91998,rect,265.0051237421194,266.0204690438133,47.721216027615924,78.18157507843421,1.0153453016939125,30.460359050818283,True,False,"1.0000, 1.0000, 1.0000",#FFFFFF,"1.0000, 1.0000, 1.0000",False
2,594.95996,841.91998,rect,290.89642893531493,291.9117742370089,47.721216027615924,78.18157507843421,1.0153453016939693,30.460359050818283,True,False,"1.0000, 1.0000, 1.0000",#FFFFFF,"1.0000, 1.0000, 1.0000",False
2,594.95996,841.91998,rect,316.7877341285105,420.35295490129283,47.721216027615924,78.18157507843421,103.56522077278231,30.460359050818283,True,False,"0.9569, 0.9686, 0.9725",#F4F7F8,"0.9569, 0.9686, 0.9725",False
2,594.95996,841.91998,rect,316.7877341285105,317.8030794302045,47.721216027615924,78.18157507843421,1.0153453016939693,30.460359050818283,True,False,"1.0000, 1.0000, 1.0000",#FFFFFF,"1.0000, 1.0000, 1.0000",False
2,594.95996,841.91998,rect,342.6790393217061,343.6943846234,47.721216027615924,78.18157507843421,1.0153453016939125,30.460359050818283,True,False,"1.0000, 1.0000, 1.0000",#FFFFFF,"1.0000, 1.0000, 1.0000",False
2,594.95996,841.91998,rect,368.57034451490165,369.5856898165956,47.721216027615924,78.18157507843421,1.0153453016939693,30.460359050818283,True,False,"1.0000, 1.0000, 1.0000",#FFFFFF,"1.0000, 1.0000, 1.0000",False
2,594.95996,841.91998,rect,394.46164970809724,395.4769950097912,47.721216027615924,78.18157507843421,1.0153453016939693,30.460359050818283,True,False,"1.0000, 1.0000, 1.0000",#FFFFFF,"1.0000, 1.0000, 1.0000",False
2,594.95996,841.91998,rect,420.35295490129283,523.9181756740751,47.721216027615924,78.18157507843421,103.56522077278225,30.460359050818283,True,False,"0.9569, 0.9686, 0.9725",#F4F7F8,"0.9569, 0.9686, 0.9725",False
2,594.95996,841.91998,rect,420.35295490129283,421.36830020298675,47.721216027615924,78.18157507843421,1.0153453016939125,30.460359050818283,True,False,"1.0000, 1.0000, 1.0000",#FFFFFF,"1.0000, 1.0000, 1.0000",False
2,594.95996,841.91998,rect,446.24426009448837,447.25960539618234,47.721216027615924,78.18157507843421,1.0153453016939693,30.460359050818283,True,False,"1.0000, 1.0000, 1.0000",#FFFFFF,"1.0000, 1.0000, 1.0000",False
2,594.95996,841.91998,rect,472.13556528768396,473.1509105893779,47.721216027615924,78.18157507843421,1.0153453016939125,30.460359050818283,True,False,"1.0000, 1.0000, 1.0000",#FFFFFF,"1.0000, 1.0000, 1.0000",False
2,594.95996,841.91998,rect,498.02687048087955,499.04221578257346,47.721216027615924,78.18157507843421,1.0153453016939125,30.460359050818283,True,False,"1.0000, 1.0000, 1.0000",#FFFFFF,"1.0000, 1.0000, 1.0000",False
2,594.95996,841.91998,rect,523.9181756740751,575.7007860604663,47.721216027615924,78.18157507843421,51.782610386391184,30.460359050818283,True,False,"0.9569, 0.9686, 0.9725",#F4F7F8,"0.9569, 0.9686, 0.9725",False
2,594.95996,841.91998,rect,523.9181756740751,524.933520975769,47.721216027615924,78.18157507843421,1.0153453016939693,30.460359050818283,True,False,"1.0000, 1.0000, 1.0000",#FFFFFF,"1.0000, 1.0000, 1.0000",False
2,594.95996,841.91998,rect,549.8094808672706,550.8248261689646,47.721216027615924,78.18157507843421,1.0153453016939693,30.460359050818283,True,False,"1.0000, 1.0000, 1.0000",#FFFFFF,"1.0000, 1.0000, 1.0000",False
2,594.95996,841.91998,rect,92.3964224541489,115.74936439310962,79.19692038012818,109.65727943094646,23.35294193896071,30.460359050818283,True,False,"0.9569, 0.9686, 0.9725",#F4F7F8,"0.9569, 0.9686, 0.9725",False
2,594.95996,841.91998,rect,92.3964224541489,93.41176775584285,79.19692038012818,109.65727943094646,1.0153453016939409,30.460359050818283,True,False,"1.0000, 1.0000, 1.0000",#FFFFFF,"1.0000, 1.0000, 1.0000",False
2,594.95996,841.91998,rect,115.74936439310962,161.43990296933708,79.19692038012818,109.65727943094646,45.69053857622747,30.460359050818283,True,False,"0.9569, 0.9686, 0.9725",#F4F7F8,"0.9569, 0.9686, 0.9725",False
2,594.95996,841.91998,rect,115.74936439310962,116.76470969480356,79.19692038012818,109.65727943094646,1.0153453016939409,30.460359050818283,True,False,"1.0000, 1.0000, 1.0000",#FFFFFF,"1.0000, 1.0000, 1.0000",False
2,594.95996,841.91998,rect,161.43990296933708,213.22251335572824,79.19692038012818,109.65727943094646,51.782610386391156,30.460359050818283,True,False,"0.9569, 0.9686, 0.9725",#F4F7F8,"0.9569, 0.9686, 0.9725",False
2,594.95996,841.91998,rect,161.43990296933708,162.45524827103105,79.19692038012818,109.65727943094646,1.0153453016939693,30.460359050818283,True,False,"1.0000, 1.0000, 1.0000",#FFFFFF,"1.0000, 1.0000, 1.0000",False
2,594.95996,841.91998,rect,187.33120816253268,188.34655346422662,79.19692038012818,109.65727943094646,1.0153453016939409,30.460359050818283,True,False,"1.0000, 1.0000, 1.0000",#FFFFFF,"1.0000, 1.0000, 1.0000",False
2,594.95996,841.91998,rect,213.22251335572824,316.7877341285105,79.19692038012818,109.65727943094646,103.56522077278228,30.460359050818283,True,False,"0.9569, 0.9686, 0.9725",#F4F7F8,"0.9569, 0.9686, 0.9725",False
2,594.95996,841.91998,rect,213.22251335572824,214.23785865742218,79.19692038012818,109.65727943094646,1.0153453016939409,30.460359050818283,True,False,"1.0000, 1.0000, 1.0000",#FFFFFF,"1.0000, 1.0000, 1.0000",False
2,594.95996,841.91998,rect,239.1138185489238,240.12916385061774,79.19692038012818,109.65727943094646,1.0153453016939409,30.460359050818283,True,False,"1.0000, 1.0000, 1.0000",#FFFFFF,"1.0000, 1.0000, 1.0000",False
2,594.95996,841.91998,rect,265.0051237421194,266.0204690438133,79.19692038012818,109.65727943094646,1.0153453016939125,30.460359050818283,True,False,"1.0000, 1.0000, 1.0000",#FFFFFF,"1.0000, 1.0000, 1.0000",False
2,594.95996,841.91998,rect,290.89642893531493,291.9117742370089,79.19692038012818,109.65727943094646,1.0153453016939693,30.460359050818283,True,False,"1.0000, 1.0000, 1.0000",#FFFFFF,"1.0000, 1.0000, 1.0000",False
2,594.95996,841.91998,rect,316.7877341285105,420.35295490129283,79.19692038012818,109.65727943094646,103.56522077278231,30.460359050818283,True,False,"0.9569, 0.9686, 0.9725",#F4F7F8,"0.9569, 0.9686, 0.9725",False
2,594.95996,841.91998,rect,316.7877341285105,317.8030794302045,79.19692038012818,109.65727943094646,1.0153453016939693,30.460359050818283,True,False,"1.0000, 1.0000, 1.0000",#FFFFFF,"1.0000, 1.0000, 1.0000",False
2,594.95996,841.91998,rect,342.6790393217061,343.6943846234,79.19692038012818,109.65727943094646,1.0153453016939125,30.460359050818283,True,False,"1.0000, 1.0000, 1.0000",#FFFFFF,"1.0000, 1.0000, 1.0000",False
2,594.95996,841.91998,rect,368.57034451490165,369.5856898165956,79.19692038012818,109.65727943094646,1.0153453016939693,30.460359050818283,True,False,"1.0000, 1.0000, 1.0000",#FFFFFF,"1.0000, 1.0000, 1.0000",False
2,594.95996,841.91998,rect,394.46164970809724,395.4769950097912,79.19692038012818,109.65727943094646,1.0153453016939693,30.460359050818283,True,False,"1.0000, 1.0000, 1.0000",#FFFFFF,"1.0000, 1.0000, 1.0000",False
2,594.95996,841.91998,rect,420.35295490129283,523.9181756740751,79.19692038012818,109.65727943094646,103.56522077278225,30.460359050818283,True,False,"0.9569, 0.9686, 0.9725",#F4F7F8,"0.9569, 0.9686, 0.9725",False
2,594.95996,841.91998,rect,420.35295490129283,421.36830020298675,79.19692038012818,109.65727943094646,1.0153453016939125,30.460359050818283,True,False,"1.0000, 1.0000, 1.0000",#FFFFFF,"1.0000, 1.0000, 1.0000",False
2,594.95996,841.91998,rect,446.24426009448837,447.25960539618234,79.19692038012818,109.65727943094646,1.0153453016939693,30.460359050818283,True,False,"1.0000, 1.0000, 1.0000",#FFFFFF,"1.0000, 1.0000, 1.0000",False
2,594.95996,841.91998,rect,472.13556528768396,473.1509105893779,79.19692038012818,109.65727943094646,1.0153453016939125,30.460359050818283,True,False,"1.0000, 1.0000, 1.0000",#FFFFFF,"1.0000, 1.0000, 1.0000",False
2,594.95996,841.91998,rect,498.02687048087955,499.04221578257346,79.19692038012818,109.65727943094646,1.0153453016939125,30.460359050818283,True,False,"1.0000, 1.0000, 1.0000",#FFFFFF,"1.0000, 1.0000, 1.0000",False
2,594.95996,841.91998,rect,523.9181756740751,575.7007860604663,79.19692038012818,109.65727943094646,51.782610386391184,30.460359050818283,True,False,"0.9569, 0.9686, 0.9725",#F4F7F8,"0.9569, 0.9686, 0.9725",False
2,594.95996,841.91998,rect,523.9181756740751,524.933520975769,79.19692038012818,109.65727943094646,1.0153453016939693,30.460359050818283,True,False,"1.0000, 1.0000, 1.0000",#FFFFFF,"1.0000, 1.0000, 1.0000",False
2,594.95996,841.91998,rect,549.8094808672706,550.8248261689646,79.19692038012818,109.65727943094646,1.0153453016939693,30.460359050818283,True,False,"1.0000, 1.0000, 1.0000",#FFFFFF,"1.0000, 1.0000, 1.0000",False
2,594.95996,841.91998,rect,92.3964224541489,115.74936439310962,110.67262473264043,141.1329837834587,23.35294193896071,30.460359050818283,True,False,"0.9569, 0.9686, 0.9725",#F4F7F8,"0.9569, 0.9686, 0.9725",False
2,594.95996,841.91998,rect,92.3964224541489,93.41176775584285,110.67262473264043,141.1329837834587,1.0153453016939409,30.460359050818283,True,False,"1.0000, 1.0000, 1.0000",#FFFFFF,"1.0000, 1.0000, 1.0000",False
2,594.95996,841.91998,rect,115.74936439310962,161.43990296933708,110.67262473264043,141.1329837834587,45.69053857622747,30.460359050818283,True,False,"0.9569, 0.9686, 0.9725",#F4F7F8,"0.9569, 0.9686, 0.9725",False
2,594.95996,841.91998,rect,115.74936439310962,116.76470969480356,110.67262473264043,141.1329837834587,1.0153453016939409,30.460359050818283,True,False,"1.0000, 1.0000, 1.0000",#FFFFFF,"1.0000, 1.0000, 1.0000",False
2,594.95996,841.91998,rect,161.43990296933708,213.22251335572824,110.67262473264043,141.1329837834587,51.782610386391156,30.460359050818283,True,False,"0.9569, 0.9686, 0.9725",#F4F7F8,"0.9569, 0.9686, 0.9725",False
2,594.95996,841.91998,rect,161.43990296933708,162.45524827103105,110.67262473264043,141.1329837834587,1.0153453016939693,30.460359050818283,True,False,"1.0000, 1.0000, 1.0000",#FFFFFF,"1.0000, 1.0000, 1.0000",False
2,594.95996,841.91998,rect,187.33120816253268,188.34655346422662,110.67262473264043,141.1329837834587,1.0153453016939409,30.460359050818283,True,False,"1.0000, 1.0000, 1.0000",#FFFFFF,"1.0000, 1.0000, 1.0000",False
2,594.95996,841.91998,rect,213.22251335572824,316.7877341285105,110.67262473264043,141.1329837834587,103.56522077278228,30.460359050818283,True,False,"0.9569, 0.9686, 0.9725",#F4F7F8,"0.9569, 0.9686, 0.9725",False
2,594.95996,841.91998,rect,213.22251335572824,214.23785865742218,110.67262473264043,141.1329837834587,1.0153453016939409,30.460359050818283,True,False,"1.0000, 1.0000, 1.0000",#FFFFFF,"1.0000, 1.0000, 1.0000",False
2,594.95996,841.91998,rect,239.1138185489238,240.12916385061774,110.67262473264043,141.1329837834587,1.0153453016939409,30.460359050818283,True,False,"1.0000, 1.0000, 1.0000",#FFFFFF,"1.0000, 1.0000, 1.0000",False
2,594.95996,841.91998,rect,265.0051237421194,266.0204690438133,110.67262473264043,141.1329837834587,1.0153453016939125,30.460359050818283,True,False,"1.0000, 1.0000, 1.0000",#FFFFFF,"1.0000, 1.0000, 1.0000",False
2,594.95996,841.91998,rect,290.89642893531493,291.9117742370089,110.67262473264043,141.1329837834587,1.0153453016939693,30.460359050818283,True,False,"1.0000, 1.0000, 1.0000",#FFFFFF,"1.0000, 1.0000, 1.0000",False
2,594.95996,841.91998,rect,316.7877341285105,420.35295490129283,110.67262473264043,141.1329837834587,103.56522077278231,30.460359050818283,True,False,"0.9569, 0.9686, 0.9725",#F4F7F8,"0.9569, 0.9686, 0.9725",False
2,594.95996,841.91998,rect,316.7877341285105,317.8030794302045,110.67262473264043,141.1329837834587,1.0153453016939693,30.460359050818283,True,False,"1.0000, 1.0000, 1.0000",#FFFFFF,"1.0000, 1.0000, 1.0000",False
2,594.95996,841.91998,rect,342.6790393217061,343.6943846234,110.67262473264043,141.1329837834587,1.0153453016939125,30.460359050818283,True,False,"1.0000, 1.0000, 1.0000",#FFFFFF,"1.0000, 1.0000, 1.0000",False
2,594.95996,841.91998,rect,368.57034451490165,369.5856898165956,110.67262473264043,141.1329837834587,1.0153453016939693,30.460359050818283,True,False,"1.0000, 1.0000, 1.0000",#FFFFFF,"1.0000, 1.0000, 1.0000",False
2,594.95996,841.91998,rect,394.46164970809724,395.4769950097912,110.67262473264043,141.1329837834587,1.0153453016939693,30.460359050818283,True,False,"1.0000, 1.0000, 1.0000",#FFFFFF,"1.0000, 1.0000, 1.0000",False
2,594.95996,841.91998,rect,420.35295490129283,523.9181756740751,110.67262473264043,141.1329837834587,103.56522077278225,30.460359050818283,True,False,"0.9569, 0.9686, 0.9725",#F4F7F8,"0.9569, 0.9686, 0.9725",False
2,594.95996,841.91998,rect,420.35295490129283,421.36830020298675,110.67262473264043,141.1329837834587,1.0153453016939125,30.460359050818283,True,False,"1.0000, 1.0000, 1.0000",#FFFFFF,"1.0000, 1.0000, 1.0000",False
2,594.95996,841.91998,rect,446.24426009448837,447.25960539618234,110.67262473264043,141.1329837834587,1.0153453016939693,30.460359050818283,True,False,"1.0000, 1.0000, 1.0000",#FFFFFF,"1.0000, 1.0000, 1.0000",False
2,594.95996,841.91998,rect,472.13556528768396,473.1509105893779,110.67262473264043,141.1329837834587,1.0153453016939125,30.460359050818283,True,False,"1.0000, 1.0000, 1.0000",#FFFFFF,"1.0000, 1.0000, 1.0000",False
2,594.95996,841.91998,rect,498.02687048087955,499.04221578257346,110.67262473264043,141.1329837834587,1.0153453016939125,30.460359050818283,True,False,"1.0000, 1.0000, 1.0000",#FFFFFF,"1.0000, 1.0000, 1.0000",False
2,594.95996,841.91998,rect,523.9181756740751,575.7007860604663,110.67262473264043,141.1329837834587,51.782610386391184,30.460359050818283,True,False,"0.9569, 0.9686, 0.9725",#F4F7F8,"0.9569, 0.9686, 0.9725",False
2,594.95996,841.91998,rect,523.9181756740751,524.933520975769,110.67262473264043,141.1329837834587,1.0153453016939693,30.460359050818283,True,False,"1.0000, 1.0000, 1.0000",#FFFFFF,"1.0000, 1.0000, 1.0000",False
2,594.95996,841.91998,rect,549.8094808672706,550.8248261689646,110.67262473264043,141.1329837834587,1.0153453016939693,30.460359050818283,True,False,"1.0000, 1.0000, 1.0000",#FFFFFF,"1.0000, 1.0000, 1.0000",False
2,594.95996,841.91998,rect,92.3964224541489,115.74936439310962,142.14832908515268,172.60868813597097,23.35294193896071,30.460359050818283,True,False,"0.9569, 0.9686, 0.9725",#F4F7F8,"0.9569, 0.9686, 0.9725",False
2,594.95996,841.91998,rect,92.3964224541489,93.41176775584285,142.14832908515268,172.60868813597097,1.0153453016939409,30.460359050818283,True,False,"1.0000, 1.0000, 1.0000",#FFFFFF,"1.0000, 1.0000, 1.0000",False
2,594.95996,841.91998,rect,115.74936439310962,161.43990296933708,142.14832908515268,172.60868813597097,45.69053857622747,30.460359050818283,True,False,"0.9569, 0.9686, 0.9725",#F4F7F8,"0.9569, 0.9686, 0.9725",False
2,594.95996,841.91998,rect,115.74936439310962,116.76470969480356,142.14832908515268,172.60868813597097,1.0153453016939409,30.460359050818283,True,False,"1.0000, 1.0000, 1.0000",#FFFFFF,"1.0000, 1.0000, 1.0000",False
2,594.95996,841.91998,rect,161.43990296933708,213.22251335572824,142.14832908515268,172.60868813597097,51.782610386391156,30.460359050818283,True,False,"0.9569, 0.9686, 0.9725",#F4F7F8,"0.9569, 0.9686, 0.9725",False
2,594.95996,841.91998,rect,161.43990296933708,162.45524827103105,142.14832908515268,172.60868813597097,1.0153453016939693,30.460359050818283,True,False,"1.0000, 1.0000, 1.0000",#FFFFFF,"1.0000, 1.0000, 1.0000",False
2,594.95996,841.91998,rect,187.33120816253268,188.34655346422662,142.14832908515268,172.60868813597097,1.0153453016939409,30.460359050818283,True,False,"1.0000, 1.0000, 1.0000",#FFFFFF,"1.0000, 1.0000, 1.0000",False
2,594.95996,841.91998,rect,213.22251335572824,316.7877341285105,142.14832908515268,172.60868813597097,103.56522077278228,30.460359050818283,True,False,"0.9569, 0.9686, 0.9725",#F4F7F8,"0.9569, 0.9686, 0.9725",False
2,594.95996,841.91998,rect,213.22251335572824,214.23785865742218,142.14832908515268,172.60868813597097,1.0153453016939409,30.460359050818283,True,False,"1.0000, 1.0000, 1.0000",#FFFFFF,"1.0000, 1.0000, 1.0000",False
2,594.95996,841.91998,rect,239.1138185489238,240.12916385061774,142.14832908515268,172.60868813597097,1.0153453016939409,30.460359050818283,True,False,"1.0000, 1.0000, 1.0000",#FFFFFF,"1.0000, 1.0000, 1.0000",False
2,594.95996,841.91998,rect,265.0051237421194,266.0204690438133,142.14832908515268,172.60868813597097,1.0153453016939125,30.460359050818283,True,False,"1.0000, 1.0000, 1.0000",#FFFFFF,"1.0000, 1.0000, 1.0000",False
2,594.95996,841.91998,rect,290.89642893531493,291.9117742370089,142.14832908515268,172.60868813597097,1.0153453016939693,30.460359050818283,True,False,"1.0000, 1.0000, 1.0000",#FFFFFF,"1.0000, 1.0000, 1.0000",False
2,594.95996,841.91998,rect,316.7877341285105,420.35295490129283,142.14832908515268,172.60868813597097,103.56522077278231,30.460359050818283,True,False,"0.9569, 0.9686, 0.9725",#F4F7F8,"0.9569, 0.9686, 0.9725",False
2,594.95996,841.91998,rect,316.7877341285105,317.8030794302045,142.14832908515268,172.60868813597097,1.0153453016939693,30.460359050818283,True,False,"1.0000, 1.0000, 1.0000",#FFFFFF,"1.0000, 1.0000, 1.0000",False
2,594.95996,841.91998,rect,342.6790393217061,343.6943846234,142.14832908515268,172.60868813597097,1.0153453016939125,30.460359050818283,True,False,"1.0000, 1.0000, 1.0000",#FFFFFF,"1.0000, 1.0000, 1.0000",False
2,594.95996,841.91998,rect,368.57034451490165,369.5856898165956,142.14832908515268,172.60868813597097,1.0153453016939693,30.460359050818283,True,False,"1.0000, 1.0000, 1.0000",#FFFFFF,"1.0000, 1.0000, 1.0000",False
2,594.95996,841.91998,rect,394.46164970809724,395.4769950097912,142.14832908515268,172.60868813597097,1.0153453016939693,30.460359050818283,True,False,"1.0000, 1.0000, 1.0000",#FFFFFF,"1.0000, 1.0000, 1.0000",False
2,594.95996,841.91998,rect,420.35295490129283,523.9181756740751,142.14832908515268,172.60868813597097,103.56522077278225,30.460359050818283,True,False,"0.9569, 0.9686, 0.9725",#F4F7F8,"0.9569, 0.9686, 0.9725",False
2,594.95996,841.91998,rect,420.35295490129283,421.36830020298675,142.14832908515268,172.60868813597097,1.0153453016939125,30.460359050818283,True,False,"1.0000, 1.0000, 1.0000",#FFFFFF,"1.0000, 1.0000, 1.0000",False
2,594.95996,841.91998,rect,446.24426009448837,447.25960539618234,142.14832908515268,172.60868813597097,1.0153453016939693,30.460359050818283,True,False,"1.0000, 1.0000, 1.0000",#FFFFFF,"1.0000, 1.0000, 1.0000",False
2,594.95996,841.91998,rect,472.13556528768396,473.1509105893779,142.14832908515268,172.60868813597097,1.0153453016939125,30.460359050818283,True,False,"1.0000, 1.0000, 1.0000",#FFFFFF,"1.0000, 1.0000, 1.0000",False
2,594.95996,841.91998,rect,498.02687048087955,499.04221578257346,142.14832908515268,172.60868813597097,1.0153453016939125,30.460359050818283,True,False,"1.0000, 1.0000, 1.0000",#FFFFFF,"1.0000, 1.0000, 1.0000",False
2,594.95996,841.91998,rect,523.9181756740751,575.7007860604663,142.14832908515268,172.60868813597097,51.782610386391184,30.460359050818283,True,False,"0.9569, 0.9686, 0.9725",#F4F7F8,"0.9569, 0.9686, 0.9725",False
2,594.95996,841.91998,rect,523.9181756740751,524.933520975769,142.14832908515268,172.60868813597097,1.0153453016939693,30.460359050818283,True,False,"1.0000, 1.0000, 1.0000",#FFFFFF,"1.0000, 1.0000, 1.0000",False
2,594.95996,841.91998,rect,549.8094808672706,550.8248261689646,142.14832908515268,172.60868813597097,1.0153453016939693,30.460359050818283,True,False,"1.0000, 1.0000, 1.0000",#FFFFFF,"1.0000, 1.0000, 1.0000",False
2,594.95996,841.91998,rect,92.3964224541489,115.74936439310962,220.32991731558639,250.79027636640478,23.35294193896071,30.460359050818397,True,False,"0.9569, 0.9686, 0.9725",#F4F7F8,"0.9569, 0.9686, 0.9725",False
2,594.95996,841.91998,rect,92.3964224541489,93.41176775584285,220.32991731558639,250.79027636640478,1.0153453016939409,30.460359050818397,True,False,"1.0000, 1.0000, 1.0000",#FFFFFF,"1.0000, 1.0000, 1.0000",False
2,594.95996,841.91998,rect,115.74936439310962,161.43990296933708,220.32991731558639,250.79027636640478,45.69053857622747,30.460359050818397,True,False,"0.9569, 0.9686, 0.9725",#F4F7F8,"0.9569, 0.9686, 0.9725",False
2,594.95996,841.91998,rect,115.74936439310962,116.76470969480356,220.32991731558639,250.79027636640478,1.0153453016939409,30.460359050818397,True,False,"1.0000, 1.0000, 1.0000",#FFFFFF,"1.0000, 1.0000, 1.0000",False
2,594.95996,841.91998,rect,161.43990296933708,213.22251335572824,220.32991731558639,250.79027636640478,51.782610386391156,30.460359050818397,True,False,"0.9569, 0.9686, 0.9725",#F4F7F8,"0.9569, 0.9686, 0.9725",False
2,594.95996,841.91998,rect,161.43990296933708,162.45524827103105,220.32991731558639,250.79027636640478,1.0153453016939693,30.460359050818397,True,False,"1.0000, 1.0000, 1.0000",#FFFFFF,"1.0000, 1.0000, 1.0000",False
2,594.95996,841.91998,rect,187.33120816253268,188.34655346422662,220.32991731558639,250.79027636640478,1.0153453016939409,30.460359050818397,True,False,"1.0000, 1.0000, 1.0000",#FFFFFF,"1.0000, 1.0000, 1.0000",False
2,594.95996,841.91998,rect,213.22251335572824,316.7877341285105,220.32991731558639,250.79027636640478,103.56522077278228,30.460359050818397,True,False,"0.9569, 0.9686, 0.9725",#F4F7F8,"0.9569, 0.9686, 0.9725",False
2,594.95996,841.91998,rect,213.22251335572824,214.23785865742218,220.32991731558639,250.79027636640478,1.0153453016939409,30.460359050818397,True,False,"1.0000, 1.0000, 1.0000",#FFFFFF,"1.0000, 1.0000, 1.0000",False
2,594.95996,841.91998,rect,239.1138185489238,240.12916385061774,220.32991731558639,250.79027636640478,1.0153453016939409,30.460359050818397,True,False,"1.0000, 1.0000, 1.0000",#FFFFFF,"1.0000, 1.0000, 1.0000",False
2,594.95996,841.91998,rect,265.0051237421194,266.0204690438133,220.32991731558639,250.79027636640478,1.0153453016939125,30.460359050818397,True,False,"1.0000, 1.0000, 1.0000",#FFFFFF,"1.0000, 1.0000, 1.0000",False
2,594.95996,841.91998,rect,290.89642893531493,291.9117742370089,220.32991731558639,250.79027636640478,1.0153453016939693,30.460359050818397,True,False,"1.0000, 1.0000, 1.0000",#FFFFFF,"1.0000, 1.0000, 1.0000",False
2,594.95996,841.91998,rect,316.7877341285105,420.35295490129283,220.32991731558639,250.79027636640478,103.56522077278231,30.460359050818397,True,False,"0.9569, 0.9686, 0.9725",#F4F7F8,"0.9569, 0.9686, 0.9725",False
2,594.95996,841.91998,rect,316.7877341285105,317.8030794302045,220.32991731558639,250.79027636640478,1.0153453016939693,30.460359050818397,True,False,"1.0000, 1.0000, 1.0000",#FFFFFF,"1.0000, 1.0000, 1.0000",False
2,594.95996,841.91998,rect,342.6790393217061,343.6943846234,220.32991731558639,250.79027636640478,1.0153453016939125,30.460359050818397,True,False,"1.0000, 1.0000, 1.0000",#FFFFFF,"1.0000, 1.0000, 1.0000",False
2,594.95996,841.91998,rect,368.57034451490165,369.5856898165956,220.32991731558639,250.79027636640478,1.0153453016939693,30.460359050818397,True,False,"1.0000, 1.0000, 1.0000",#FFFFFF,"1.0000, 1.0000, 1.0000",False
2,594.95996,841.91998,rect,394.46164970809724,395.4769950097912,220.32991731558639,250.79027636640478,1.0153453016939693,30.460359050818397,True,False,"1.0000, 1.0000, 1.0000",#FFFFFF,"1.0000, 1.0000, 1.0000",False
2,594.95996,841.91998,rect,420.35295490129283,523.9181756740751,220.32991731558639,250.79027636640478,103.56522077278225,30.460359050818397,True,False,"0.9569, 0.9686, 0.9725",#F4F7F8,"0.9569, 0.9686, 0.9725",False
2,594.95996,841.91998,rect,420.35295490129283,421.36830020298675,220.32991731558639,250.79027636640478,1.0153453016939125,30.460359050818397,True,False,"1.0000, 1.0000, 1.0000",#FFFFFF,"1.0000, 1.0000, 1.0000",False
2,594.95996,841.91998,rect,446.24426009448837,447.25960539618234,220.32991731558639,250.79027636640478,1.0153453016939693,30.460359050818397,True,False,"1.0000, 1.0000, 1.0000",#FFFFFF,"1.0000, 1.0000, 1.0000",False
2,594.95996,841.91998,rect,472.13556528768396,473.1509105893779,220.32991731558639,250.79027636640478,1.0153453016939125,30.460359050818397,True,False,"1.0000, 1.0000, 1.0000",#FFFFFF,"1.0000, 1.0000, 1.0000",False
2,594.95996,841.91998,rect,498.02687048087955,499.04221578257346,220.32991731558639,250.79027636640478,1.0153453016939125,30.460359050818397,True,False,"1.0000, 1.0000, 1.0000",#FFFFFF,"1.0000, 1.0000, 1.0000",False
2,594.95996,841.91998,rect,523.9181756740751,575.7007860604663,220.32991731558639,250.79027636640478,51.782610386391184,30.460359050818397,True,False,"0.9569, 0.9686, 0.9725",#F4F7F8,"0.9569, 0.9686, 0.9725",False
2,594.95996,841.91998,rect,523.9181756740751,524.933520975769,220.32991731558639,250.79027636640478,1.0153453016939693,30.460359050818397,True,False,"1.0000, 1.0000, 1.0000",#FFFFFF,"1.0000, 1.0000, 1.0000",False
2,594.95996,841.91998,rect,549.8094808672706,550.8248261689646,220.32991731558639,250.79027636640478,1.0153453016939693,30.460359050818397,True,False,"1.0000, 1.0000, 1.0000",#FFFFFF,"1.0000, 1.0000, 1.0000",False
2,594.95996,841.91998,rect,92.3964224541489,115.74936439310962,251.80562166809875,282.2659807189169,23.35294193896071,30.46035905081817,True,False,"0.9569, 0.9686, 0.9725",#F4F7F8,"0.9569, 0.9686, 0.9725",False
2,594.95996,841.91998,rect,92.3964224541489,93.41176775584285,251.80562166809875,282.2659807189169,1.0153453016939409,30.46035905081817,True,False,"1.0000, 1.0000, 1.0000",#FFFFFF,"1.0000, 1.0000, 1.0000",False
2,594.95996,841.91998,rect,115.74936439310962,161.43990296933708,251.80562166809875,282.2659807189169,45.69053857622747,30.46035905081817,True,False,"0.9569, 0.9686, 0.9725",#F4F7F8,"0.9569, 0.9686, 0.9725",False
2,594.95996,841.91998,rect,115.74936439310962,116.76470969480356,251.80562166809875,282.2659807189169,1.0153453016939409,30.46035905081817,True,False,"1.0000, 1.0000, 1.0000",#FFFFFF,"1.0000, 1.0000, 1.0000",False
2,594.95996,841.91998,rect,161.43990296933708,213.22251335572824,251.80562166809875,282.2659807189169,51.782610386391156,30.46035905081817,True,False,"0.9569, 0.9686, 0.9725",#F4F7F8,"0.9569, 0.9686, 0.9725",False
2,594.95996,841.91998,rect,161.43990296933708,162.45524827103105,251.80562166809875,282.2659807189169,1.0153453016939693,30.46035905081817,True,False,"1.0000, 1.0000, 1.0000",#FFFFFF,"1.0000, 1.0000, 1.0000",False
2,594.95996,841.91998,rect,187.33120816253268,188.34655346422662,251.80562166809875,282.2659807189169,1.0153453016939409,30.46035905081817,True,False,"1.0000, 1.0000, 1.0000",#FFFFFF,"1.0000, 1.0000, 1.0000",False
2,594.95996,841.91998,rect,213.22251335572824,316.7877341285105,251.80562166809875,282.2659807189169,103.56522077278228,30.46035905081817,True,False,"0.9569, 0.9686, 0.9725",#F4F7F8,"0.9569, 0.9686, 0.9725",False
2,594.95996,841.91998,rect,213.22251335572824,214.23785865742218,251.80562166809875,282.2659807189169,1.0153453016939409,30.46035905081817,True,False,"1.0000, 1.0000, 1.0000",#FFFFFF,"1.0000, 1.0000, 1.0000",False
2,594.95996,841.91998,rect,239.1138185489238,240.12916385061774,251.80562166809875,282.2659807189169,1.0153453016939409,30.46035905081817,True,False,"1.0000, 1.0000, 1.0000",#FFFFFF,"1.0000, 1.0000, 1.0000",False
2,594.95996,841.91998,rect,265.0051237421194,266.0204690438133,251.80562166809875,282.2659807189169,1.0153453016939125,30.46035905081817,True,False,"1.0000, 1.0000, 1.0000",#FFFFFF,"1.0000, 1.0000, 1.0000",False
2,594.95996,841.91998,rect,290.89642893531493,291.9117742370089,251.80562166809875,282.2659807189169,1.0153453016939693,30.46035905081817,True,False,"1.0000, 1.0000, 1.0000",#FFFFFF,"1.0000, 1.0000, 1.0000",False
2,594.95996,841.91998,rect,316.7877341285105,420.35295490129283,251.80562166809875,282.2659807189169,103.56522077278231,30.46035905081817,True,False,"0.9569, 0.9686, 0.9725",#F4F7F8,"0.9569, 0.9686, 0.9725",False
2,594.95996,841.91998,rect,316.7877341285105,317.8030794302045,251.80562166809875,282.2659807189169,1.0153453016939693,30.46035905081817,True,False,"1.0000, 1.0000, 1.0000",#FFFFFF,"1.0000, 1.0000, 1.0000",False
2,594.95996,841.91998,rect,342.6790393217061,343.6943846234,251.80562166809875,282.2659807189169,1.0153453016939125,30.46035905081817,True,False,"1.0000, 1.0000, 1.0000",#FFFFFF,"1.0000, 1.0000, 1.0000",False
2,594.95996,841.91998,rect,368.57034451490165,369.5856898165956,251.80562166809875,282.2659807189169,1.0153453016939693,30.46035905081817,True,False,"1.0000, 1.0000, 1.0000",#FFFFFF,"1.0000, 1.0000, 1.0000",False
2,594.95996,841.91998,rect,394.46164970809724,395.4769950097912,251.80562166809875,282.2659807189169,1.0153453016939693,30.46035905081817,True,False,"1.0000, 1.0000, 1.0000",#FFFFFF,"1.0000, 1.0000, 1.0000",False
2,594.95996,841.91998,rect,420.35295490129283,523.9181756740751,251.80562166809875,282.2659807189169,103.56522077278225,30.46035905081817,True,False,"0.9569, 0.9686, 0.9725",#F4F7F8,"0.9569, 0.9686, 0.9725",False
2,594.95996,841.91998,rect,420.35295490129283,421.36830020298675,251.80562166809875,282.2659807189169,1.0153453016939125,30.46035905081817,True,False,"1.0000, 1.0000, 1.0000",#FFFFFF,"1.0000, 1.0000, 1.0000",False
2,594.95996,841.91998,rect,446.24426009448837,447.25960539618234,251.80562166809875,282.2659807189169,1.0153453016939693,30.46035905081817,True,False,"1.0000, 1.0000, 1.0000",#FFFFFF,"1.0000, 1.0000, 1.0000",False
2,594.95996,841.91998,rect,472.13556528768396,473.1509105893779,251.80562166809875,282.2659807189169,1.0153453016939125,30.46035905081817,True,False,"1.0000, 1.0000, 1.0000",#FFFFFF,"1.0000, 1.0000, 1.0000",False
2,594.95996,841.91998,rect,498.02687048087955,499.04221578257346,251.80562166809875,282.2659807189169,1.0153453016939125,30.46035905081817,True,False,"1.0000, 1.0000, 1.0000",#FFFFFF,"1.0000, 1.0000, 1.0000",False
2,594.95996,841.91998,rect,523.9181756740751,575.7007860604663,251.80562166809875,282.2659807189169,51.782610386391184,30.46035905081817,True,False,"0.9569, 0.9686, 0.9725",#F4F7F8,"0.9569, 0.9686, 0.9725",False
2,594.95996,841.91998,rect,523.9181756740751,524.933520975769,251.80562166809875,282.2659807189169,1.0153453016939693,30.46035905081817,True,False,"1.0000, 1.0000, 1.0000",#FFFFFF,"1.0000, 1.0000, 1.0000",False
2,594.95996,841.91998,rect,549.8094808672706,550.8248261689646,251.80562166809875,282.2659807189169,1.0153453016939693,30.46035905081817,True,False,"1.0000, 1.0000, 1.0000",#FFFFFF,"1.0000, 1.0000, 1.0000",False
2,594.95996,841.91998,rect,92.3964224541489,115.74936439310962,283.2813260206109,313.7416850714293,23.35294193896071,30.460359050818397,True,False,"0.9569, 0.9686, 0.9725",#F4F7F8,"0.9569, 0.9686, 0.9725",False
2,594.95996,841.91998,rect,92.3964224541489,93.41176775584285,283.2813260206109,313.7416850714293,1.0153453016939409,30.460359050818397,True,False,"1.0000, 1.0000, 1.0000",#FFFFFF,"1.0000, 1.0000, 1.0000",False
2,594.95996,841.91998,rect,115.74936439310962,161.43990296933708,283.2813260206109,313.7416850714293,45.69053857622747,30.460359050818397,True,False,"0.9569, 0.9686, 0.9725",#F4F7F8,"0.9569, 0.9686, 0.9725",False
2,594.95996,841.91998,rect,115.74936439310962,116.76470969480356,283.2813260206109,313.7416850714293,1.0153453016939409,30.460359050818397,True,False,"1.0000, 1.0000, 1.0000",#FFFFFF,"1.0000, 1.0000, 1.0000",False
2,594.95996,841.91998,rect,161.43990296933708,213.22251335572824,283.2813260206109,313.7416850714293,51.782610386391156,30.460359050818397,True,False,"0.9569, 0.9686, 0.9725",#F4F7F8,"0.9569, 0.9686, 0.9725",False
2,594.95996,841.91998,rect,161.43990296933708,162.45524827103105,283.2813260206109,313.7416850714293,1.0153453016939693,30.460359050818397,True,False,"1.0000, 1.0000, 1.0000",#FFFFFF,"1.0000, 1.0000, 1.0000",False
2,594.95996,841.91998,rect,187.33120816253268,188.34655346422662,283.2813260206109,313.7416850714293,1.0153453016939409,30.460359050818397,True,False,"1.0000, 1.0000, 1.0000",#FFFFFF,"1.0000, 1.0000, 1.0000",False
2,594.95996,841.91998,rect,213.22251335572824,316.7877341285105,283.2813260206109,313.7416850714293,103.56522077278228,30.460359050818397,True,False,"0.9569, 0.9686, 0.9725",#F4F7F8,"0.9569, 0.9686, 0.9725",False
2,594.95996,841.91998,rect,213.22251335572824,214.23785865742218,283.2813260206109,313.7416850714293,1.0153453016939409,30.460359050818397,True,False,"1.0000, 1.0000, 1.0000",#FFFFFF,"1.0000, 1.0000, 1.0000",False
2,594.95996,841.91998,rect,239.1138185489238,240.12916385061774,283.2813260206109,313.7416850714293,1.0153453016939409,30.460359050818397,True,False,"1.0000, 1.0000, 1.0000",#FFFFFF,"1.0000, 1.0000, 1.0000",False
2,594.95996,841.91998,rect,265.0051237421194,266.0204690438133,283.2813260206109,313.7416850714293,1.0153453016939125,30.460359050818397,True,False,"1.0000, 1.0000, 1.0000",#FFFFFF,"1.0000, 1.0000, 1.0000",False
2,594.95996,841.91998,rect,290.89642893531493,291.9117742370089,283.2813260206109,313.7416850714293,1.0153453016939693,30.460359050818397,True,False,"1.0000, 1.0000, 1.0000",#FFFFFF,"1.0000, 1.0000, 1.0000",False
2,594.95996,841.91998,rect,316.7877341285105,420.35295490129283,283.2813260206109,313.7416850714293,103.56522077278231,30.460359050818397,True,False,"0.9569, 0.9686, 0.9725",#F4F7F8,"0.9569, 0.9686, 0.9725",False
2,594.95996,841.91998,rect,316.7877341285105,317.8030794302045,283.2813260206109,313.7416850714293,1.0153453016939693,30.460359050818397,True,False,"1.0000, 1.0000, 1.0000",#FFFFFF,"1.0000, 1.0000, 1.0000",False
2,594.95996,841.91998,rect,342.6790393217061,343.6943846234,283.2813260206109,313.7416850714293,1.0153453016939125,30.460359050818397,True,False,"1.0000, 1.0000, 1.0000",#FFFFFF,"1.0000, 1.0000, 1.0000",False
2,594.95996,841.91998,rect,368.57034451490165,369.5856898165956,283.2813260206109,313.7416850714293,1.0153453016939693,30.460359050818397,True,False,"1.0000, 1.0000, 1.0000",#FFFFFF,"1.0000, 1.0000, 1.0000",False
2,594.95996,841.91998,rect,394.46164970809724,395.4769950097912,283.2813260206109,313.7416850714293,1.0153453016939693,30.460359050818397,True,False,"1.0000, 1.0000, 1.0000",#FFFFFF,"1.0000, 1.0000, 1.0000",False
2,594.95996,841.91998,rect,420.35295490129283,523.9181756740751,283.2813260206109,313.7416850714293,103.56522077278225,30.460359050818397,True,False,"0.9569, 0.9686, 0.9725",#F4F7F8,"0.9569, 0.9686, 0.9725",False
2,594.95996,841.91998,rect,420.35295490129283,421.36830020298675,283.2813260206109,313.7416850714293,1.0153453016939125,30.460359050818397,True,False,"1.0000, 1.0000, 1.0000",#FFFFFF,"1.0000, 1.0000, 1.0000",False
2,594.95996,841.91998,rect,446.24426009448837,447.25960539618234,283.2813260206109,313.7416850714293,1.0153453016939693,30.460359050818397,True,False,"1.0000, 1.0000, 1.0000",#FFFFFF,"1.0000, 1.0000, 1.0000",False
2,594.95996,841.91998,rect,472.13556528768396,473.1509105893779,283.2813260206109,313.7416850714293,1.0153453016939125,30.460359050818397,True,False,"1.0000, 1.0000, 1.0000",#FFFFFF,"1.0000, 1.0000, 1.0000",False
2,594.95996,841.91998,rect,498.02687048087955,499.04221578257346,283.2813260206109,313.7416850714293,1.0153453016939125,30.460359050818397,True,False,"1.0000, 1.0000, 1.0000",#FFFFFF,"1.0000, 1.0000, 1.0000",False
2,594.95996,841.91998,rect,523.9181756740751,575.7007860604663,283.2813260206109,313.7416850714293,51.782610386391184,30.460359050818397,True,False,"0.9569, 0.9686, 0.9725",#F4F7F8,"0.9569, 0.9686, 0.9725",False
2,594.95996,841.91998,rect,523.9181756740751,524.933520975769,283.2813260206109,313.7416850714293,1.0153453016939693,30.460359050818397,True,False,"1.0000, 1.0000, 1.0000",#FFFFFF,"1.0000, 1.0000, 1.0000",False
2,594.95996,841.91998,rect,549.8094808672706,550.8248261689646,283.2813260206109,313.7416850714293,1.0153453016939693,30.460359050818397,True,False,"1.0000, 1.0000, 1.0000",#FFFFFF,"1.0000, 1.0000, 1.0000",False
2,594.95996,841.91998,rect,92.3964224541489,115.74936439310962,314.75703037312326,345.2173894239414,23.35294193896071,30.46035905081817,True,False,"0.9569, 0.9686, 0.9725",#F4F7F8,"0.9569, 0.9686, 0.9725",False
2,594.95996,841.91998,rect,92.3964224541489,93.41176775584285,314.75703037312326,345.2173894239414,1.0153453016939409,30.46035905081817,True,False,"1.0000, 1.0000, 1.0000",#FFFFFF,"1.0000, 1.0000, 1.0000",False
2,594.95996,841.91998,rect,115.74936439310962,161.43990296933708,314.75703037312326,345.2173894239414,45.69053857622747,30.46035905081817,True,False,"0.9569, 0.9686, 0.9725",#F4F7F8,"0.9569, 0.9686, 0.9725",False
2,594.95996,841.91998,rect,115.74936439310962,116.76470969480356,314.75703037312326,345.2173894239414,1.0153453016939409,30.46035905081817,True,False,"1.0000, 1.0000, 1.0000",#FFFFFF,"1.0000, 1.0000, 1.0000",False
2,594.95996,841.91998,rect,161.43990296933708,213.22251335572824,314.75703037312326,345.2173894239414,51.782610386391156,30.46035905081817,True,False,"0.9569, 0.9686, 0.9725",#F4F7F8,"0.9569, 0.9686, 0.9725",False
2,594.95996,841.91998,rect,161.43990296933708,162.45524827103105,314.75703037312326,345.2173894239414,1.0153453016939693,30.46035905081817,True,False,"1.0000, 1.0000, 1.0000",#FFFFFF,"1.0000, 1.0000, 1.0000",False
2,594.95996,841.91998,rect,187.33120816253268,188.34655346422662,314.75703037312326,345.2173894239414,1.0153453016939409,30.46035905081817,True,False,"1.0000, 1.0000, 1.0000",#FFFFFF,"1.0000, 1.0000, 1.0000",False
2,594.95996,841.91998,rect,213.22251335572824,316.7877341285105,314.75703037312326,345.2173894239414,103.56522077278228,30.46035905081817,True,False,"0.9569, 0.9686, 0.9725",#F4F7F8,"0.9569, 0.9686, 0.9725",False
2,594.95996,841.91998,rect,213.22251335572824,214.23785865742218,314.75703037312326,345.2173894239414,1.0153453016939409,30.46035905081817,True,False,"1.0000, 1.0000, 1.0000",#FFFFFF,"1.0000, 1.0000, 1.0000",False
2,594.95996,841.91998,rect,239.1138185489238,240.12916385061774,314.75703037312326,345.2173894239414,1.0153453016939409,30.46035905081817,True,False,"1.0000, 1.0000, 1.0000",#FFFFFF,"1.0000, 1.0000, 1.0000",False
2,594.95996,841.91998,rect,265.0051237421194,266.0204690438133,314.75703037312326,345.2173894239414,1.0153453016939125,30.46035905081817,True,False,"1.0000, 1.0000, 1.0000",#FFFFFF,"1.0000, 1.0000, 1.0000",False
2,594.95996,841.91998,rect,290.89642893531493,291.9117742370089,314.75703037312326,345.2173894239414,1.0153453016939693,30.46035905081817,True,False,"1.0000, 1.0000, 1.0000",#FFFFFF,"1.0000, 1.0000, 1.0000",False
2,594.95996,841.91998,rect,316.7877341285105,420.35295490129283,314.75703037312326,345.2173894239414,103.56522077278231,30.46035905081817,True,False,"0.9569, 0.9686, 0.9725",#F4F7F8,"0.9569, 0.9686, 0.9725",False
2,594.95996,841.91998,rect,316.7877341285105,317.8030794302045,314.75703037312326,345.2173894239414,1.0153453016939693,30.46035905081817,True,False,"1.0000, 1.0000, 1.0000",#FFFFFF,"1.0000, 1.0000, 1.0000",False
2,594.95996,841.91998,rect,342.6790393217061,343.6943846234,314.75703037312326,345.2173894239414,1.0153453016939125,30.46035905081817,True,False,"1.0000, 1.0000, 1.0000",#FFFFFF,"1.0000, 1.0000, 1.0000",False
2,594.95996,841.91998,rect,368.57034451490165,369.5856898165956,314.75703037312326,345.2173894239414,1.0153453016939693,30.46035905081817,True,False,"1.0000, 1.0000, 1.0000",#FFFFFF,"1.0000, 1.0000, 1.0000",False
2,594.95996,841.91998,rect,394.46164970809724,395.4769950097912,314.75703037312326,345.2173894239414,1.0153453016939693,30.46035905081817,True,False,"1.0000, 1.0000, 1.0000",#FFFFFF,"1.0000, 1.0000, 1.0000",False
2,594.95996,841.91998,rect,420.35295490129283,523.9181756740751,314.75703037312326,345.2173894239414,103.56522077278225,30.46035905081817,True,False,"0.9569, 0.9686, 0.9725",#F4F7F8,"0.9569, 0.9686, 0.9725",False
2,594.95996,841.91998,rect,420.35295490129283,421.36830020298675,314.75703037312326,345.2173894239414,1.0153453016939125,30.46035905081817,True,False,"1.0000, 1.0000, 1.0000",#FFFFFF,"1.0000, 1.0000, 1.0000",False
2,594.95996,841.91998,rect,446.24426009448837,447.25960539618234,314.75703037312326,345.2173894239414,1.0153453016939693,30.46035905081817,True,False,"1.0000, 1.0000, 1.0000",#FFFFFF,"1.0000, 1.0000, 1.0000",False
2,594.95996,841.91998,rect,472.13556528768396,473.1509105893779,314.75703037312326,345.2173894239414,1.0153453016939125,30.46035905081817,True,False,"1.0000, 1.0000, 1.0000",#FFFFFF,"1.0000, 1.0000, 1.0000",False
2,594.95996,841.91998,rect,498.02687048087955,499.04221578257346,314.75703037312326,345.2173894239414,1.0153453016939125,30.46035905081817,True,False,"1.0000, 1.0000, 1.0000",#FFFFFF,"1.0000, 1.0000, 1.0000",False
2,594.95996,841.91998,rect,523.9181756740751,575.7007860604663,314.75703037312326,345.2173894239414,51.782610386391184,30.46035905081817,True,False,"0.9569, 0.9686, 0.9725",#F4F7F8,"0.9569, 0.9686, 0.9725",False
2,594.95996,841.91998,rect,523.9181756740751,524.933520975769,314.75703037312326,345.2173894239414,1.0153453016939693,30.46035905081817,True,False,"1.0000, 1.0000, 1.0000",#FFFFFF,"1.0000, 1.0000, 1.0000",False
2,594.95996,841.91998,rect,549.8094808672706,550.8248261689646,314.75703037312326,345.2173894239414,1.0153453016939693,30.46035905081817,True,False,"1.0000, 1.0000, 1.0000",#FFFFFF,"1.0000, 1.0000, 1.0000",False
2,594.95996,841.91998,rect,92.3964224541489,115.74936439310962,346.2327347256354,376.6930937764538,23.35294193896071,30.460359050818397,True,False,"0.9569, 0.9686, 0.9725",#F4F7F8,"0.9569, 0.9686, 0.9725",False
2,594.95996,841.91998,rect,92.3964224541489,93.41176775584285,346.2327347256354,376.6930937764538,1.0153453016939409,30.460359050818397,True,False,"1.0000, 1.0000, 1.0000",#FFFFFF,"1.0000, 1.0000, 1.0000",False
2,594.95996,841.91998,rect,115.74936439310962,161.43990296933708,346.2327347256354,376.6930937764538,45.69053857622747,30.460359050818397,True,False,"0.9569, 0.9686, 0.9725",#F4F7F8,"0.9569, 0.9686, 0.9725",False
2,594.95996,841.91998,rect,115.74936439310962,116.76470969480356,346.2327347256354,376.6930937764538,1.0153453016939409,30.460359050818397,True,False,"1.0000, 1.0000, 1.0000",#FFFFFF,"1.0000, 1.0000, 1.0000",False
2,594.95996,841.91998,rect,161.43990296933708,213.22251335572824,346.2327347256354,376.6930937764538,51.782610386391156,30.460359050818397,True,False,"0.9569, 0.9686, 0.9725",#F4F7F8,"0.9569, 0.9686, 0.9725",False
2,594.95996,841.91998,rect,161.43990296933708,162.45524827103105,346.2327347256354,376.6930937764538,1.0153453016939693,30.460359050818397,True,False,"1.0000, 1.0000, 1.0000",#FFFFFF,"1.0000, 1.0000, 1.0000",False
2,594.95996,841.91998,rect,187.33120816253268,188.34655346422662,346.2327347256354,376.6930937764538,1.0153453016939409,30.460359050818397,True,False,"1.0000, 1.0000, 1.0000",#FFFFFF,"1.0000, 1.0000, 1.0000",False
2,594.95996,841.91998,rect,213.22251335572824,316.7877341285105,346.2327347256354,376.6930937764538,103.56522077278228,30.460359050818397,True,False,"0.9569, 0.9686, 0.9725",#F4F7F8,"0.9569, 0.9686, 0.9725",False
2,594.95996,841.91998,rect,213.22251335572824,214.23785865742218,346.2327347256354,376.6930937764538,1.0153453016939409,30.460359050818397,True,False,"1.0000, 1.0000, 1.0000",#FFFFFF,"1.0000, 1.0000, 1.0000",False
2,594.95996,841.91998,rect,239.1138185489238,240.12916385061774,346.2327347256354,376.6930937764538,1.0153453016939409,30.460359050818397,True,False,"1.0000, 1.0000, 1.0000",#FFFFFF,"1.0000, 1.0000, 1.0000",False
2,594.95996,841.91998,rect,265.0051237421194,266.0204690438133,346.2327347256354,376.6930937764538,1.0153453016939125,30.460359050818397,True,False,"1.0000, 1.0000, 1.0000",#FFFFFF,"1.0000, 1.0000, 1.0000",False
2,594.95996,841.91998,rect,290.89642893531493,291.9117742370089,346.2327347256354,376.6930937764538,1.0153453016939693,30.460359050818397,True,False,"1.0000, 1.0000, 1.0000",#FFFFFF,"1.0000, 1.0000, 1.0000",False
2,594.95996,841.91998,rect,316.7877341285105,420.35295490129283,346.2327347256354,376.6930937764538,103.56522077278231,30.460359050818397,True,False,"0.9569, 0.9686, 0.9725",#F4F7F8,"0.9569, 0.9686, 0.9725",False
2,594.95996,841.91998,rect,316.7877341285105,317.8030794302045,346.2327347256354,376.6930937764538,1.0153453016939693,30.460359050818397,True,False,"1.0000, 1.0000, 1.0000",#FFFFFF,"1.0000, 1.0000, 1.0000",False
2,594.95996,841.91998,rect,342.6790393217061,343.6943846234,346.2327347256354,376.6930937764538,1.0153453016939125,30.460359050818397,True,False,"1.0000, 1.0000, 1.0000",#FFFFFF,"1.0000, 1.0000, 1.0000",False
2,594.95996,841.91998,rect,368.57034451490165,369.5856898165956,346.2327347256354,376.6930937764538,1.0153453016939693,30.460359050818397,True,False,"1.0000, 1.0000, 1.0000",#FFFFFF,"1.0000, 1.0000, 1.0000",False
2,594.95996,841.91998,rect,394.46164970809724,395.4769950097912,346.2327347256354,376.6930937764538,1.0153453016939693,30.460359050818397,True,False,"1.0000, 1.0000, 1.0000",#FFFFFF,"1.0000, 1.0000, 1.0000",False
2,594.95996,841.91998,rect,420.35295490129283,523.9181756740751,346.2327347256354,376.6930937764538,103.56522077278225,30.460359050818397,True,False,"0.9569, 0.9686, 0.9725",#F4F7F8,"0.9569, 0.9686, 0.9725",False
2,594.95996,841.91998,rect,420.35295490129283,421.36830020298675,346.2327347256354,376.6930937764538,1.0153453016939125,30.460359050818397,True,False,"1.0000, 1.0000, 1.0000",#FFFFFF,"1.0000, 1.0000, 1.0000",False
2,594.95996,841.91998,rect,446.24426009448837,447.25960539618234,346.2327347256354,376.6930937764538,1.0153453016939693,30.460359050818397,True,False,"1.0000, 1.0000, 1.0000",#FFFFFF,"1.0000, 1.0000, 1.0000",False
2,594.95996,841.91998,rect,472.13556528768396,473.1509105893779,346.2327347256354,376.6930937764538,1.0153453016939125,30.460359050818397,True,False,"1.0000, 1.0000, 1.0000",#FFFFFF,"1.0000, 1.0000, 1.0000",False
2,594.95996,841.91998,rect,498.02687048087955,499.04221578257346,346.2327347256354,376.6930937764538,1.0153453016939125,30.460359050818397,True,False,"1.0000, 1.0000, 1.0000",#FFFFFF,"1.0000, 1.0000, 1.0000",False
2,594.95996,841.91998,rect,523.9181756740751,575.7007860604663,346.2327347256354,376.6930937764538,51.782610386391184,30.460359050818397,True,False,"0.9569, 0.9686, 0.9725",#F4F7F8,"0.9569, 0.9686, 0.9725",False
2,594.95996,841.91998,rect,523.9181756740751,524.933520975769,346.2327347256354,376.6930937764538,1.0153453016939693,30.460359050818397,True,False,"1.0000, 1.0000, 1.0000",#FFFFFF,"1.0000, 1.0000, 1.0000",False
2,594.95996,841.91998,rect,549.8094808672706,550.8248261689646,346.2327347256354,376.6930937764538,1.0153453016939693,30.460359050818397,True,False,"1.0000, 1.0000, 1.0000",#FFFFFF,"1.0000, 1.0000, 1.0000",False
2,594.95996,841.91998,rect,92.3964224541489,115.74936439310962,377.70843907814776,408.16879812896593,23.35294193896071,30.46035905081817,True,False,"0.9569, 0.9686, 0.9725",#F4F7F8,"0.9569, 0.9686, 0.9725",False
2,594.95996,841.91998,rect,92.3964224541489,93.41176775584285,377.70843907814776,408.16879812896593,1.0153453016939409,30.46035905081817,True,False,"1.0000, 1.0000, 1.0000",#FFFFFF,"1.0000, 1.0000, 1.0000",False
2,594.95996,841.91998,rect,115.74936439310962,161.43990296933708,377.70843907814776,408.16879812896593,45.69053857622747,30.46035905081817,True,False,"0.9569, 0.9686, 0.9725",#F4F7F8,"0.9569, 0.9686, 0.9725",False
2,594.95996,841.91998,rect,115.74936439310962,116.76470969480356,377.70843907814776,408.16879812896593,1.0153453016939409,30.46035905081817,True,False,"1.0000, 1.0000, 1.0000",#FFFFFF,"1.0000, 1.0000, 1.0000",False
2,594.95996,841.91998,rect,161.43990296933708,213.22251335572824,377.70843907814776,408.16879812896593,51.782610386391156,30.46035905081817,True,False,"0.9569, 0.9686, 0.9725",#F4F7F8,"0.9569, 0.9686, 0.9725",False
2,594.95996,841.91998,rect,161.43990296933708,162.45524827103105,377.70843907814776,408.16879812896593,1.0153453016939693,30.46035905081817,True,False,"1.0000, 1.0000, 1.0000",#FFFFFF,"1.0000, 1.0000, 1.0000",False
2,594.95996,841.91998,rect,187.33120816253268,188.34655346422662,377.70843907814776,408.16879812896593,1.0153453016939409,30.46035905081817,True,False,"1.0000, 1.0000, 1.0000",#FFFFFF,"1.0000, 1.0000, 1.0000",False
2,594.95996,841.91998,rect,213.22251335572824,316.7877341285105,377.70843907814776,408.16879812896593,103.56522077278228,30.46035905081817,True,False,"0.9569, 0.9686, 0.9725",#F4F7F8,"0.9569, 0.9686, 0.9725",False
2,594.95996,841.91998,rect,213.22251335572824,214.23785865742218,377.70843907814776,408.16879812896593,1.0153453016939409,30.46035905081817,True,False,"1.0000, 1.0000, 1.0000",#FFFFFF,"1.0000, 1.0000, 1.0000",False
2,594.95996,841.91998,rect,239.1138185489238,240.12916385061774,377.70843907814776,408.16879812896593,1.0153453016939409,30.46035905081817,True,False,"1.0000, 1.0000, 1.0000",#FFFFFF,"1.0000, 1.0000, 1.0000",False
2,594.95996,841.91998,rect,265.0051237421194,266.0204690438133,377.70843907814776,408.16879812896593,1.0153453016939125,30.46035905081817,True,False,"1.0000, 1.0000, 1.0000",#FFFFFF,"1.0000, 1.0000, 1.0000",False
2,594.95996,841.91998,rect,290.89642893531493,291.9117742370089,377.70843907814776,408.16879812896593,1.0153453016939693,30.46035905081817,True,False,"1.0000, 1.0000, 1.0000",#FFFFFF,"1.0000, 1.0000, 1.0000",False
2,594.95996,841.91998,rect,316.7877341285105,420.35295490129283,377.70843907814776,408.16879812896593,103.56522077278231,30.46035905081817,True,False,"0.9569, 0.9686, 0.9725",#F4F7F8,"0.9569, 0.9686, 0.9725",False
2,594.95996,841.91998,rect,316.7877341285105,317.8030794302045,377.70843907814776,408.16879812896593,1.0153453016939693,30.46035905081817,True,False,"1.0000, 1.0000, 1.0000",#FFFFFF,"1.0000, 1.0000, 1.0000",False
2,594.95996,841.91998,rect,342.6790393217061,343.6943846234,377.70843907814776,408.16879812896593,1.0153453016939125,30.46035905081817,True,False,"1.0000, 1.0000, 1.0000",#FFFFFF,"1.0000, 1.0000, 1.0000",False
2,594.95996,841.91998,rect,368.57034451490165,369.5856898165956,377.70843907814776,408.16879812896593,1.0153453016939693,30.46035905081817,True,False,"1.0000, 1.0000, 1.0000",#FFFFFF,"1.0000, 1.0000, 1.0000",False
2,594.95996,841.91998,rect,394.46164970809724,395.4769950097912,377.70843907814776,408.16879812896593,1.0153453016939693,30.46035905081817,True,False,"1.0000, 1.0000, 1.0000",#FFFFFF,"1.0000, 1.0000, 1.0000",False
2,594.95996,841.91998,rect,420.35295490129283,523.9181756740751,377.70843907814776,408.16879812896593,103.56522077278225,30.46035905081817,True,False,"0.9569, 0.9686, 0.9725",#F4F7F8,"0.9569, 0.9686, 0.9725",False
2,594.95996,841.91998,rect,420.35295490129283,421.36830020298675,377.70843907814776,408.16879812896593,1.0153453016939125,30.46035905081817,True,False,"1.0000, 1.0000, 1.0000",#FFFFFF,"1.0000, 1.0000, 1.0000",False
2,594.95996,841.91998,rect,446.24426009448837,447.25960539618234,377.70843907814776,408.16879812896593,1.0153453016939693,30.46035905081817,True,False,"1.0000, 1.0000, 1.0000",#FFFFFF,"1.0000, 1.0000, 1.0000",False
2,594.95996,841.91998,rect,472.13556528768396,473.1509105893779,377.70843907814776,408.16879812896593,1.0153453016939125,30.46035905081817,True,False,"1.0000, 1.0000, 1.0000",#FFFFFF,"1.0000, 1.0000, 1.0000",False
2,594.95996,841.91998,rect,498.02687048087955,499.04221578257346,377.70843907814776,408.16879812896593,1.0153453016939125,30.46035905081817,True,False,"1.0000, 1.0000, 1.0000",#FFFFFF,"1.0000, 1.0000, 1.0000",False
2,594.95996,841.91998,rect,523.9181756740751,575.7007860604663,377.70843907814776,408.16879812896593,51.782610386391184,30.46035905081817,True,False,"0.9569, 0.9686, 0.9725",#F4F7F8,"0.9569, 0.9686, 0.9725",False
2,594.95996,841.91998,rect,523.9181756740751,524.933520975769,377.70843907814776,408.16879812896593,1.0153453016939693,30.46035905081817,True,False,"1.0000, 1.0000, 1.0000",#FFFFFF,"1.0000, 1.0000, 1.0000",False
2,594.95996,841.91998,rect,549.8094808672706,550.8248261689646,377.70843907814776,408.16879812896593,1.0153453016939693,30.46035905081817,True,False,"1.0000, 1.0000, 1.0000",#FFFFFF,"1.0000, 1.0000, 1.0000",False
2,594.95996,841.91998,rect,92.3964224541489,115.74936439310962,455.89002730858135,486.35038635939975,23.35294193896071,30.460359050818397,True,False,"0.9569, 0.9686, 0.9725",#F4F7F8,"0.9569, 0.9686, 0.9725",False
2,594.95996,841.91998,rect,92.3964224541489,93.41176775584285,455.89002730858135,486.35038635939975,1.0153453016939409,30.460359050818397,True,False,"1.0000, 1.0000, 1.0000",#FFFFFF,"1.0000, 1.0000, 1.0000",False
2,594.95996,841.91998,rect,115.74936439310962,161.43990296933708,455.89002730858135,486.35038635939975,45.69053857622747,30.460359050818397,True,False,"0.9569, 0.9686, 0.9725",#F4F7F8,"0.9569, 0.9686, 0.9725",False
2,594.95996,841.91998,rect,115.74936439310962,116.76470969480356,455.89002730858135,486.35038635939975,1.0153453016939409,30.460359050818397,True,False,"1.0000, 1.0000, 1.0000",#FFFFFF,"1.0000, 1.0000, 1.0000",False
2,594.95996,841.91998,rect,161.43990296933708,213.22251335572824,455.89002730858135,486.35038635939975,51.782610386391156,30.460359050818397,True,False,"0.9569, 0.9686, 0.9725",#F4F7F8,"0.9569, 0.9686, 0.9725",False
2,594.95996,841.91998,rect,161.43990296933708,162.45524827103105,455.89002730858135,486.35038635939975,1.0153453016939693,30.460359050818397,True,False,"1.0000, 1.0000, 1.0000",#FFFFFF,"1.0000, 1.0000, 1.0000",False
2,594.95996,841.91998,rect,187.33120816253268,188.34655346422662,455.89002730858135,486.35038635939975,1.0153453016939409,30.460359050818397,True,False,"1.0000, 1.0000, 1.0000",#FFFFFF,"1.0000, 1.0000, 1.0000",False
2,594.95996,841.91998,rect,213.22251335572824,316.7877341285105,455.89002730858135,486.35038635939975,103.56522077278228,30.460359050818397,True,False,"0.9569, 0.9686, 0.9725",#F4F7F8,"0.9569, 0.9686, 0.9725",False
2,594.95996,841.91998,rect,213.22251335572824,214.23785865742218,455.89002730858135,486.35038635939975,1.0153453016939409,30.460359050818397,True,False,"1.0000, 1.0000, 1.0000",#FFFFFF,"1.0000, 1.0000, 1.0000",False
2,594.95996,841.91998,rect,239.1138185489238,240.12916385061774,455.89002730858135,486.35038635939975,1.0153453016939409,30.460359050818397,True,False,"1.0000, 1.0000, 1.0000",#FFFFFF,"1.0000, 1.0000, 1.0000",False
2,594.95996,841.91998,rect,265.0051237421194,266.0204690438133,455.89002730858135,486.35038635939975,1.0153453016939125,30.460359050818397,True,False,"1.0000, 1.0000, 1.0000",#FFFFFF,"1.0000, 1.0000, 1.0000",False
2,594.95996,841.91998,rect,290.89642893531493,291.9117742370089,455.89002730858135,486.35038635939975,1.0153453016939693,30.460359050818397,True,False,"1.0000, 1.0000, 1.0000",#FFFFFF,"1.0000, 1.0000, 1.0000",False
2,594.95996,841.91998,rect,316.7877341285105,420.35295490129283,455.89002730858135,486.35038635939975,103.56522077278231,30.460359050818397,True,False,"0.9569, 0.9686, 0.9725",#F4F7F8,"0.9569, 0.9686, 0.9725",False
2,594.95996,841.91998,rect,316.7877341285105,317.8030794302045,455.89002730858135,486.35038635939975,1.0153453016939693,30.460359050818397,True,False,"1.0000, 1.0000, 1.0000",#FFFFFF,"1.0000, 1.0000, 1.0000",False
2,594.95996,841.91998,rect,342.6790393217061,343.6943846234,455.89002730858135,486.35038635939975,1.0153453016939125,30.460359050818397,True,False,"1.0000, 1.0000, 1.0000",#FFFFFF,"1.0000, 1.0000, 1.0000",False
2,594.95996,841.91998,rect,368.57034451490165,369.5856898165956,455.89002730858135,486.35038635939975,1.0153453016939693,30.460359050818397,True,False,"1.0000, 1.0000, 1.0000",#FFFFFF,"1.0000, 1.0000, 1.0000",False
2,594.95996,841.91998,rect,394.46164970809724,395.4769950097912,455.89002730858135,486.35038635939975,1.0153453016939693,30.460359050818397,True,False,"1.0000, 1.0000, 1.0000",#FFFFFF,"1.0000, 1.0000, 1.0000",False
2,594.95996,841.91998,rect,420.35295490129283,523.9181756740751,455.89002730858135,486.35038635939975,103.56522077278225,30.460359050818397,True,False,"0.9569, 0.9686, 0.9725",#F4F7F8,"0.9569, 0.9686, 0.9725",False
2,594.95996,841.91998,rect,420.35295490129283,421.36830020298675,455.89002730858135,486.35038635939975,1.0153453016939125,30.460359050818397,True,False,"1.0000, 1.0000, 1.0000",#FFFFFF,"1.0000, 1.0000, 1.0000",False
2,594.95996,841.91998,rect,446.24426009448837,447.25960539618234,455.89002730858135,486.35038635939975,1.0153453016939693,30.460359050818397,True,False,"1.0000, 1.0000, 1.0000",#FFFFFF,"1.0000, 1.0000, 1.0000",False
2,594.95996,841.91998,rect,472.13556528768396,473.1509105893779,455.89002730858135,486.35038635939975,1.0153453016939125,30.460359050818397,True,False,"1.0000, 1.0000, 1.0000",#FFFFFF,"1.0000, 1.0000, 1.0000",False
2,594.95996,841.91998,rect,498.02687048087955,499.04221578257346,455.89002730858135,486.35038635939975,1.0153453016939125,30.460359050818397,True,False,"1.0000, 1.0000, 1.0000",#FFFFFF,"1.0000, 1.0000, 1.0000",False
2,594.95996,841.91998,rect,523.9181756740751,575.7007860604663,455.89002730858135,486.35038635939975,51.782610386391184,30.460359050818397,True,False,"0.9569, 0.9686, 0.9725",#F4F7F8,"0.9569, 0.9686, 0.9725",False
2,594.95996,841.91998,rect,523.9181756740751,524.933520975769,455.89002730858135,486.35038635939975,1.0153453016939693,30.460359050818397,True,False,"1.0000, 1.0000, 1.0000",#FFFFFF,"1.0000, 1.0000, 1.0000",False
2,594.95996,841.91998,rect,549.8094808672706,550.8248261689646,455.89002730858135,486.35038635939975,1.0153453016939693,30.460359050818397,True,False,"1.0000, 1.0000, 1.0000",#FFFFFF,"1.0000, 1.0000, 1.0000",False
2,594.95996,841.91998,rect,92.3964224541489,115.74936439310962,487.3657316610937,517.8260907119119,23.35294193896071,30.46035905081817,True,False,"0.9569, 0.9686, 0.9725",#F4F7F8,"0.9569, 0.9686, 0.9725",False
2,594.95996,841.91998,rect,92.3964224541489,93.41176775584285,487.3657316610937,517.8260907119119,1.0153453016939409,30.46035905081817,True,False,"1.0000, 1.0000, 1.0000",#FFFFFF,"1.0000, 1.0000, 1.0000",False
2,594.95996,841.91998,rect,115.74936439310962,161.43990296933708,487.3657316610937,517.8260907119119,45.69053857622747,30.46035905081817,True,False,"0.9569, 0.9686, 0.9725",#F4F7F8,"0.9569, 0.9686, 0.9725",False
2,594.95996,841.91998,rect,115.74936439310962,116.76470969480356,487.3657316610937,517.8260907119119,1.0153453016939409,30.46035905081817,True,False,"1.0000, 1.0000, 1.0000",#FFFFFF,"1.0000, 1.0000, 1.0000",False
2,594.95996,841.91998,rect,161.43990296933708,213.22251335572824,487.3657316610937,517.8260907119119,51.782610386391156,30.46035905081817,True,False,"0.9569, 0.9686, 0.9725",#F4F7F8,"0.9569, 0.9686, 0.9725",False
2,594.95996,841.91998,rect,161.43990296933708,162.45524827103105,487.3657316610937,517.8260907119119,1.0153453016939693,30.46035905081817,True,False,"1.0000, 1.0000, 1.0000",#FFFFFF,"1.0000, 1.0000, 1.0000",False
2,594.95996,841.91998,rect,187.33120816253268,188.34655346422662,487.3657316610937,517.8260907119119,1.0153453016939409,30.46035905081817,True,False,"1.0000, 1.0000, 1.0000",#FFFFFF,"1.0000, 1.0000, 1.0000",False
2,594.95996,841.91998,rect,213.22251335572824,316.7877341285105,487.3657316610937,517.8260907119119,103.56522077278228,30.46035905081817,True,False,"0.9569, 0.9686, 0.9725",#F4F7F8,"0.9569, 0.9686, 0.9725",False
2,594.95996,841.91998,rect,213.22251335572824,214.23785865742218,487.3657316610937,517.8260907119119,1.0153453016939409,30.46035905081817,True,False,"1.0000, 1.0000, 1.0000",#FFFFFF,"1.0000, 1.0000, 1.0000",False
2,594.95996,841.91998,rect,239.1138185489238,240.12916385061774,487.3657316610937,517.8260907119119,1.0153453016939409,30.46035905081817,True,False,"1.0000, 1.0000, 1.0000",#FFFFFF,"1.0000, 1.0000, 1.0000",False
2,594.95996,841.91998,rect,265.0051237421194,266.0204690438133,487.3657316610937,517.8260907119119,1.0153453016939125,30.46035905081817,True,False,"1.0000, 1.0000, 1.0000",#FFFFFF,"1.0000, 1.0000, 1.0000",False
2,594.95996,841.91998,rect,290.89642893531493,291.9117742370089,487.3657316610937,517.8260907119119,1.0153453016939693,30.46035905081817,True,False,"1.0000, 1.0000, 1.0000",#FFFFFF,"1.0000, 1.0000, 1.0000",False
2,594.95996,841.91998,rect,316.7877341285105,420.35295490129283,487.3657316610937,517.8260907119119,103.56522077278231,30.46035905081817,True,False,"0.9569, 0.9686, 0.9725",#F4F7F8,"0.9569, 0.9686, 0.9725",False
2,594.95996,841.91998,rect,316.7877341285105,317.8030794302045,487.3657316610937,517.8260907119119,1.0153453016939693,30.46035905081817,True,False,"1.0000, 1.0000, 1.0000",#FFFFFF,"1.0000, 1.0000, 1.0000",False
2,594.95996,841.91998,rect,342.6790393217061,343.6943846234,487.3657316610937,517.8260907119119,1.0153453016939125,30.46035905081817,True,False,"1.0000, 1.0000, 1.0000",#FFFFFF,"1.0000, 1.0000, 1.0000",False
2,594.95996,841.91998,rect,368.57034451490165,369.5856898165956,487.3657316610937,517.8260907119119,1.0153453016939693,30.46035905081817,True,False,"1.0000, 1.0000, 1.0000",#FFFFFF,"1.0000, 1.0000, 1.0000",False
2,594.95996,841.91998,rect,394.46164970809724,395.4769950097912,487.3657316610937,517.8260907119119,1.0153453016939693,30.46035905081817,True,False,"1.0000, 1.0000, 1.0000",#FFFFFF,"1.0000, 1.0000, 1.0000",False
2,594.95996,841.91998,rect,420.35295490129283,523.9181756740751,487.3657316610937,517.8260907119119,103.56522077278225,30.46035905081817,True,False,"0.9569, 0.9686, 0.9725",#F4F7F8,"0.9569, 0.9686, 0.9725",False
2,594.95996,841.91998,rect,420.35295490129283,421.36830020298675,487.3657316610937,517.8260907119119,1.0153453016939125,30.46035905081817,True,False,"1.0000, 1.0000, 1.0000",#FFFFFF,"1.0000, 1.0000, 1.0000",False
2,594.95996,841.91998,rect,446.24426009448837,447.25960539618234,487.3657316610937,517.8260907119119,1.0153453016939693,30.46035905081817,True,False,"1.0000, 1.0000, 1.0000",#FFFFFF,"1.0000, 1.0000, 1.0000",False
2,594.95996,841.91998,rect,472.13556528768396,473.1509105893779,487.3657316610937,517.8260907119119,1.0153453016939125,30.46035905081817,True,False,"1.0000, 1.0000, 1.0000",#FFFFFF,"1.0000, 1.0000, 1.0000",False
2,594.95996,841.91998,rect,498.02687048087955,499.04221578257346,487.3657316610937,517.8260907119119,1.0153453016939125,30.46035905081817,True,False,"1.0000, 1.0000, 1.0000",#FFFFFF,"1.0000, 1.0000, 1.0000",False
2,594.95996,841.91998,rect,523.9181756740751,575.7007860604663,487.3657316610937,517.8260907119119,51.782610386391184,30.46035905081817,True,False,"0.9569, 0.9686, 0.9725",#F4F7F8,"0.9569, 0.9686, 0.9725",False
2,594.95996,841.91998,rect,523.9181756740751,524.933520975769,487.3657316610937,517.8260907119119,1.0153453016939693,30.46035905081817,True,False,"1.0000, 1.0000, 1.0000",#FFFFFF,"1.0000, 1.0000, 1.0000",False
2,594.95996,841.91998,rect,549.8094808672706,550.8248261689646,487.3657316610937,517.8260907119119,1.0153453016939693,30.46035905081817,True,False,"1.0000, 1.0000, 1.0000",#FFFFFF,"1.0000, 1.0000, 1.0000",False
2,594.95996,841.91998,rect,92.3964224541489,115.74936439310962,518.8414360136059,549.3017950644243,23.35294193896071,30.460359050818397,True,False,"0.9569, 0.9686, 0.9725",#F4F7F8,"0.9569, 0.9686, 0.9725",False
2,594.95996,841.91998,rect,92.3964224541489,93.41176775584285,518.8414360136059,549.3017950644243,1.0153453016939409,30.460359050818397,True,False,"1.0000, 1.0000, 1.0000",#FFFFFF,"1.0000, 1.0000, 1.0000",False
2,594.95996,841.91998,rect,115.74936439310962,161.43990296933708,518.8414360136059,549.3017950644243,45.69053857622747,30.460359050818397,True,False,"0.9569, 0.9686, 0.9725",#F4F7F8,"0.9569, 0.9686, 0.9725",False
2,594.95996,841.91998,rect,115.74936439310962,116.76470969480356,518.8414360136059,549.3017950644243,1.0153453016939409,30.460359050818397,True,False,"1.0000, 1.0000, 1.0000",#FFFFFF,"1.0000, 1.0000, 1.0000",False
2,594.95996,841.91998,rect,161.43990296933708,213.22251335572824,518.8414360136059,549.3017950644243,51.782610386391156,30.460359050818397,True,False,"0.9569, 0.9686, 0.9725",#F4F7F8,"0.9569, 0.9686, 0.9725",False
2,594.95996,841.91998,rect,161.43990296933708,162.45524827103105,518.8414360136059,549.3017950644243,1.0153453016939693,30.460359050818397,True,False,"1.0000, 1.0000, 1.0000",#FFFFFF,"1.0000, 1.0000, 1.0000",False
2,594.95996,841.91998,rect,187.33120816253268,188.34655346422662,518.8414360136059,549.3017950644243,1.0153453016939409,30.460359050818397,True,False,"1.0000, 1.0000, 1.0000",#FFFFFF,"1.0000, 1.0000, 1.0000",False
2,594.95996,841.91998,rect,213.22251335572824,316.7877341285105,518.8414360136059,549.3017950644243,103.56522077278228,30.460359050818397,True,False,"0.9569, 0.9686, 0.9725",#F4F7F8,"0.9569, 0.9686, 0.9725",False
2,594.95996,841.91998,rect,213.22251335572824,214.23785865742218,518.8414360136059,549.3017950644243,1.0153453016939409,30.460359050818397,True,False,"1.0000, 1.0000, 1.0000",#FFFFFF,"1.0000, 1.0000, 1.0000",False
2,594.95996,841.91998,rect,239.1138185489238,240.12916385061774,518.8414360136059,549.3017950644243,1.0153453016939409,30.460359050818397,True,False,"1.0000, 1.0000, 1.0000",#FFFFFF,"1.0000, 1.0000, 1.0000",False
2,594.95996,841.91998,rect,265.0051237421194,266.0204690438133,518.8414360136059,549.3017950644243,1.0153453016939125,30.460359050818397,True,False,"1.0000, 1.0000, 1.0000",#FFFFFF,"1.0000, 1.0000, 1.0000",False
2,594.95996,841.91998,rect,290.89642893531493,291.9117742370089,518.8414360136059,549.3017950644243,1.0153453016939693,30.460359050818397,True,False,"1.0000, 1.0000, 1.0000",#FFFFFF,"1.0000, 1.0000, 1.0000",False
2,594.95996,841.91998,rect,316.7877341285105,420.35295490129283,518.8414360136059,549.3017950644243,103.56522077278231,30.460359050818397,True,False,"0.9569, 0.9686, 0.9725",#F4F7F8,"0.9569, 0.9686, 0.9725",False
2,594.95996,841.91998,rect,316.7877341285105,317.8030794302045,518.8414360136059,549.3017950644243,1.0153453016939693,30.460359050818397,True,False,"1.0000, 1.0000, 1.0000",#FFFFFF,"1.0000, 1.0000, 1.0000",False
2,594.95996,841.91998,rect,342.6790393217061,343.6943846234,518.8414360136059,549.3017950644243,1.0153453016939125,30.460359050818397,True,False,"1.0000, 1.0000, 1.0000",#FFFFFF,"1.0000, 1.0000, 1.0000",False
2,594.95996,841.91998,rect,368.57034451490165,369.5856898165956,518.8414360136059,549.3017950644243,1.0153453016939693,30.460359050818397,True,False,"1.0000, 1.0000, 1.0000",#FFFFFF,"1.0000, 1.0000, 1.0000",False
2,594.95996,841.91998,rect,394.46164970809724,395.4769950097912,518.8414360136059,549.3017950644243,1.0153453016939693,30.460359050818397,True,False,"1.0000, 1.0000, 1.0000",#FFFFFF,"1.0000, 1.0000, 1.0000",False
2,594.95996,841.91998,rect,420.35295490129283,523.9181756740751,518.8414360136059,549.3017950644243,103.56522077278225,30.460359050818397,True,False,"0.9569, 0.9686, 0.9725",#F4F7F8,"0.9569, 0.9686, 0.9725",False
2,594.95996,841.91998,rect,420.35295490129283,421.36830020298675,518.8414360136059,549.3017950644243,1.0153453016939125,30.460359050818397,True,False,"1.0000, 1.0000, 1.0000",#FFFFFF,"1.0000, 1.0000, 1.0000",False
2,594.95996,841.91998,rect,446.24426009448837,447.25960539618234,518.8414360136059,549.3017950644243,1.0153453016939693,30.460359050818397,True,False,"1.0000, 1.0000, 1.0000",#FFFFFF,"1.0000, 1.0000, 1.0000",False
2,594.95996,841.91998,rect,472.13556528768396,473.1509105893779,518.8414360136059,549.3017950644243,1.0153453016939125,30.460359050818397,True,False,"1.0000, 1.0000, 1.0000",#FFFFFF,"1.0000, 1.0000, 1.0000",False
2,594.95996,841.91998,rect,498.02687048087955,499.04221578257346,518.8414360136059,549.3017950644243,1.0153453016939125,30.460359050818397,True,False,"1.0000, 1.0000, 1.0000",#FFFFFF,"1.0000, 1.0000, 1.0000",False
2,594.95996,841.91998,rect,523.9181756740751,575.7007860604663,518.8414360136059,549.3017950644243,51.782610386391184,30.460359050818397,True,False,"0.9569, 0.9686, 0.9725",#F4F7F8,"0.9569, 0.9686, 0.9725",False
2,594.95996,841.91998,rect,523.9181756740751,524.933520975769,518.8414360136059,549.3017950644243,1.0153453016939693,30.460359050818397,True,False,"1.0000, 1.0000, 1.0000",#FFFFFF,"1.0000, 1.0000, 1.0000",False
2,594.95996,841.91998,rect,549.8094808672706,550.8248261689646,518.8414360136059,549.3017950644243,1.0153453016939693,30.460359050818397,True,False,"1.0000, 1.0000, 1.0000",#FFFFFF,"1.0000, 1.0000, 1.0000",False
2,594.95996,841.91998,rect,92.3964224541489,115.74936439310962,550.3171403661182,580.7774994169364,23.35294193896071,30.46035905081817,True,False,"0.9569, 0.9686, 0.9725",#F4F7F8,"0.9569, 0.9686, 0.9725",False
2,594.95996,841.91998,rect,92.3964224541489,93.41176775584285,550.3171403661182,580.7774994169364,1.0153453016939409,30.46035905081817,True,False,"1.0000, 1.0000, 1.0000",#FFFFFF,"1.0000, 1.0000, 1.0000",False
2,594.95996,841.91998,rect,115.74936439310962,161.43990296933708,550.3171403661182,580.7774994169364,45.69053857622747,30.46035905081817,True,False,"0.9569, 0.9686, 0.9725",#F4F7F8,"0.9569, 0.9686, 0.9725",False
2,594.95996,841.91998,rect,115.74936439310962,116.76470969480356,550.3171403661182,580.7774994169364,1.0153453016939409,30.46035905081817,True,False,"1.0000, 1.0000, 1.0000",#FFFFFF,"1.0000, 1.0000, 1.0000",False
2,594.95996,841.91998,rect,161.43990296933708,213.22251335572824,550.3171403661182,580.7774994169364,51.782610386391156,30.46035905081817,True,False,"0.9569, 0.9686, 0.9725",#F4F7F8,"0.9569, 0.9686, 0.9725",False
2,594.95996,841.91998,rect,161.43990296933708,162.45524827103105,550.3171403661182,580.7774994169364,1.0153453016939693,30.46035905081817,True,False,"1.0000, 1.0000, 1.0000",#FFFFFF,"1.0000, 1.0000, 1.0000",False
2,594.95996,841.91998,rect,187.33120816253268,188.34655346422662,550.3171403661182,580.7774994169364,1.0153453016939409,30.46035905081817,True,False,"1.0000, 1.0000, 1.0000",#FFFFFF,"1.0000, 1.0000, 1.0000",False
2,594.95996,841.91998,rect,213.22251335572824,316.7877341285105,550.3171403661182,580.7774994169364,103.56522077278228,30.46035905081817,True,False,"0.9569, 0.9686, 0.9725",#F4F7F8,"0.9569, 0.9686, 0.9725",False
2,594.95996,841.91998,rect,213.22251335572824,214.23785865742218,550.3171403661182,580.7774994169364,1.0153453016939409,30.46035905081817,True,False,"1.0000, 1.0000, 1.0000",#FFFFFF,"1.0000, 1.0000, 1.0000",False
2,594.95996,841.91998,rect,239.1138185489238,240.12916385061774,550.3171403661182,580.7774994169364,1.0153453016939409,30.46035905081817,True,False,"1.0000, 1.0000, 1.0000",#FFFFFF,"1.0000, 1.0000, 1.0000",False
2,594.95996,841.91998,rect,265.0051237421194,266.0204690438133,550.3171403661182,580.7774994169364,1.0153453016939125,30.46035905081817,True,False,"1.0000, 1.0000, 1.0000",#FFFFFF,"1.0000, 1.0000, 1.0000",False
2,594.95996,841.91998,rect,290.89642893531493,291.9117742370089,550.3171403661182,580.7774994169364,1.0153453016939693,30.46035905081817,True,False,"1.0000, 1.0000, 1.0000",#FFFFFF,"1.0000, 1.0000, 1.0000",False
2,594.95996,841.91998,rect,316.7877341285105,420.35295490129283,550.3171403661182,580.7774994169364,103.56522077278231,30.46035905081817,True,False,"0.9569, 0.9686, 0.9725",#F4F7F8,"0.9569, 0.9686, 0.9725",False
2,594.95996,841.91998,rect,316.7877341285105,317.8030794302045,550.3171403661182,580.7774994169364,1.0153453016939693,30.46035905081817,True,False,"1.0000, 1.0000, 1.0000",#FFFFFF,"1.0000, 1.0000, 1.0000",False
2,594.95996,841.91998,rect,342.6790393217061,343.6943846234,550.3171403661182,580.7774994169364,1.0153453016939125,30.46035905081817,True,False,"1.0000, 1.0000, 1.0000",#FFFFFF,"1.0000, 1.0000, 1.0000",False
2,594.95996,841.91998,rect,368.57034451490165,369.5856898165956,550.3171403661182,580.7774994169364,1.0153453016939693,30.46035905081817,True,False,"1.0000, 1.0000, 1.0000",#FFFFFF,"1.0000, 1.0000, 1.0000",False
2,594.95996,841.91998,rect,394.46164970809724,395.4769950097912,550.3171403661182,580.7774994169364,1.0153453016939693,30.46035905081817,True,False,"1.0000, 1.0000, 1.0000",#FFFFFF,"1.0000, 1.0000, 1.0000",False
2,594.95996,841.91998,rect,420.35295490129283,523.9181756740751,550.3171403661182,580.7774994169364,103.56522077278225,30.46035905081817,True,False,"0.9569, 0.9686, 0.9725",#F4F7F8,"0.9569, 0.9686, 0.9725",False
2,594.95996,841.91998,rect,420.35295490129283,421.36830020298675,550.3171403661182,580.7774994169364,1.0153453016939125,30.46035905081817,True,False,"1.0000, 1.0000, 1.0000",#FFFFFF,"1.0000, 1.0000, 1.0000",False
2,594.95996,841.91998,rect,446.24426009448837,447.25960539618234,550.3171403661182,580.7774994169364,1.0153453016939693,30.46035905081817,True,False,"1.0000, 1.0000, 1.0000",#FFFFFF,"1.0000, 1.0000, 1.0000",False
2,594.95996,841.91998,rect,472.13556528768396,473.1509105893779,550.3171403661182,580.7774994169364,1.0153453016939125,30.46035905081817,True,False,"1.0000, 1.0000, 1.0000",#FFFFFF,"1.0000, 1.0000, 1.0000",False
2,594.95996,841.91998,rect,498.02687048087955,499.04221578257346,550.3171403661182,580.7774994169364,1.0153453016939125,30.46035905081817,True,False,"1.0000, 1.0000, 1.0000",#FFFFFF,"1.0000, 1.0000, 1.0000",False
2,594.95996,841.91998,rect,523.9181756740751,575.7007860604663,550.3171403661182,580.7774994169364,51.782610386391184,30.46035905081817,True,False,"0.9569, 0.9686, 0.9725",#F4F7F8,"0.9569, 0.9686, 0.9725",False
2,594.95996,841.91998,rect,523.9181756740751,524.933520975769,550.3171403661182,580.7774994169364,1.0153453016939693,30.46035905081817,True,False,"1.0000, 1.0000, 1.0000",#FFFFFF,"1.0000, 1.0000, 1.0000",False
2,594.95996,841.91998,rect,549.8094808672706,550.8248261689646,550.3171403661182,580.7774994169364,1.0153453016939693,30.46035905081817,True,False,"1.0000, 1.0000, 1.0000",#FFFFFF,"1.0000, 1.0000, 1.0000",False
2,594.95996,841.91998,rect,92.3964224541489,115.74936439310962,628.4987285965518,658.9590876473702,23.35294193896071,30.460359050818397,True,False,"0.9569, 0.9686, 0.9725",#F4F7F8,"0.9569, 0.9686, 0.9725",False
2,594.95996,841.91998,rect,92.3964224541489,93.41176775584285,628.4987285965518,658.9590876473702,1.0153453016939409,30.460359050818397,True,False,"1.0000, 1.0000, 1.0000",#FFFFFF,"1.0000, 1.0000, 1.0000",False
2,594.95996,841.91998,rect,115.74936439310962,161.43990296933708,628.4987285965518,658.9590876473702,45.69053857622747,30.460359050818397,True,False,"0.9569, 0.9686, 0.9725",#F4F7F8,"0.9569, 0.9686, 0.9725",False
2,594.95996,841.91998,rect,115.74936439310962,116.76470969480356,628.4987285965518,658.9590876473702,1.0153453016939409,30.460359050818397,True,False,"1.0000, 1.0000, 1.0000",#FFFFFF,"1.0000, 1.0000, 1.0000",False
2,594.95996,841.91998,rect,161.43990296933708,213.22251335572824,628.4987285965518,658.9590876473702,51.782610386391156,30.460359050818397,True,False,"0.9569, 0.9686, 0.9725",#F4F7F8,"0.9569, 0.9686, 0.9725",False
2,594.95996,841.91998,rect,161.43990296933708,162.45524827103105,628.4987285965518,658.9590876473702,1.0153453016939693,30.460359050818397,True,False,"1.0000, 1.0000, 1.0000",#FFFFFF,"1.0000, 1.0000, 1.0000",False
2,594.95996,841.91998,rect,187.33120816253268,188.34655346422662,628.4987285965518,658.9590876473702,1.0153453016939409,30.460359050818397,True,False,"1.0000, 1.0000, 1.0000",#FFFFFF,"1.0000, 1.0000, 1.0000",False
2,594.95996,841.91998,rect,213.22251335572824,316.7877341285105,628.4987285965518,658.9590876473702,103.56522077278228,30.460359050818397,True,False,"0.9569, 0.9686, 0.9725",#F4F7F8,"0.9569, 0.9686, 0.9725",False
2,594.95996,841.91998,rect,213.22251335572824,214.23785865742218,628.4987285965518,658.9590876473702,1.0153453016939409,30.460359050818397,True,False,"1.0000, 1.0000, 1.0000",#FFFFFF,"1.0000, 1.0000, 1.0000",False
2,594.95996,841.91998,rect,239.1138185489238,240.12916385061774,628.4987285965518,658.9590876473702,1.0153453016939409,30.460359050818397,True,False,"1.0000, 1.0000, 1.0000",#FFFFFF,"1.0000, 1.0000, 1.0000",False
2,594.95996,841.91998,rect,265.0051237421194,266.0204690438133,628.4987285965518,658.9590876473702,1.0153453016939125,30.460359050818397,True,False,"1.0000, 1.0000, 1.0000",#FFFFFF,"1.0000, 1.0000, 1.0000",False
2,594.95996,841.91998,rect,290.89642893531493,291.9117742370089,628.4987285965518,658.9590876473702,1.0153453016939693,30.460359050818397,True,False,"1.0000, 1.0000, 1.0000",#FFFFFF,"1.0000, 1.0000, 1.0000",False
2,594.95996,841.91998,rect,316.7877341285105,420.35295490129283,628.4987285965518,658.9590876473702,103.56522077278231,30.460359050818397,True,False,"0.9569, 0.9686, 0.9725",#F4F7F8,"0.9569, 0.9686, 0.9725",False
2,594.95996,841.91998,rect,316.7877341285105,317.8030794302045,628.4987285965518,658.9590876473702,1.0153453016939693,30.460359050818397,True,False,"1.0000, 1.0000, 1.0000",#FFFFFF,"1.0000, 1.0000, 1.0000",False
2,594.95996,841.91998,rect,342.6790393217061,343.6943846234,628.4987285965518,658.9590876473702,1.0153453016939125,30.460359050818397,True,False,"1.0000, 1.0000, 1.0000",#FFFFFF,"1.0000, 1.0000, 1.0000",False
2,594.95996,841.91998,rect,368.57034451490165,369.5856898165956,628.4987285965518,658.9590876473702,1.0153453016939693,30.460359050818397,True,False,"1.0000, 1.0000, 1.0000",#FFFFFF,"1.0000, 1.0000, 1.0000",False
2,594.95996,841.91998,rect,394.46164970809724,395.4769950097912,628.4987285965518,658.9590876473702,1.0153453016939693,30.460359050818397,True,False,"1.0000, 1.0000, 1.0000",#FFFFFF,"1.0000, 1.0000, 1.0000",False
2,594.95996,841.91998,rect,420.35295490129283,523.9181756740751,628.4987285965518,658.9590876473702,103.56522077278225,30.460359050818397,True,False,"0.9569, 0.9686, 0.9725",#F4F7F8,"0.9569, 0.9686, 0.9725",False
2,594.95996,841.91998,rect,420.35295490129283,421.36830020298675,628.4987285965518,658.9590876473702,1.0153453016939125,30.460359050818397,True,False,"1.0000, 1.0000, 1.0000",#FFFFFF,"1.0000, 1.0000, 1.0000",False
2,594.95996,841.91998,rect,446.24426009448837,447.25960539618234,628.4987285965518,658.9590876473702,1.0153453016939693,30.460359050818397,True,False,"1.0000, 1.0000, 1.0000",#FFFFFF,"1.0000, 1.0000, 1.0000",False
2,594.95996,841.91998,rect,472.13556528768396,473.1509105893779,628.4987285965518,658.9590876473702,1.0153453016939125,30.460359050818397,True,False,"1.0000, 1.0000, 1.0000",#FFFFFF,"1.0000, 1.0000, 1.0000",False
2,594.95996,841.91998,rect,498.02687048087955,499.04221578257346,628.4987285965518,658.9590876473702,1.0153453016939125,30.460359050818397,True,False,"1.0000, 1.0000, 1.0000",#FFFFFF,"1.0000, 1.0000, 1.0000",False
2,594.95996,841.91998,rect,523.9181756740751,575.7007860604663,628.4987285965518,658.9590876473702,51.782610386391184,30.460359050818397,True,False,"0.9569, 0.9686, 0.9725",#F4F7F8,"0.9569, 0.9686, 0.9725",False
2,594.95996,841.91998,rect,523.9181756740751,524.933520975769,628.4987285965518,658.9590876473702,1.0153453016939693,30.460359050818397,True,False,"1.0000, 1.0000, 1.0000",#FFFFFF,"1.0000, 1.0000, 1.0000",False
2,594.95996,841.91998,rect,549.8094808672706,550.8248261689646,628.4987285965518,658.9590876473702,1.0153453016939693,30.460359050818397,True,False,"1.0000, 1.0000, 1.0000",#FFFFFF,"1.0000, 1.0000, 1.0000",False
2,594.95996,841.91998,rect,92.3964224541489,115.74936439310962,659.9744329490642,690.4347919998823,23.35294193896071,30.46035905081817,True,False,"0.9569, 0.9686, 0.9725",#F4F7F8,"0.9569, 0.9686, 0.9725",False
2,594.95996,841.91998,rect,92.3964224541489,93.41176775584285,659.9744329490642,690.4347919998823,1.0153453016939409,30.46035905081817,True,False,"1.0000, 1.0000, 1.0000",#FFFFFF,"1.0000, 1.0000, 1.0000",False
2,594.95996,841.91998,rect,115.74936439310962,161.43990296933708,659.9744329490642,690.4347919998823,45.69053857622747,30.46035905081817,True,False,"0.9569, 0.9686, 0.9725",#F4F7F8,"0.9569, 0.9686, 0.9725",False
2,594.95996,841.91998,rect,115.74936439310962,116.76470969480356,659.9744329490642,690.4347919998823,1.0153453016939409,30.46035905081817,True,False,"1.0000, 1.0000, 1.0000",#FFFFFF,"1.0000, 1.0000, 1.0000",False
2,594.95996,841.91998,rect,161.43990296933708,213.22251335572824,659.9744329490642,690.4347919998823,51.782610386391156,30.46035905081817,True,False,"0.9569, 0.9686, 0.9725",#F4F7F8,"0.9569, 0.9686, 0.9725",False
2,594.95996,841.91998,rect,161.43990296933708,162.45524827103105,659.9744329490642,690.4347919998823,1.0153453016939693,30.46035905081817,True,False,"1.0000, 1.0000, 1.0000",#FFFFFF,"1.0000, 1.0000, 1.0000",False
2,594.95996,841.91998,rect,187.33120816253268,188.34655346422662,659.9744329490642,690.4347919998823,1.0153453016939409,30.46035905081817,True,False,"1.0000, 1.0000, 1.0000",#FFFFFF,"1.0000, 1.0000, 1.0000",False
2,594.95996,841.91998,rect,213.22251335572824,316.7877341285105,659.9744329490642,690.4347919998823,103.56522077278228,30.46035905081817,True,False,"0.9569, 0.9686, 0.9725",#F4F7F8,"0.9569, 0.9686, 0.9725",False
2,594.95996,841.91998,rect,213.22251335572824,214.23785865742218,659.9744329490642,690.4347919998823,1.0153453016939409,30.46035905081817,True,False,"1.0000, 1.0000, 1.0000",#FFFFFF,"1.0000, 1.0000, 1.0000",False
2,594.95996,841.91998,rect,239.1138185489238,240.12916385061774,659.9744329490642,690.4347919998823,1.0153453016939409,30.46035905081817,True,False,"1.0000, 1.0000, 1.0000",#FFFFFF,"1.0000, 1.0000, 1.0000",False
2,594.95996,841.91998,rect,265.0051237421194,266.0204690438133,659.9744329490642,690.4347919998823,1.0153453016939125,30.46035905081817,True,False,"1.0000, 1.0000, 1.0000",#FFFFFF,"1.0000, 1.0000, 1.0000",False
2,594.95996,841.91998,rect,290.89642893531493,291.9117742370089,659.9744329490642,690.4347919998823,1.0153453016939693,30.46035905081817,True,False,"1.0000, 1.0000, 1.0000",#FFFFFF,"1.0000, 1.0000, 1.0000",False
2,594.95996,841.91998,rect,316.7877341285105,420.35295490129283,659.9744329490642,690.4347919998823,103.56522077278231,30.46035905081817,True,False,"0.9569, 0.9686, 0.9725",#F4F7F8,"0.9569, 0.9686, 0.9725",False
2,594.95996,841.91998,rect,316.7877341285105,317.8030794302045,659.9744329490642,690.4347919998823,1.0153453016939693,30.46035905081817,True,False,"1.0000, 1.0000, 1.0000",#FFFFFF,"1.0000, 1.0000, 1.0000",False
2,594.95996,841.91998,rect,342.6790393217061,343.6943846234,659.9744329490642,690.4347919998823,1.0153453016939125,30.46035905081817,True,False,"1.0000, 1.0000, 1.0000",#FFFFFF,"1.0000, 1.0000, 1.0000",False
2,594.95996,841.91998,rect,368.57034451490165,369.5856898165956,659.9744329490642,690.4347919998823,1.0153453016939693,30.46035905081817,True,False,"1.0000, 1.0000, 1.0000",#FFFFFF,"1.0000, 1.0000, 1.0000",False
2,594.95996,841.91998,rect,394.46164970809724,395.4769950097912,659.9744329490642,690.4347919998823,1.0153453016939693,30.46035905081817,True,False,"1.0000, 1.0000, 1.0000",#FFFFFF,"1.0000, 1.0000, 1.0000",False
2,594.95996,841.91998,rect,420.35295490129283,523.9181756740751,659.9744329490642,690.4347919998823,103.56522077278225,30.46035905081817,True,False,"0.9569, 0.9686, 0.9725",#F4F7F8,"0.9569, 0.9686, 0.9725",False
2,594.95996,841.91998,rect,420.35295490129283,421.36830020298675,659.9744329490642,690.4347919998823,1.0153453016939125,30.46035905081817,True,False,"1.0000, 1.0000, 1.0000",#FFFFFF,"1.0000, 1.0000, 1.0000",False
2,594.95996,841.91998,rect,446.24426009448837,447.25960539618234,659.9744329490642,690.4347919998823,1.0153453016939693,30.46035905081817,True,False,"1.0000, 1.0000, 1.0000",#FFFFFF,"1.0000, 1.0000, 1.0000",False
2,594.95996,841.91998,rect,472.13556528768396,473.1509105893779,659.9744329490642,690.4347919998823,1.0153453016939125,30.46035905081817,True,False,"1.0000, 1.0000, 1.0000",#FFFFFF,"1.0000, 1.0000, 1.0000",False
2,594.95996,841.91998,rect,498.02687048087955,499.04221578257346,659.9744329490642,690.4347919998823,1.0153453016939125,30.46035905081817,True,False,"1.0000, 1.0000, 1.0000",#FFFFFF,"1.0000, 1.0000, 1.0000",False
2,594.95996,841.91998,rect,523.9181756740751,575.7007860604663,659.9744329490642,690.4347919998823,51.782610386391184,30.46035905081817,True,False,"0.9569, 0.9686, 0.9725",#F4F7F8,"0.9569, 0.9686, 0.9725",False
2,594.95996,841.91998,rect,523.9181756740751,524.933520975769,659.9744329490642,690.4347919998823,1.0153453016939693,30.46035905081817,True,False,"1.0000, 1.0000, 1.0000",#FFFFFF,"1.0000, 1.0000, 1.0000",False
2,594.95996,841.91998,rect,549.8094808672706,550.8248261689646,659.9744329490642,690.4347919998823,1.0153453016939693,30.46035905081817,True,False,"1.0000, 1.0000, 1.0000",#FFFFFF,"1.0000, 1.0000, 1.0000",False
2,594.95996,841.91998,rect,266.5281344946606,316.28005427766385,58.889997546250015,67.01275995980154,49.751919783003245,8.122762413551527,True,False,"0.8667, 0.0000, 0.1882",#DD0030,"0.8667, 0.0000, 0.1882",True
2,594.95996,841.91998,rect,266.5281344946606,316.28005427766385,58.889997546250015,67.01275995980154,49.751919783003245,8.122762413551527,True,False,"0.8667, 0.0000, 0.1882",#DD0030,"0.8667, 0.0000, 0.1882",True
2,594.95996,841.91998,rect,266.5281344946606,316.28005427766385,58.889997546250015,67.01275995980154,49.751919783003245,8.122762413551527,True,False,"0.8667, 0.0000, 0.1882",#DD0030,"0.8667, 0.0000, 0.1882",True
2,594.95996,841.91998,rect,266.5281344946606,316.28005427766385,59.14394393566886,69.80507037145526,49.751919783003245,10.6611264357864,True,False,"0.9490, 0.9647, 0.9686",#F2F6F7,"0.9490, 0.9647, 0.9686",False
2,594.95996,841.91998,rect,317.8030835582043,548.7941396935765,59.14394393566886,69.80507037145526,230.99105613537222,10.6611264357864,True,False,"0.9490, 0.9647, 0.9686",#F2F6F7,"0.9490, 0.9647, 0.9686",False
2,594.95996,841.91998,rect,162.4552516310309,238.0984766072297,122.09524771269776,132.75637414848416,75.64322497619881,10.6611264357864,True,False,"0.9490, 0.9647, 0.9686",#F2F6F7,"0.9490, 0.9647, 0.9686",False
2,594.95996,841.91998,rect,291.9117646370093,574.6854311587726,122.09524771269776,132.75637414848416,282.77366652176335,10.6611264357864,True,False,"0.9490, 0.9647, 0.9686",#F2F6F7,"0.9490, 0.9647, 0.9686",False
2,594.95996,841.91998,rect,499.54989918542003,575.1931241616188,262.9744234427318,271.0971858562833,75.64322497619878,8.122762413551527,True,False,"0.8667, 0.0000, 0.1882",#DD0030,"0.8667, 0.0000, 0.1882",True
2,594.95996,841.91998,rect,499.54989918542003,575.1931241616188,262.9744234427318,271.0971858562833,75.64322497619878,8.122762413551527,True,False,"0.8667, 0.0000, 0.1882",#DD0030,"0.8667, 0.0000, 0.1882",True
2,594.95996,841.91998,rect,499.54989918542003,575.1931241616188,262.9744234427318,271.0971858562833,75.64322497619878,8.122762413551527,True,False,"0.8667, 0.0000, 0.1882",#DD0030,"0.8667, 0.0000, 0.1882",True
2,594.95996,841.91998,rect,499.54989918542003,575.1931241616188,263.2283674321509,273.8894938679373,75.64322497619878,10.6611264357864,True,False,"0.9490, 0.9647, 0.9686",#F2F6F7,"0.9490, 0.9647, 0.9686",False
2,594.95996,841.91998,rect,214.74552785226928,264.4974476352725,294.45016293124274,302.57292534479427,49.751919783003245,8.122762413551527,True,False,"0.8667, 0.0000, 0.1882",#DD0030,"0.8667, 0.0000, 0.1882",True
2,594.95996,841.91998,rect,214.74552785226928,264.4974476352725,294.45016293124274,302.57292534479427,49.751919783003245,8.122762413551527,True,False,"0.8667, 0.0000, 0.1882",#DD0030,"0.8667, 0.0000, 0.1882",True
2,594.95996,841.91998,rect,214.74552785226928,264.4974476352725,294.45016293124274,302.57292534479427,49.751919783003245,8.122762413551527,True,False,"0.8667, 0.0000, 0.1882",#DD0030,"0.8667, 0.0000, 0.1882",True
2,594.95996,841.91998,rect,214.74552785226928,264.4974476352725,294.7041093206616,305.365235756448,49.751919783003245,10.6611264357864,True,False,"0.9490, 0.9647, 0.9686",#F2F6F7,"0.9490, 0.9647, 0.9686",False
2,594.95996,841.91998,rect,266.020476915813,548.7941434375764,294.7041093206616,305.365235756448,282.7736665217634,10.6611264357864,True,False,"0.9490, 0.9647, 0.9686",#F2F6F7,"0.9490, 0.9647, 0.9686",False
2,594.95996,841.91998,rect,344.20205525824707,419.8452802344459,325.92578721975826,334.0485496333098,75.64322497619884,8.122762413551527,True,False,"0.8667, 0.0000, 0.1882",#DD0030,"0.8667, 0.0000, 0.1882",True
2,594.95996,841.91998,rect,344.20205525824707,419.8452802344459,325.92578721975826,334.0485496333098,75.64322497619884,8.122762413551527,True,False,"0.8667, 0.0000, 0.1882",#DD0030,"0.8667, 0.0000, 0.1882",True
2,594.95996,841.91998,rect,344.20205525824707,419.8452802344459,325.92578721975826,334.0485496333098,75.64322497619884,8.122762413551527,True,False,"0.8667, 0.0000, 0.1882",#DD0030,"0.8667, 0.0000, 0.1882",True
2,594.95996,841.91998,rect,344.20205525824707,419.8452802344459,326.1797336091772,336.8408600449636,75.64322497619884,10.6611264357864,True,False,"0.9490, 0.9647, 0.9686",#F2F6F7,"0.9490, 0.9647, 0.9686",False
2,594.95996,841.91998,rect,421.368294442987,574.6854349987725,326.1797336091772,336.8408600449636,153.3171405557855,10.6611264357864,True,False,"0.9490, 0.9647, 0.9686",#F2F6F7,"0.9490, 0.9647, 0.9686",False
2,594.95996,841.91998,rect,421.875990421833,549.301825784423,357.401529108269,365.52429152182054,127.42583536259002,8.122762413551527,True,False,"0.8667, 0.0000, 0.1882",#DD0030,"0.8667, 0.0000, 0.1882",True
2,594.95996,841.91998,rect,421.875990421833,549.301825784423,357.401529108269,365.52429152182054,127.42583536259002,8.122762413551527,True,False,"0.8667, 0.0000, 0.1882",#DD0030,"0.8667, 0.0000, 0.1882",True
2,594.95996,841.91998,rect,421.875990421833,549.301825784423,357.401529108269,365.52429152182054,127.42583536259002,8.122762413551527,True,False,"0.8667, 0.0000, 0.1882",#DD0030,"0.8667, 0.0000, 0.1882",True
2,594.95996,841.91998,rect,421.875990421833,549.301825784423,357.655473097688,368.3165995334744,127.42583536259002,10.6611264357864,True,False,"0.9490, 0.9647, 0.9686",#F2F6F7,"0.9490, 0.9647, 0.9686",False
2,594.95996,841.91998,rect,550.8248170489651,574.6854316387728,357.655473097688,368.3165995334744,23.86061458980771,10.6611264357864,True,False,"0.9490, 0.9647, 0.9686",#F2F6F7,"0.9490, 0.9647, 0.9686",False
2,594.95996,841.91998,rect,214.74552785226928,393.95397360125037,467.058796539216,475.18155895276755,179.2084457489811,8.122762413551527,True,False,"0.8667, 0.0000, 0.1882",#DD0030,"0.8667, 0.0000, 0.1882",True
2,594.95996,841.91998,rect,214.74552785226928,393.95397360125037,467.058796539216,475.18155895276755,179.2084457489811,8.122762413551527,True,False,"0.8667, 0.0000, 0.1882",#DD0030,"0.8667, 0.0000, 0.1882",True
2,594.95996,841.91998,rect,214.74552785226928,393.95397360125037,467.058796539216,475.18155895276755,179.2084457489811,8.122762413551527,True,False,"0.8667, 0.0000, 0.1882",#DD0030,"0.8667, 0.0000, 0.1882",True
2,594.95996,841.91998,rect,214.74552785226928,393.95397360125037,467.31262052863997,477.97374696442637,179.2084457489811,10.6611264357864,True,False,"0.9490, 0.9647, 0.9686",#F2F6F7,"0.9490, 0.9647, 0.9686",False
2,594.95996,841.91998,rect,421.368294442987,574.6854349987725,467.31262052863997,477.97374696442637,153.3171405557855,10.6611264357864,True,False,"0.9490, 0.9647, 0.9686",#F2F6F7,"0.9490, 0.9647, 0.9686",False
2,594.95996,841.91998,rect,162.4552516310309,263.9897818004253,530.264089905662,540.9252163414484,101.5345301693944,10.6611264357864,True,False,"0.9490, 0.9647, 0.9686",#F2F6F7,"0.9490, 0.9647, 0.9686",False
2,594.95996,841.91998,rect,291.9117646370093,574.6854311587726,530.264089905662,540.9252163414484,282.77366652176335,10.6611264357864,True,False,"0.9490, 0.9647, 0.9686",#F2F6F7,"0.9490, 0.9647, 0.9686",False
2,594.95996,841.91998,rect,16.245524827103104,92.3964224541489,-1.3151999496585631e-05,1.0153321496944727,76.1508976270458,1.0153453016939693,True,False,"1.0000, 1.0000, 1.0000",#FFFFFF,"1.0000, 1.0000, 1.0000",False
2,594.95996,841.91998,rect,16.245524827103104,92.3964224541489,21.322238183573404,46.705870725921955,76.1508976270458,25.38363254234855,True,False,"0.5333, 0.5451, 0.5529",#888B8D,"0.5333, 0.5451, 0.5529",False
2,594.95996,841.91998,rect,16.245524827103104,92.3964224541489,46.705870725921955,47.721216027615924,76.1508976270458,1.0153453016939693,True,False,"1.0000, 1.0000, 1.0000",#FFFFFF,"1.0000, 1.0000, 1.0000",False
2,594.95996,841.91998,rect,16.245524827103104,92.3964224541489,78.18157507843421,79.19692038012818,76.1508976270458,1.0153453016939693,True,False,"1.0000, 1.0000, 1.0000",#FFFFFF,"1.0000, 1.0000, 1.0000",False
2,594.95996,841.91998,rect,16.245524827103104,92.3964224541489,109.65727943094646,110.67262473264043,76.1508976270458,1.0153453016939693,True,False,"1.0000, 1.0000, 1.0000",#FFFFFF,"1.0000, 1.0000, 1.0000",False
2,594.95996,841.91998,rect,16.245524827103104,92.3964224541489,141.1329837834587,142.14832908515268,76.1508976270458,1.0153453016939693,True,False,"1.0000, 1.0000, 1.0000",#FFFFFF,"1.0000, 1.0000, 1.0000",False
2,594.95996,841.91998,rect,16.245524827103104,92.3964224541489,172.60868813597097,173.62403343766493,76.1508976270458,1.0153453016939693,True,False,"1.0000, 1.0000, 1.0000",#FFFFFF,"1.0000, 1.0000, 1.0000",False
2,594.95996,841.91998,rect,16.245524827103104,92.3964224541489,193.93093947154387,219.31457201389242,76.1508976270458,25.38363254234855,True,False,"0.5333, 0.5451, 0.5529",#888B8D,"0.5333, 0.5451, 0.5529",False
2,594.95996,841.91998,rect,16.245524827103104,92.3964224541489,219.31457201389242,220.32991731558639,76.1508976270458,1.0153453016939693,True,False,"1.0000, 1.0000, 1.0000",#FFFFFF,"1.0000, 1.0000, 1.0000",False
2,594.95996,841.91998,rect,16.245524827103104,92.3964224541489,250.79027636640478,251.80562166809875,76.1508976270458,1.0153453016939693,True,False,"1.0000, 1.0000, 1.0000",#FFFFFF,"1.0000, 1.0000, 1.0000",False
2,594.95996,841.91998,rect,16.245524827103104,92.3964224541489,282.2659807189169,283.2813260206109,76.1508976270458,1.0153453016939693,True,False,"1.0000, 1.0000, 1.0000",#FFFFFF,"1.0000, 1.0000, 1.0000",False
2,594.95996,841.91998,rect,16.245524827103104,92.3964224541489,313.7416850714293,314.75703037312326,76.1508976270458,1.0153453016939693,True,False,"1.0000, 1.0000, 1.0000",#FFFFFF,"1.0000, 1.0000, 1.0000",False
2,594.95996,841.91998,rect,16.245524827103104,92.3964224541489,345.2173894239414,346.2327347256354,76.1508976270458,1.0153453016939693,True,False,"1.0000, 1.0000, 1.0000",#FFFFFF,"1.0000, 1.0000, 1.0000",False
2,594.95996,841.91998,rect,16.245524827103104,92.3964224541489,376.6930937764538,377.70843907814776,76.1508976270458,1.0153453016939693,True,False,"1.0000, 1.0000, 1.0000",#FFFFFF,"1.0000, 1.0000, 1.0000",False
2,594.95996,841.91998,rect,16.245524827103104,92.3964224541489,408.16879812896593,409.1841434306599,76.1508976270458,1.0153453016939693,True,False,"1.0000, 1.0000, 1.0000",#FFFFFF,"1.0000, 1.0000, 1.0000",False
2,594.95996,841.91998,rect,16.245524827103104,92.3964224541489,429.49104946453883,454.8746820068874,76.1508976270458,25.38363254234855,True,False,"0.5333, 0.5451, 0.5529",#888B8D,"0.5333, 0.5451, 0.5529",False
2,594.95996,841.91998,rect,16.245524827103104,92.3964224541489,454.8746820068874,455.89002730858135,76.1508976270458,1.0153453016939693,True,False,"1.0000, 1.0000, 1.0000",#FFFFFF,"1.0000, 1.0000, 1.0000",False
2,594.95996,841.91998,rect,16.245524827103104,92.3964224541489,486.35038635939975,487.3657316610937,76.1508976270458,1.0153453016939693,True,False,"1.0000, 1.0000, 1.0000",#FFFFFF,"1.0000, 1.0000, 1.0000",False
2,594.95996,841.91998,rect,16.245524827103104,92.3964224541489,517.8260907119119,518.8414360136059,76.1508976270458,1.0153453016939693,True,False,"1.0000, 1.0000, 1.0000",#FFFFFF,"1.0000, 1.0000, 1.0000",False
2,594.95996,841.91998,rect,16.245524827103104,92.3964224541489,549.3017950644243,550.3171403661182,76.1508976270458,1.0153453016939693,True,False,"1.0000, 1.0000, 1.0000",#FFFFFF,"1.0000, 1.0000, 1.0000",False
2,594.95996,841.91998,rect,16.245524827103104,92.3964224541489,580.7774994169364,581.7928447186304,76.1508976270458,1.0153453016939693,True,False,"1.0000, 1.0000, 1.0000",#FFFFFF,"1.0000, 1.0000, 1.0000",False
2,594.95996,841.91998,rect,16.245524827103104,92.3964224541489,602.0997507525093,627.4833832948578,76.1508976270458,25.38363254234855,True,False,"0.5333, 0.5451, 0.5529",#888B8D,"0.5333, 0.5451, 0.5529",False
2,594.95996,841.91998,rect,16.245524827103104,92.3964224541489,627.4833832948578,628.4987285965518,76.1508976270458,1.0153453016939693,True,False,"1.0000, 1.0000, 1.0000",#FFFFFF,"1.0000, 1.0000, 1.0000",False
2,594.95996,841.91998,rect,16.245524827103104,92.3964224541489,658.9590876473702,659.9744329490642,76.1508976270458,1.0153453016939693,True,False,"1.0000, 1.0000, 1.0000",#FFFFFF,"1.0000, 1.0000, 1.0000",False
2,594.95996,841.91998,rect,16.245524827103104,92.3964224541489,47.721216027615924,78.18157507843421,76.1508976270458,30.460359050818283,True,False,"0.9569, 0.9686, 0.9725",#F4F7F8,"0.9569, 0.9686, 0.9725",False
2,594.95996,841.91998,rect,16.245524827103104,92.3964224541489,79.19692038012818,109.65727943094646,76.1508976270458,30.460359050818283,True,False,"0.9569, 0.9686, 0.9725",#F4F7F8,"0.9569, 0.9686, 0.9725",False
2,594.95996,841.91998,rect,16.245524827103104,92.3964224541489,110.67262473264043,141.1329837834587,76.1508976270458,30.460359050818283,True,False,"0.9569, 0.9686, 0.9725",#F4F7F8,"0.9569, 0.9686, 0.9725",False
2,594.95996,841.91998,rect,16.245524827103104,92.3964224541489,142.14832908515268,172.60868813597097,76.1508976270458,30.460359050818283,True,False,"0.9569, 0.9686, 0.9725",#F4F7F8,"0.9569, 0.9686, 0.9725",False
2,594.95996,841.91998,rect,16.245524827103104,92.3964224541489,220.32991731558639,250.79027636640478,76.1508976270458,30.460359050818397,True,False,"0.9569, 0.9686, 0.9725",#F4F7F8,"0.9569, 0.9686, 0.9725",False
2,594.95996,841.91998,rect,16.245524827103104,92.3964224541489,251.80562166809875,282.2659807189169,76.1508976270458,30.46035905081817,True,False,"0.9569, 0.9686, 0.9725",#F4F7F8,"0.9569, 0.9686, 0.9725",False
2,594.95996,841.91998,rect,16.245524827103104,92.3964224541489,283.2813260206109,313.7416850714293,76.1508976270458,30.460359050818397,True,False,"0.9569, 0.9686, 0.9725",#F4F7F8,"0.9569, 0.9686, 0.9725",False
2,594.95996,841.91998,rect,16.245524827103104,92.3964224541489,314.75703037312326,345.2173894239414,76.1508976270458,30.46035905081817,True,False,"0.9569, 0.9686, 0.9725",#F4F7F8,"0.9569, 0.9686, 0.9725",False
2,594.95996,841.91998,rect,16.245524827103104,92.3964224541489,346.2327347256354,376.6930937764538,76.1508976270458,30.460359050818397,True,False,"0.9569, 0.9686, 0.9725",#F4F7F8,"0.9569, 0.9686, 0.9725",False
2,594.95996,841.91998,rect,16.245524827103104,92.3964224541489,377.70843907814776,408.16879812896593,76.1508976270458,30.46035905081817,True,False,"0.9569, 0.9686, 0.9725",#F4F7F8,"0.9569, 0.9686, 0.9725",False
2,594.95996,841.91998,rect,16.245524827103104,92.3964224541489,455.89002730858135,486.35038635939975,76.1508976270458,30.460359050818397,True,False,"0.9569, 0.9686, 0.9725",#F4F7F8,"0.9569, 0.9686, 0.9725",False
2,594.95996,841.91998,rect,16.245524827103104,92.3964224541489,487.3657316610937,517.8260907119119,76.1508976270458,30.46035905081817,True,False,"0.9569, 0.9686, 0.9725",#F4F7F8,"0.9569, 0.9686, 0.9725",False
2,594.95996,841.91998,rect,16.245524827103104,92.3964224541489,518.8414360136059,549.3017950644243,76.1508976270458,30.460359050818397,True,False,"0.9569, 0.9686, 0.9725",#F4F7F8,"0.9569, 0.9686, 0.9725",False
2,594.95996,841.91998,rect,16.245524827103104,92.3964224541489,550.3171403661182,580.7774994169364,76.1508976270458,30.46035905081817,True,False,"0.9569, 0.9686, 0.9725",#F4F7F8,"0.9569, 0.9686, 0.9725",False
2,594.95996,841.91998,rect,16.245524827103104,92.3964224541489,628.4987285965518,658.9590876473702,76.1508976270458,30.460359050818397,True,False,"0.9569, 0.9686, 0.9725",#F4F7F8,"0.9569, 0.9686, 0.9725",False
2,594.95996,841.91998,rect,16.245524827103104,92.3964224541489,659.9744329490642,690.4347919998823,76.1508976270458,30.46035905081817,True,False,"0.9569, 0.9686, 0.9725",#F4F7F8,"0.9569, 0.9686, 0.9725",False
2,594.95996,841.91998,curve,163.21675993530138,186.56970187426208,59.14383387167345,66.7589236343781,23.352941938960697,7.615089762704656,True,False,"0.1255, 0.6588, 0.8824",#20A8E1,"0.1255, 0.6588, 0.8824",True
2,594.95996,841.91998,curve,163.21675993530138,186.56970187426208,59.14383387167345,66.7589236343781,23.352941938960697,7.615089762704656,False,True,"0.1255, 0.6588, 0.8824",#20A8E1,"0.1255, 0.6588, 0.8824",False
2,594.95996,841.91998,curve,189.1080620564971,264.24361438184894,59.14383387167345,66.7589236343781,75.13555232535185,7.615089762704656,True,False,"0.8157, 0.8667, 0.6784",#D0DDAD,"0.8157, 0.8667, 0.6784",True
2,594.95996,841.91998,curve,189.1080620564971,264.24361438184894,59.14383387167345,66.7589236343781,75.13555232535185,7.615089762704656,False,True,"0.4824, 0.6824, 0.1529",#7BAE27,"0.4824, 0.6824, 0.1529",False
2,594.95996,841.91998,curve,266.7819708200841,316.02621795224036,58.889997546250015,66.7589236343781,49.24424713215626,7.868926088128092,True,False,"0.9529, 0.6824, 0.6392",#F3AEA3,"0.9529, 0.6824, 0.6392",True
2,594.95996,841.91998,curve,266.5281344946606,316.28005427766385,59.41047112456363,66.87325962961404,49.751919783003245,7.462788505050412,True,False,"0.9529, 0.6824, 0.6392",#F3AEA3,"0.9529, 0.6824, 0.6392",True
2,594.95996,841.91998,curve,266.5281344946606,316.28005427766385,59.41047112456363,66.87325962961404,49.751919783003245,7.462788505050412,False,True,"0.8667, 0.0000, 0.1882",#DD0030,"0.8667, 0.0000, 0.1882",False
2,594.95996,841.91998,curve,318.31073873705196,549.3017948724242,58.889997546250015,67.01275995980154,230.99105613537228,8.122762413551527,True,False,"0.7647, 0.6667, 0.8235",#C3AAD2,"0.7647, 0.6667, 0.8235",True
2,594.95996,841.91998,curve,317.8030835582043,548.7941396935765,59.41047112456363,66.87325962961404,230.99105613537222,7.462788505050412,True,False,"0.6118, 0.6157, 0.7725",#9C9DC5,"0.6118, 0.6157, 0.7725",True
2,594.95996,841.91998,curve,317.8030835582043,548.7941396935765,59.41047112456363,66.87325962961404,230.99105613537222,7.462788505050412,False,True,"0.0902, 0.1882, 0.4667",#173077,"0.0902, 0.1882, 0.4667",False
2,594.95996,841.91998,curve,162.9629236098779,445.73659013164126,90.36573943476071,98.48850184831224,282.7736665217634,8.122762413551527,True,False,"0.7647, 0.6667, 0.8235",#C3AAD2,"0.7647, 0.6667, 0.8235",True
2,594.95996,841.91998,curve,162.9629236098779,238.6061485860767,121.84142132327395,129.96418373682548,75.64322497619881,8.122762413551527,True,False,"0.7647, 0.6667, 0.8235",#C3AAD2,"0.7647, 0.6667, 0.8235",True
2,594.95996,841.91998,curve,162.4552516310309,238.0984766072297,122.36177730159238,129.8245658066428,75.64322497619881,7.462788505050412,True,False,"0.8667, 0.0000, 0.1882",#DD0030,"0.8667, 0.0000, 0.1882",True
2,594.95996,841.91998,curve,162.4552516310309,238.0984766072297,122.36177730159238,129.8245658066428,75.64322497619881,7.462788505050412,False,True,"0.8667, 0.0000, 0.1882",#DD0030,"0.8667, 0.0000, 0.1882",False
2,594.95996,841.91998,curve,240.8906662988885,290.13491343104477,122.09525764869738,129.71034741140204,49.24424713215626,7.615089762704656,True,False,"0.4824, 0.6824, 0.1529",#7BAE27,"0.4824, 0.6824, 0.1529",True
2,594.95996,841.91998,curve,240.8906662988885,290.13491343104477,122.09525764869738,129.71034741140204,49.24424713215626,7.615089762704656,False,True,"0.4824, 0.6824, 0.1529",#7BAE27,"0.4824, 0.6824, 0.1529",False
2,594.95996,841.91998,curve,292.4194510158557,575.1931175376192,121.84142132327395,129.96418373682548,282.77366652176346,8.122762413551527,True,False,"0.7647, 0.6667, 0.8235",#C3AAD2,"0.7647, 0.6667, 0.8235",True
2,594.95996,841.91998,curve,291.9117646370093,574.6854311587726,122.36177730159238,129.8245658066428,282.77366652176335,7.462788505050412,True,False,"0.0902, 0.1882, 0.4667",#173077,"0.0902, 0.1882, 0.4667",True
2,594.95996,841.91998,curve,291.9117646370093,574.6854311587726,122.36177730159238,129.8245658066428,282.77366652176335,7.462788505050412,False,True,"0.0902, 0.1882, 0.4667",#173077,"0.0902, 0.1882, 0.4667",False
2,594.95996,841.91998,curve,163.21675993530138,367.8088382266311,153.5709971372081,161.18608689991277,204.59207829132973,7.615089762704656,True,False,"0.1255, 0.6588, 0.8824",#20A8E1,"0.1255, 0.6588, 0.8824",True
2,594.95996,841.91998,curve,163.21675993530138,367.8088382266311,153.5709971372081,161.18608689991277,204.59207829132973,7.615089762704656,False,True,"0.1255, 0.6588, 0.8824",#20A8E1,"0.1255, 0.6588, 0.8824",False
2,594.95996,841.91998,curve,370.0933741794421,575.1931251216188,153.31716081178467,161.4399232253362,205.09975094217668,8.122762413551527,True,False,"0.7647, 0.6667, 0.8235",#C3AAD2,"0.7647, 0.6667, 0.8235",True
2,594.95996,841.91998,curve,162.9629236098779,575.1931160976192,231.4986815542212,239.62144396777273,412.2301924877413,8.122762413551527,True,False,"0.7647, 0.6667, 0.8235",#C3AAD2,"0.7647, 0.6667, 0.8235",True
2,594.95996,841.91998,curve,163.21675993530138,367.8088382266311,263.2282597681552,270.8433495308599,204.59207829132973,7.615089762704656,True,False,"0.1255, 0.6588, 0.8824",#20A8E1,"0.1255, 0.6588, 0.8824",True
2,594.95996,841.91998,curve,163.21675993530138,367.8088382266311,263.2282597681552,270.8433495308599,204.59207829132973,7.615089762704656,False,True,"0.1255, 0.6588, 0.8824",#20A8E1,"0.1255, 0.6588, 0.8824",False
2,594.95996,841.91998,curve,370.0933741794421,497.51920954203206,262.9744234427318,271.0971858562833,127.42583536258996,8.122762413551527,True,False,"0.7647, 0.6667, 0.8235",#C3AAD2,"0.7647, 0.6667, 0.8235",True
2,594.95996,841.91998,curve,499.8037355108435,574.9392878361954,262.9744234427318,270.8433495308599,75.13555232535185,7.868926088128092,True,False,"0.9529, 0.6824, 0.6392",#F3AEA3,"0.9529, 0.6824, 0.6392",True
2,594.95996,841.91998,curve,499.54989918542003,575.1931241616188,263.49488262104603,270.95767112609644,75.64322497619878,7.462788505050412,True,False,"0.9529, 0.6824, 0.6392",#F3AEA3,"0.9529, 0.6824, 0.6392",True
2,594.95996,841.91998,curve,499.54989918542003,575.1931241616188,263.49488262104603,270.95767112609644,75.64322497619878,7.462788505050412,False,True,"0.8667, 0.0000, 0.1882",#DD0030,"0.8667, 0.0000, 0.1882",False
2,594.95996,841.91998,curve,163.21675993530138,212.46100706745767,294.7039992566662,302.31908901937084,49.24424713215629,7.615089762704656,True,False,"0.4824, 0.6824, 0.1529",#7BAE27,"0.4824, 0.6824, 0.1529",True
2,594.95996,841.91998,curve,163.21675993530138,212.46100706745767,294.7039992566662,302.31908901937084,49.24424713215629,7.615089762704656,False,True,"0.4824, 0.6824, 0.1529",#7BAE27,"0.4824, 0.6824, 0.1529",False
2,594.95996,841.91998,curve,214.99936417769277,264.24361130984903,294.45016293124274,302.31908901937084,49.24424713215626,7.868926088128092,True,False,"0.9529, 0.6824, 0.6392",#F3AEA3,"0.9529, 0.6824, 0.6392",True
2,594.95996,841.91998,curve,214.74552785226928,264.4974476352725,294.97062210955687,302.4334106146073,49.751919783003245,7.462788505050412,True,False,"0.9529, 0.6824, 0.6392",#F3AEA3,"0.9529, 0.6824, 0.6392",True
2,594.95996,841.91998,curve,214.74552785226928,264.4974476352725,294.97062210955687,302.4334106146073,49.751919783003245,7.462788505050412,False,True,"0.8667, 0.0000, 0.1882",#DD0030,"0.8667, 0.0000, 0.1882",False
2,594.95996,841.91998,curve,266.5281344946606,549.301801016424,294.45016293124274,302.57292534479427,282.77366652176335,8.122762413551527,True,False,"0.7647, 0.6667, 0.8235",#C3AAD2,"0.7647, 0.6667, 0.8235",True
2,594.95996,841.91998,curve,266.020476915813,548.7941434375764,294.97062210955687,302.4334106146073,282.7736665217634,7.462788505050412,True,False,"0.6118, 0.6157, 0.7725",#9C9DC5,"0.6118, 0.6157, 0.7725",True
2,594.95996,841.91998,curve,266.020476915813,548.7941434375764,294.97062210955687,302.4334106146073,282.7736665217634,7.462788505050412,False,True,"0.0902, 0.1882, 0.4667",#173077,"0.0902, 0.1882, 0.4667",False
2,594.95996,841.91998,curve,163.21675993530138,341.9175330334355,326.1796235451817,333.79471330788635,178.70077309813414,7.615089762704656,True,False,"0.1255, 0.6588, 0.8824",#20A8E1,"0.1255, 0.6588, 0.8824",True
2,594.95996,841.91998,curve,163.21675993530138,341.9175330334355,326.1796235451817,333.79471330788635,178.70077309813414,7.615089762704656,False,True,"0.1255, 0.6588, 0.8824",#20A8E1,"0.1255, 0.6588, 0.8824",False
2,594.95996,841.91998,curve,344.45589158367056,419.5914439090224,325.92578721975826,333.79471330788635,75.13555232535185,7.868926088128092,True,False,"0.9529, 0.6824, 0.6392",#F3AEA3,"0.9529, 0.6824, 0.6392",True
2,594.95996,841.91998,curve,344.20205525824707,419.8452802344459,326.4462463980725,333.909034903123,75.64322497619884,7.462788505050469,True,False,"0.9529, 0.6824, 0.6392",#F3AEA3,"0.9529, 0.6824, 0.6392",True
2,594.95996,841.91998,curve,344.20205525824707,419.8452802344459,326.4462463980725,333.909034903123,75.64322497619884,7.462788505050469,False,True,"0.8667, 0.0000, 0.1882",#DD0030,"0.8667, 0.0000, 0.1882",False
2,594.95996,841.91998,curve,421.875990421833,575.1931309776186,325.92578721975826,334.0485496333098,153.31714055578556,8.122762413551527,True,False,"0.7647, 0.6667, 0.8235",#C3AAD2,"0.7647, 0.6667, 0.8235",True
2,594.95996,841.91998,curve,421.368294442987,574.6854349987725,326.4462463980725,333.909034903123,153.3171405557855,7.462788505050469,True,False,"0.6118, 0.6157, 0.7725",#9C9DC5,"0.6118, 0.6157, 0.7725",True
2,594.95996,841.91998,curve,421.368294442987,574.6854349987725,326.4462463980725,333.909034903123,153.3171405557855,7.462788505050469,False,True,"0.0902, 0.1882, 0.4667",#173077,"0.0902, 0.1882, 0.4667",False
2,594.95996,841.91998,curve,163.21675993530138,290.1349226470444,357.6553654336925,365.2704551963971,126.91816271174301,7.615089762704599,True,False,"0.1255, 0.6588, 0.8824",#20A8E1,"0.1255, 0.6588, 0.8824",True
2,594.95996,841.91998,curve,163.21675993530138,290.1349226470444,357.6553654336925,365.2704551963971,126.91816271174301,7.615089762704599,False,True,"0.1255, 0.6588, 0.8824",#20A8E1,"0.1255, 0.6588, 0.8824",False
2,594.95996,841.91998,curve,292.6732873412792,316.02622928023993,357.6553654336925,365.2704551963971,23.352941938960726,7.615089762704599,True,False,"0.9804, 0.8078, 0.6431",#FACEA4,"0.9804, 0.8078, 0.6431",True
2,594.95996,841.91998,curve,292.6732873412792,316.02622928023993,357.6553654336925,365.2704551963971,23.352941938960726,7.615089762704599,False,True,"0.9255, 0.4863, 0.0549",#EC7C0E,"0.9255, 0.4863, 0.0549",False
2,594.95996,841.91998,curve,318.56457506247546,419.5914325810229,357.6553654336925,365.2704551963971,101.02685751854744,7.615089762704599,True,False,"0.8157, 0.8667, 0.6784",#D0DDAD,"0.8157, 0.8667, 0.6784",True
2,594.95996,841.91998,curve,318.56457506247546,419.5914325810229,357.6553654336925,365.2704551963971,101.02685751854744,7.615089762704599,False,True,"0.4824, 0.6824, 0.1529",#7BAE27,"0.4824, 0.6824, 0.1529",False
2,594.95996,841.91998,curve,422.1298267472565,549.0479894589995,357.401529108269,365.2704551963971,126.91816271174298,7.868926088128092,True,False,"0.9529, 0.6824, 0.6392",#F3AEA3,"0.9529, 0.6824, 0.6392",True
2,594.95996,841.91998,curve,421.875990421833,549.301825784423,357.9219858865833,365.38477439163375,127.42583536259002,7.462788505050469,True,False,"0.9529, 0.6824, 0.6392",#F3AEA3,"0.9529, 0.6824, 0.6392",True
2,594.95996,841.91998,curve,421.875990421833,549.301825784423,357.9219858865833,365.38477439163375,127.42583536259002,7.462788505050469,False,True,"0.8667, 0.0000, 0.1882",#DD0030,"0.8667, 0.0000, 0.1882",False
2,594.95996,841.91998,curve,551.332489027812,575.1931036176197,357.401529108269,365.52429152182054,23.86061458980771,8.122762413551527,True,False,"0.7647, 0.6667, 0.8235",#C3AAD2,"0.7647, 0.6667, 0.8235",True
2,594.95996,841.91998,curve,550.8248170489651,574.6854316387728,357.9219858865833,365.38477439163375,23.86061458980771,7.462788505050469,True,False,"0.6118, 0.6157, 0.7725",#9C9DC5,"0.6118, 0.6157, 0.7725",True
2,594.95996,841.91998,curve,550.8248170489651,574.6854316387728,357.9219858865833,365.38477439163375,23.86061458980771,7.462788505050469,False,True,"0.0902, 0.1882, 0.4667",#173077,"0.0902, 0.1882, 0.4667",False
2,594.95996,841.91998,curve,162.9629236098779,419.84528493844573,388.8772685967798,397.0000310103313,256.88236132856787,8.122762413551527,True,False,"0.7647, 0.6667, 0.8235",#C3AAD2,"0.7647, 0.6667, 0.8235",True
2,594.95996,841.91998,curve,163.21675993530138,212.46100706745767,467.3126328646395,474.9277226273441,49.24424713215629,7.615089762704599,True,False,"0.4824, 0.6824, 0.1529",#7BAE27,"0.4824, 0.6824, 0.1529",True
2,594.95996,841.91998,curve,163.21675993530138,212.46100706745767,467.3126328646395,474.9277226273441,49.24424713215629,7.615089762704599,False,True,"0.4824, 0.6824, 0.1529",#7BAE27,"0.4824, 0.6824, 0.1529",False
2,594.95996,841.91998,curve,214.99936417769277,393.70013727582693,467.058796539216,474.9277226273441,178.70077309813416,7.868926088128092,True,False,"0.9529, 0.6824, 0.6392",#F3AEA3,"0.9529, 0.6824, 0.6392",True
2,594.95996,841.91998,curve,214.74552785226928,393.95397360125037,467.579140517535,475.04192902258546,179.2084457489811,7.462788505050469,True,False,"0.9529, 0.6824, 0.6392",#F3AEA3,"0.9529, 0.6824, 0.6392",True
2,594.95996,841.91998,curve,214.74552785226928,393.95397360125037,467.579140517535,475.04192902258546,179.2084457489811,7.462788505050469,False,True,"0.8667, 0.0000, 0.1882",#DD0030,"0.8667, 0.0000, 0.1882",False
2,594.95996,841.91998,curve,421.875990421833,575.1931309776186,467.058796539216,475.18155895276755,153.31714055578556,8.122762413551527,True,False,"0.7647, 0.6667, 0.8235",#C3AAD2,"0.7647, 0.6667, 0.8235",True
2,594.95996,841.91998,curve,421.368294442987,574.6854349987725,467.579140517535,475.04192902258546,153.3171405557855,7.462788505050469,True,False,"0.6118, 0.6157, 0.7725",#9C9DC5,"0.6118, 0.6157, 0.7725",True
2,594.95996,841.91998,curve,421.368294442987,574.6854349987725,467.579140517535,475.04192902258546,153.3171405557855,7.462788505050469,False,True,"0.0902, 0.1882, 0.4667",#173077,"0.0902, 0.1882, 0.4667",False
2,594.95996,841.91998,curve,163.21675993530138,316.0262278402399,498.78836755315047,506.40345731585506,152.80946790493854,7.615089762704599,True,False,"0.1255, 0.6588, 0.8824",#20A8E1,"0.1255, 0.6588, 0.8824",True
2,594.95996,841.91998,curve,163.21675993530138,316.0262278402399,498.78836755315047,506.40345731585506,152.80946790493854,7.615089762704599,False,True,"0.1255, 0.6588, 0.8824",#20A8E1,"0.1255, 0.6588, 0.8824",False
2,594.95996,841.91998,curve,318.31073873705196,575.1931000656198,498.534531227727,506.6572936412785,256.8823613285678,8.122762413551527,True,False,"0.7647, 0.6667, 0.8235",#C3AAD2,"0.7647, 0.6667, 0.8235",True
2,594.95996,841.91998,curve,162.9629236098779,264.4974537792723,530.010265916238,538.1330283297896,101.5345301693944,8.122762413551527,True,False,"0.7647, 0.6667, 0.8235",#C3AAD2,"0.7647, 0.6667, 0.8235",True
2,594.95996,841.91998,curve,162.4552516310309,263.9897818004253,530.530633894556,537.9934223996065,101.5345301693944,7.462788505050469,True,False,"0.8667, 0.0000, 0.1882",#DD0030,"0.8667, 0.0000, 0.1882",True
2,594.95996,841.91998,curve,162.4552516310309,263.9897818004253,530.530633894556,537.9934223996065,101.5345301693944,7.462788505050469,False,True,"0.8667, 0.0000, 0.1882",#DD0030,"0.8667, 0.0000, 0.1882",False
2,594.95996,841.91998,curve,266.7819708200841,290.1349127590448,530.2641022416615,537.8791920043661,23.352941938960726,7.615089762704599,True,False,"0.4824, 0.6824, 0.1529",#7BAE27,"0.4824, 0.6824, 0.1529",True
2,594.95996,841.91998,curve,266.7819708200841,290.1349127590448,530.2641022416615,537.8791920043661,23.352941938960726,7.615089762704599,False,True,"0.4824, 0.6824, 0.1529",#7BAE27,"0.4824, 0.6824, 0.1529",False
2,594.95996,841.91998,curve,292.4194510158557,575.1931175376192,530.010265916238,538.1330283297896,282.77366652176346,8.122762413551527,True,False,"0.7647, 0.6667, 0.8235",#C3AAD2,"0.7647, 0.6667, 0.8235",True
2,594.95996,841.91998,curve,291.9117646370093,574.6854311587726,530.530633894556,537.9934223996065,282.77366652176335,7.462788505050469,True,False,"0.0902, 0.1882, 0.4667",#173077,"0.0902, 0.1882, 0.4667",True
2,594.95996,841.91998,curve,291.9117646370093,574.6854311587726,530.530633894556,537.9934223996065,282.77366652176335,7.462788505050469,False,True,"0.0902, 0.1882, 0.4667",#173077,"0.0902, 0.1882, 0.4667",False
2,594.95996,841.91998,curve,163.21675993530138,212.46100706745767,561.7397409301764,569.354830692881,49.24424713215629,7.615089762704599,True,False,"0.1255, 0.6588, 0.8824",#20A8E1,"0.1255, 0.6588, 0.8824",True
2,594.95996,841.91998,curve,163.21675993530138,212.46100706745767,561.7397409301764,569.354830692881,49.24424713215629,7.615089762704599,False,True,"0.1255, 0.6588, 0.8824",#20A8E1,"0.1255, 0.6588, 0.8824",False
2,594.95996,841.91998,curve,266.7819708200841,471.3740491114138,639.9213696726085,647.5364594353131,204.5920782913297,7.615089762704571,True,False,"0.1255, 0.6588, 0.8824",#20A8E1,"0.1255, 0.6588, 0.8824",True
2,594.95996,841.91998,curve,266.7819708200841,471.3740491114138,639.9213696726085,647.5364594353131,204.5920782913297,7.615089762704571,False,True,"0.1255, 0.6588, 0.8824",#20A8E1,"0.1255, 0.6588, 0.8824",False
2,594.95996,841.91998,curve,162.9629236098779,575.1931160976192,671.143268035696,679.2660304492475,412.2301924877413,8.122762413551555,True,False,"0.7647, 0.6667, 0.8235",#C3AAD2,"0.7647, 0.6667, 0.8235",True
3,594.95996,841.91998,rect,0.0,594.9923467926512,0.0,842.2289277551265,594.9923467926512,842.2289277551265,True,False,"1.0000, 1.0000, 1.0000",#FFFFFF,"1.0000, 1.0000, 1.0000",False
3,594.95996,841.91998,rect,0.0,595.5000194434981,-2.3039998495733016e-06,842.2289254511269,595.5000194434981,842.2289277551267,True,False,"1.0000, 1.0000, 1.0000",#FFFFFF,"1.0000, 1.0000, 1.0000",False
3,594.95996,841.91998,rect,92.3964224541489,583.3158758231708,-2.3039998495733016e-06,1.0153429976941197,490.9194533690219,1.0153453016939693,True,False,"1.0000, 1.0000, 1.0000",#FFFFFF,"1.0000, 1.0000, 1.0000",False
3,594.95996,841.91998,rect,92.3964224541489,583.3158758231708,21.32224903157305,46.7058815739216,490.9194533690219,25.38363254234855,True,False,"0.5333, 0.5451, 0.5529",#888B8D,"0.5333, 0.5451, 0.5529",False
3,594.95996,841.91998,rect,92.3964224541489,583.3158758231708,46.7058815739216,47.72122687561557,490.9194533690219,1.0153453016939693,True,False,"1.0000, 1.0000, 1.0000",#FFFFFF,"1.0000, 1.0000, 1.0000",False
3,594.95996,841.91998,rect,92.3964224541489,583.3158758231708,78.18158592643397,79.19693122812794,490.9194533690219,1.0153453016939693,True,False,"1.0000, 1.0000, 1.0000",#FFFFFF,"1.0000, 1.0000, 1.0000",False
3,594.95996,841.91998,rect,92.3964224541489,583.3158758231708,109.6572902789461,110.67263558064008,490.9194533690219,1.0153453016939693,True,False,"1.0000, 1.0000, 1.0000",#FFFFFF,"1.0000, 1.0000, 1.0000",False
3,594.95996,841.91998,rect,92.3964224541489,583.3158758231708,141.13299463145847,142.14833993315244,490.9194533690219,1.0153453016939693,True,False,"1.0000, 1.0000, 1.0000",#FFFFFF,"1.0000, 1.0000, 1.0000",False
3,594.95996,841.91998,rect,92.3964224541489,583.3158758231708,172.6086989839706,173.62404428566458,490.9194533690219,1.0153453016939693,True,False,"1.0000, 1.0000, 1.0000",#FFFFFF,"1.0000, 1.0000, 1.0000",False
3,594.95996,841.91998,rect,92.3964224541489,583.3158758231708,204.08440333648298,205.09974863817695,490.9194533690219,1.0153453016939693,True,False,"1.0000, 1.0000, 1.0000",#FFFFFF,"1.0000, 1.0000, 1.0000",False
3,594.95996,841.91998,rect,92.3964224541489,583.3158758231708,235.56010768899512,236.5754529906891,490.9194533690219,1.0153453016939693,True,False,"1.0000, 1.0000, 1.0000",#FFFFFF,"1.0000, 1.0000, 1.0000",False
3,594.95996,841.91998,rect,92.3964224541489,583.3158758231708,267.0358120415075,268.05115734320145,490.9194533690219,1.0153453016939693,True,False,"1.0000, 1.0000, 1.0000",#FFFFFF,"1.0000, 1.0000, 1.0000",False
3,594.95996,841.91998,rect,92.3964224541489,583.3158758231708,288.3580633770804,313.74169591942893,490.9194533690219,25.38363254234855,True,False,"0.5333, 0.5451, 0.5529",#888B8D,"0.5333, 0.5451, 0.5529",False
3,594.95996,841.91998,rect,92.3964224541489,583.3158758231708,313.74169591942893,314.7570412211229,490.9194533690219,1.0153453016939693,True,False,"1.0000, 1.0000, 1.0000",#FFFFFF,"1.0000, 1.0000, 1.0000",False
3,594.95996,841.91998,rect,92.3964224541489,583.3158758231708,345.2174002719411,346.23274557363504,490.9194533690219,1.0153453016939693,True,False,"1.0000, 1.0000, 1.0000",#FFFFFF,"1.0000, 1.0000, 1.0000",False
3,594.95996,841.91998,rect,92.3964224541489,583.3158758231708,376.69310462445344,377.7084499261472,490.9194533690219,1.015345301693742,True,False,"1.0000, 1.0000, 1.0000",#FFFFFF,"1.0000, 1.0000, 1.0000",False
3,594.95996,841.91998,rect,92.3964224541489,583.3158758231708,408.1688089769658,409.18415427865955,490.9194533690219,1.015345301693742,True,False,"1.0000, 1.0000, 1.0000",#FFFFFF,"1.0000, 1.0000, 1.0000",False
3,594.95996,841.91998,rect,92.3964224541489,583.3158758231708,439.6445133294782,440.6598586311719,490.9194533690219,1.015345301693742,True,False,"1.0000, 1.0000, 1.0000",#FFFFFF,"1.0000, 1.0000, 1.0000",False
3,594.95996,841.91998,rect,92.3964224541489,583.3158758231708,471.1202176819901,472.1355629836843,490.9194533690219,1.0153453016941967,True,False,"1.0000, 1.0000, 1.0000",#FFFFFF,"1.0000, 1.0000, 1.0000",False
3,594.95996,841.91998,rect,92.3964224541489,583.3158758231708,502.59592203450245,503.61126733619665,490.9194533690219,1.0153453016941967,True,False,"1.0000, 1.0000, 1.0000",#FFFFFF,"1.0000, 1.0000, 1.0000",False
3,594.95996,841.91998,rect,92.3964224541489,583.3158758231708,534.0716263870148,535.0869716887086,490.9194533690219,1.015345301693742,True,False,"1.0000, 1.0000, 1.0000",#FFFFFF,"1.0000, 1.0000, 1.0000",False
3,594.95996,841.91998,rect,92.3964224541489,583.3158758231708,565.5473307395272,566.5626760412209,490.9194533690219,1.015345301693742,True,False,"1.0000, 1.0000, 1.0000",#FFFFFF,"1.0000, 1.0000, 1.0000",False
3,594.95996,841.91998,rect,92.3964224541489,583.3158758231708,597.0230350920391,598.0383803937333,490.9194533690219,1.0153453016941967,True,False,"1.0000, 1.0000, 1.0000",#FFFFFF,"1.0000, 1.0000, 1.0000",False
3,594.95996,841.91998,rect,92.3964224541489,583.3158758231708,628.4987394445515,629.5140847462457,490.9194533690219,1.0153453016941967,True,False,"1.0000, 1.0000, 1.0000",#FFFFFF,"1.0000, 1.0000, 1.0000",False
3,594.95996,841.91998,rect,92.3964224541489,583.3158758231708,659.9744437970638,660.9897890987576,490.9194533690219,1.015345301693742,True,False,"1.0000, 1.0000, 1.0000",#FFFFFF,"1.0000, 1.0000, 1.0000",False
3,594.95996,841.91998,rect,92.3964224541489,583.3158758231708,691.4501481495762,692.4654934512699,490.9194533690219,1.015345301693742,True,False,"1.0000, 1.0000, 1.0000",#FFFFFF,"1.0000, 1.0000, 1.0000",False
3,594.95996,841.91998,rect,92.3964224541489,583.3158758231708,722.9258525020886,723.9411978037823,490.9194533690219,1.015345301693742,True,False,"1.0000, 1.0000, 1.0000",#FFFFFF,"1.0000, 1.0000, 1.0000",False
3,594.95996,841.91998,rect,92.3964224541489,583.3158758231708,754.4015568546005,755.4169021562947,490.9194533690219,1.0153453016941967,True,False,"1.0000, 1.0000, 1.0000",#FFFFFF,"1.0000, 1.0000, 1.0000",False
3,594.95996,841.91998,rect,92.3964224541489,115.74936439310962,47.72122687561557,78.18158592643397,23.35294193896071,30.460359050818397,True,False,"0.9569, 0.9686, 0.9725",#F4F7F8,"0.9569, 0.9686, 0.9725",False
3,594.95996,841.91998,rect,92.3964224541489,93.41176775584285,47.72122687561557,78.18158592643397,1.0153453016939409,30.460359050818397,True,False,"1.0000, 1.0000, 1.0000",#FFFFFF,"1.0000, 1.0000, 1.0000",False
3,594.95996,841.91998,rect,115.74936439310962,161.43990296933708,47.72122687561557,78.18158592643397,45.69053857622747,30.460359050818397,True,False,"0.9569, 0.9686, 0.9725",#F4F7F8,"0.9569, 0.9686, 0.9725",False
3,594.95996,841.91998,rect,115.74936439310962,116.76470969480356,47.72122687561557,78.18158592643397,1.0153453016939409,30.460359050818397,True,False,"1.0000, 1.0000, 1.0000",#FFFFFF,"1.0000, 1.0000, 1.0000",False
3,594.95996,841.91998,rect,161.43990296933708,213.22251335572824,47.72122687561557,78.18158592643397,51.782610386391156,30.460359050818397,True,False,"0.9569, 0.9686, 0.9725",#F4F7F8,"0.9569, 0.9686, 0.9725",False
3,594.95996,841.91998,rect,161.43990296933708,162.45524827103105,47.72122687561557,78.18158592643397,1.0153453016939693,30.460359050818397,True,False,"1.0000, 1.0000, 1.0000",#FFFFFF,"1.0000, 1.0000, 1.0000",False
3,594.95996,841.91998,rect,187.33120816253268,188.34655346422662,47.72122687561557,78.18158592643397,1.0153453016939409,30.460359050818397,True,False,"1.0000, 1.0000, 1.0000",#FFFFFF,"1.0000, 1.0000, 1.0000",False
3,594.95996,841.91998,rect,213.22251335572824,316.7877341285105,47.72122687561557,78.18158592643397,103.56522077278228,30.460359050818397,True,False,"0.9569, 0.9686, 0.9725",#F4F7F8,"0.9569, 0.9686, 0.9725",False
3,594.95996,841.91998,rect,213.22251335572824,214.23785865742218,47.72122687561557,78.18158592643397,1.0153453016939409,30.460359050818397,True,False,"1.0000, 1.0000, 1.0000",#FFFFFF,"1.0000, 1.0000, 1.0000",False
3,594.95996,841.91998,rect,239.1138185489238,240.12916385061774,47.72122687561557,78.18158592643397,1.0153453016939409,30.460359050818397,True,False,"1.0000, 1.0000, 1.0000",#FFFFFF,"1.0000, 1.0000, 1.0000",False
3,594.95996,841.91998,rect,265.0051237421194,266.0204690438133,47.72122687561557,78.18158592643397,1.0153453016939125,30.460359050818397,True,False,"1.0000, 1.0000, 1.0000",#FFFFFF,"1.0000, 1.0000, 1.0000",False
3,594.95996,841.91998,rect,290.89642893531493,291.9117742370089,47.72122687561557,78.18158592643397,1.0153453016939693,30.460359050818397,True,False,"1.0000, 1.0000, 1.0000",#FFFFFF,"1.0000, 1.0000, 1.0000",False
3,594.95996,841.91998,rect,316.7877341285105,420.35295490129283,47.72122687561557,78.18158592643397,103.56522077278231,30.460359050818397,True,False,"0.9569, 0.9686, 0.9725",#F4F7F8,"0.9569, 0.9686, 0.9725",False
3,594.95996,841.91998,rect,316.7877341285105,317.8030794302045,47.72122687561557,78.18158592643397,1.0153453016939693,30.460359050818397,True,False,"1.0000, 1.0000, 1.0000",#FFFFFF,"1.0000, 1.0000, 1.0000",False
3,594.95996,841.91998,rect,342.6790393217061,343.6943846234,47.72122687561557,78.18158592643397,1.0153453016939125,30.460359050818397,True,False,"1.0000, 1.0000, 1.0000",#FFFFFF,"1.0000, 1.0000, 1.0000",False
3,594.95996,841.91998,rect,368.57034451490165,369.5856898165956,47.72122687561557,78.18158592643397,1.0153453016939693,30.460359050818397,True,False,"1.0000, 1.0000, 1.0000",#FFFFFF,"1.0000, 1.0000, 1.0000",False
3,594.95996,841.91998,rect,394.46164970809724,395.4769950097912,47.72122687561557,78.18158592643397,1.0153453016939693,30.460359050818397,True,False,"1.0000, 1.0000, 1.0000",#FFFFFF,"1.0000, 1.0000, 1.0000",False
3,594.95996,841.91998,rect,420.35295490129283,523.9181756740751,47.72122687561557,78.18158592643397,103.56522077278225,30.460359050818397,True,False,"0.9569, 0.9686, 0.9725",#F4F7F8,"0.9569, 0.9686, 0.9725",False
3,594.95996,841.91998,rect,420.35295490129283,421.36830020298675,47.72122687561557,78.18158592643397,1.0153453016939125,30.460359050818397,True,False,"1.0000, 1.0000, 1.0000",#FFFFFF,"1.0000, 1.0000, 1.0000",False
3,594.95996,841.91998,rect,446.24426009448837,447.25960539618234,47.72122687561557,78.18158592643397,1.0153453016939693,30.460359050818397,True,False,"1.0000, 1.0000, 1.0000",#FFFFFF,"1.0000, 1.0000, 1.0000",False
3,594.95996,841.91998,rect,472.13556528768396,473.1509105893779,47.72122687561557,78.18158592643397,1.0153453016939125,30.460359050818397,True,False,"1.0000, 1.0000, 1.0000",#FFFFFF,"1.0000, 1.0000, 1.0000",False
3,594.95996,841.91998,rect,498.02687048087955,499.04221578257346,47.72122687561557,78.18158592643397,1.0153453016939125,30.460359050818397,True,False,"1.0000, 1.0000, 1.0000",#FFFFFF,"1.0000, 1.0000, 1.0000",False
3,594.95996,841.91998,rect,523.9181756740751,575.7007860604663,47.72122687561557,78.18158592643397,51.782610386391184,30.460359050818397,True,False,"0.9569, 0.9686, 0.9725",#F4F7F8,"0.9569, 0.9686, 0.9725",False
3,594.95996,841.91998,rect,523.9181756740751,524.933520975769,47.72122687561557,78.18158592643397,1.0153453016939693,30.460359050818397,True,False,"1.0000, 1.0000, 1.0000",#FFFFFF,"1.0000, 1.0000, 1.0000",False
3,594.95996,841.91998,rect,549.8094808672706,550.8248261689646,47.72122687561557,78.18158592643397,1.0153453016939693,30.460359050818397,True,False,"1.0000, 1.0000, 1.0000",#FFFFFF,"1.0000, 1.0000, 1.0000",False
3,594.95996,841.91998,rect,92.3964224541489,115.74936439310962,79.19693122812794,109.6572902789461,23.35294193896071,30.46035905081817,True,False,"0.9569, 0.9686, 0.9725",#F4F7F8,"0.9569, 0.9686, 0.9725",False
3,594.95996,841.91998,rect,92.3964224541489,93.41176775584285,79.19693122812794,109.6572902789461,1.0153453016939409,30.46035905081817,True,False,"1.0000, 1.0000, 1.0000",#FFFFFF,"1.0000, 1.0000, 1.0000",False
3,594.95996,841.91998,rect,115.74936439310962,161.43990296933708,79.19693122812794,109.6572902789461,45.69053857622747,30.46035905081817,True,False,"0.9569, 0.9686, 0.9725",#F4F7F8,"0.9569, 0.9686, 0.9725",False
3,594.95996,841.91998,rect,115.74936439310962,116.76470969480356,79.19693122812794,109.6572902789461,1.0153453016939409,30.46035905081817,True,False,"1.0000, 1.0000, 1.0000",#FFFFFF,"1.0000, 1.0000, 1.0000",False
3,594.95996,841.91998,rect,161.43990296933708,213.22251335572824,79.19693122812794,109.6572902789461,51.782610386391156,30.46035905081817,True,False,"0.9569, 0.9686, 0.9725",#F4F7F8,"0.9569, 0.9686, 0.9725",False
3,594.95996,841.91998,rect,161.43990296933708,162.45524827103105,79.19693122812794,109.6572902789461,1.0153453016939693,30.46035905081817,True,False,"1.0000, 1.0000, 1.0000",#FFFFFF,"1.0000, 1.0000, 1.0000",False
3,594.95996,841.91998,rect,187.33120816253268,188.34655346422662,79.19693122812794,109.6572902789461,1.0153453016939409,30.46035905081817,True,False,"1.0000, 1.0000, 1.0000",#FFFFFF,"1.0000, 1.0000, 1.0000",False
3,594.95996,841.91998,rect,213.22251335572824,316.7877341285105,79.19693122812794,109.6572902789461,103.56522077278228,30.46035905081817,True,False,"0.9569, 0.9686, 0.9725",#F4F7F8,"0.9569, 0.9686, 0.9725",False
3,594.95996,841.91998,rect,213.22251335572824,214.23785865742218,79.19693122812794,109.6572902789461,1.0153453016939409,30.46035905081817,True,False,"1.0000, 1.0000, 1.0000",#FFFFFF,"1.0000, 1.0000, 1.0000",False
3,594.95996,841.91998,rect,239.1138185489238,240.12916385061774,79.19693122812794,109.6572902789461,1.0153453016939409,30.46035905081817,True,False,"1.0000, 1.0000, 1.0000",#FFFFFF,"1.0000, 1.0000, 1.0000",False
3,594.95996,841.91998,rect,265.0051237421194,266.0204690438133,79.19693122812794,109.6572902789461,1.0153453016939125,30.46035905081817,True,False,"1.0000, 1.0000, 1.0000",#FFFFFF,"1.0000, 1.0000, 1.0000",False
3,594.95996,841.91998,rect,290.89642893531493,291.9117742370089,79.19693122812794,109.6572902789461,1.0153453016939693,30.46035905081817,True,False,"1.0000, 1.0000, 1.0000",#FFFFFF,"1.0000, 1.0000, 1.0000",False
3,594.95996,841.91998,rect,316.7877341285105,420.35295490129283,79.19693122812794,109.6572902789461,103.56522077278231,30.46035905081817,True,False,"0.9569, 0.9686, 0.9725",#F4F7F8,"0.9569, 0.9686, 0.9725",False
3,594.95996,841.91998,rect,316.7877341285105,317.8030794302045,79.19693122812794,109.6572902789461,1.0153453016939693,30.46035905081817,True,False,"1.0000, 1.0000, 1.0000",#FFFFFF,"1.0000, 1.0000, 1.0000",False
3,594.95996,841.91998,rect,342.6790393217061,343.6943846234,79.19693122812794,109.6572902789461,1.0153453016939125,30.46035905081817,True,False,"1.0000, 1.0000, 1.0000",#FFFFFF,"1.0000, 1.0000, 1.0000",False
3,594.95996,841.91998,rect,368.57034451490165,369.5856898165956,79.19693122812794,109.6572902789461,1.0153453016939693,30.46035905081817,True,False,"1.0000, 1.0000, 1.0000",#FFFFFF,"1.0000, 1.0000, 1.0000",False
3,594.95996,841.91998,rect,394.46164970809724,395.4769950097912,79.19693122812794,109.6572902789461,1.0153453016939693,30.46035905081817,True,False,"1.0000, 1.0000, 1.0000",#FFFFFF,"1.0000, 1.0000, 1.0000",False
3,594.95996,841.91998,rect,420.35295490129283,523.9181756740751,79.19693122812794,109.6572902789461,103.56522077278225,30.46035905081817,True,False,"0.9569, 0.9686, 0.9725",#F4F7F8,"0.9569, 0.9686, 0.9725",False
3,594.95996,841.91998,rect,420.35295490129283,421.36830020298675,79.19693122812794,109.6572902789461,1.0153453016939125,30.46035905081817,True,False,"1.0000, 1.0000, 1.0000",#FFFFFF,"1.0000, 1.0000, 1.0000",False
3,594.95996,841.91998,rect,446.24426009448837,447.25960539618234,79.19693122812794,109.6572902789461,1.0153453016939693,30.46035905081817,True,False,"1.0000, 1.0000, 1.0000",#FFFFFF,"1.0000, 1.0000, 1.0000",False
3,594.95996,841.91998,rect,472.13556528768396,473.1509105893779,79.19693122812794,109.6572902789461,1.0153453016939125,30.46035905081817,True,False,"1.0000, 1.0000, 1.0000",#FFFFFF,"1.0000, 1.0000, 1.0000",False
3,594.95996,841.91998,rect,498.02687048087955,499.04221578257346,79.19693122812794,109.6572902789461,1.0153453016939125,30.46035905081817,True,False,"1.0000, 1.0000, 1.0000",#FFFFFF,"1.0000, 1.0000, 1.0000",False
3,594.95996,841.91998,rect,523.9181756740751,575.7007860604663,79.19693122812794,109.6572902789461,51.782610386391184,30.46035905081817,True,False,"0.9569, 0.9686, 0.9725",#F4F7F8,"0.9569, 0.9686, 0.9725",False
3,594.95996,841.91998,rect,523.9181756740751,524.933520975769,79.19693122812794,109.6572902789461,1.0153453016939693,30.46035905081817,True,False,"1.0000, 1.0000, 1.0000",#FFFFFF,"1.0000, 1.0000, 1.0000",False
3,594.95996,841.91998,rect,549.8094808672706,550.8248261689646,79.19693122812794,109.6572902789461,1.0153453016939693,30.46035905081817,True,False,"1.0000, 1.0000, 1.0000",#FFFFFF,"1.0000, 1.0000, 1.0000",False
3,594.95996,841.91998,rect,92.3964224541489,115.74936439310962,110.67263558064008,141.13299463145847,23.35294193896071,30.460359050818397,True,False,"0.9569, 0.9686, 0.9725",#F4F7F8,"0.9569, 0.9686, 0.9725",False
3,594.95996,841.91998,rect,92.3964224541489,93.41176775584285,110.67263558064008,141.13299463145847,1.0153453016939409,30.460359050818397,True,False,"1.0000, 1.0000, 1.0000",#FFFFFF,"1.0000, 1.0000, 1.0000",False
3,594.95996,841.91998,rect,115.74936439310962,161.43990296933708,110.67263558064008,141.13299463145847,45.69053857622747,30.460359050818397,True,False,"0.9569, 0.9686, 0.9725",#F4F7F8,"0.9569, 0.9686, 0.9725",False
3,594.95996,841.91998,rect,115.74936439310962,116.76470969480356,110.67263558064008,141.13299463145847,1.0153453016939409,30.460359050818397,True,False,"1.0000, 1.0000, 1.0000",#FFFFFF,"1.0000, 1.0000, 1.0000",False
3,594.95996,841.91998,rect,161.43990296933708,213.22251335572824,110.67263558064008,141.13299463145847,51.782610386391156,30.460359050818397,True,False,"0.9569, 0.9686, 0.9725",#F4F7F8,"0.9569, 0.9686, 0.9725",False
3,594.95996,841.91998,rect,161.43990296933708,162.45524827103105,110.67263558064008,141.13299463145847,1.0153453016939693,30.460359050818397,True,False,"1.0000, 1.0000, 1.0000",#FFFFFF,"1.0000, 1.0000, 1.0000",False
3,594.95996,841.91998,rect,187.33120816253268,188.34655346422662,110.67263558064008,141.13299463145847,1.0153453016939409,30.460359050818397,True,False,"1.0000, 1.0000, 1.0000",#FFFFFF,"1.0000, 1.0000, 1.0000",False
3,594.95996,841.91998,rect,213.22251335572824,316.7877341285105,110.67263558064008,141.13299463145847,103.56522077278228,30.460359050818397,True,False,"0.9569, 0.9686, 0.9725",#F4F7F8,"0.9569, 0.9686, 0.9725",False
3,594.95996,841.91998,rect,213.22251335572824,214.23785865742218,110.67263558064008,141.13299463145847,1.0153453016939409,30.460359050818397,True,False,"1.0000, 1.0000, 1.0000",#FFFFFF,"1.0000, 1.0000, 1.0000",False
3,594.95996,841.91998,rect,239.1138185489238,240.12916385061774,110.67263558064008,141.13299463145847,1.0153453016939409,30.460359050818397,True,False,"1.0000, 1.0000, 1.0000",#FFFFFF,"1.0000, 1.0000, 1.0000",False
3,594.95996,841.91998,rect,265.0051237421194,266.0204690438133,110.67263558064008,141.13299463145847,1.0153453016939125,30.460359050818397,True,False,"1.0000, 1.0000, 1.0000",#FFFFFF,"1.0000, 1.0000, 1.0000",False
3,594.95996,841.91998,rect,290.89642893531493,291.9117742370089,110.67263558064008,141.13299463145847,1.0153453016939693,30.460359050818397,True,False,"1.0000, 1.0000, 1.0000",#FFFFFF,"1.0000, 1.0000, 1.0000",False
3,594.95996,841.91998,rect,316.7877341285105,420.35295490129283,110.67263558064008,141.13299463145847,103.56522077278231,30.460359050818397,True,False,"0.9569, 0.9686, 0.9725",#F4F7F8,"0.9569, 0.9686, 0.9725",False
3,594.95996,841.91998,rect,316.7877341285105,317.8030794302045,110.67263558064008,141.13299463145847,1.0153453016939693,30.460359050818397,True,False,"1.0000, 1.0000, 1.0000",#FFFFFF,"1.0000, 1.0000, 1.0000",False
3,594.95996,841.91998,rect,342.6790393217061,343.6943846234,110.67263558064008,141.13299463145847,1.0153453016939125,30.460359050818397,True,False,"1.0000, 1.0000, 1.0000",#FFFFFF,"1.0000, 1.0000, 1.0000",False
3,594.95996,841.91998,rect,368.57034451490165,369.5856898165956,110.67263558064008,141.13299463145847,1.0153453016939693,30.460359050818397,True,False,"1.0000, 1.0000, 1.0000",#FFFFFF,"1.0000, 1.0000, 1.0000",False
3,594.95996,841.91998,rect,394.46164970809724,395.4769950097912,110.67263558064008,141.13299463145847,1.0153453016939693,30.460359050818397,True,False,"1.0000, 1.0000, 1.0000",#FFFFFF,"1.0000, 1.0000, 1.0000",False
3,594.95996,841.91998,rect,420.35295490129283,523.9181756740751,110.67263558064008,141.13299463145847,103.56522077278225,30.460359050818397,True,False,"0.9569, 0.9686, 0.9725",#F4F7F8,"0.9569, 0.9686, 0.9725",False
3,594.95996,841.91998,rect,420.35295490129283,421.36830020298675,110.67263558064008,141.13299463145847,1.0153453016939125,30.460359050818397,True,False,"1.0000, 1.0000, 1.0000",#FFFFFF,"1.0000, 1.0000, 1.0000",False
3,594.95996,841.91998,rect,446.24426009448837,447.25960539618234,110.67263558064008,141.13299463145847,1.0153453016939693,30.460359050818397,True,False,"1.0000, 1.0000, 1.0000",#FFFFFF,"1.0000, 1.0000, 1.0000",False
3,594.95996,841.91998,rect,472.13556528768396,473.1509105893779,110.67263558064008,141.13299463145847,1.0153453016939125,30.460359050818397,True,False,"1.0000, 1.0000, 1.0000",#FFFFFF,"1.0000, 1.0000, 1.0000",False
3,594.95996,841.91998,rect,498.02687048087955,499.04221578257346,110.67263558064008,141.13299463145847,1.0153453016939125,30.460359050818397,True,False,"1.0000, 1.0000, 1.0000",#FFFFFF,"1.0000, 1.0000, 1.0000",False
3,594.95996,841.91998,rect,523.9181756740751,575.7007860604663,110.67263558064008,141.13299463145847,51.782610386391184,30.460359050818397,True,False,"0.9569, 0.9686, 0.9725",#F4F7F8,"0.9569, 0.9686, 0.9725",False
3,594.95996,841.91998,rect,523.9181756740751,524.933520975769,110.67263558064008,141.13299463145847,1.0153453016939693,30.460359050818397,True,False,"1.0000, 1.0000, 1.0000",#FFFFFF,"1.0000, 1.0000, 1.0000",False
3,594.95996,841.91998,rect,549.8094808672706,550.8248261689646,110.67263558064008,141.13299463145847,1.0153453016939693,30.460359050818397,True,False,"1.0000, 1.0000, 1.0000",#FFFFFF,"1.0000, 1.0000, 1.0000",False
3,594.95996,841.91998,rect,92.3964224541489,115.74936439310962,142.14833993315244,172.6086989839706,23.35294193896071,30.46035905081817,True,False,"0.9569, 0.9686, 0.9725",#F4F7F8,"0.9569, 0.9686, 0.9725",False
3,594.95996,841.91998,rect,92.3964224541489,93.41176775584285,142.14833993315244,172.6086989839706,1.0153453016939409,30.46035905081817,True,False,"1.0000, 1.0000, 1.0000",#FFFFFF,"1.0000, 1.0000, 1.0000",False
3,594.95996,841.91998,rect,115.74936439310962,161.43990296933708,142.14833993315244,172.6086989839706,45.69053857622747,30.46035905081817,True,False,"0.9569, 0.9686, 0.9725",#F4F7F8,"0.9569, 0.9686, 0.9725",False
3,594.95996,841.91998,rect,115.74936439310962,116.76470969480356,142.14833993315244,172.6086989839706,1.0153453016939409,30.46035905081817,True,False,"1.0000, 1.0000, 1.0000",#FFFFFF,"1.0000, 1.0000, 1.0000",False
3,594.95996,841.91998,rect,161.43990296933708,213.22251335572824,142.14833993315244,172.6086989839706,51.782610386391156,30.46035905081817,True,False,"0.9569, 0.9686, 0.9725",#F4F7F8,"0.9569, 0.9686, 0.9725",False
3,594.95996,841.91998,rect,161.43990296933708,162.45524827103105,142.14833993315244,172.6086989839706,1.0153453016939693,30.46035905081817,True,False,"1.0000, 1.0000, 1.0000",#FFFFFF,"1.0000, 1.0000, 1.0000",False
3,594.95996,841.91998,rect,187.33120816253268,188.34655346422662,142.14833993315244,172.6086989839706,1.0153453016939409,30.46035905081817,True,False,"1.0000, 1.0000, 1.0000",#FFFFFF,"1.0000, 1.0000, 1.0000",False
3,594.95996,841.91998,rect,213.22251335572824,316.7877341285105,142.14833993315244,172.6086989839706,103.56522077278228,30.46035905081817,True,False,"0.9569, 0.9686, 0.9725",#F4F7F8,"0.9569, 0.9686, 0.9725",False
3,594.95996,841.91998,rect,213.22251335572824,214.23785865742218,142.14833993315244,172.6086989839706,1.0153453016939409,30.46035905081817,True,False,"1.0000, 1.0000, 1.0000",#FFFFFF,"1.0000, 1.0000, 1.0000",False
3,594.95996,841.91998,rect,239.1138185489238,240.12916385061774,142.14833993315244,172.6086989839706,1.0153453016939409,30.46035905081817,True,False,"1.0000, 1.0000, 1.0000",#FFFFFF,"1.0000, 1.0000, 1.0000",False
3,594.95996,841.91998,rect,265.0051237421194,266.0204690438133,142.14833993315244,172.6086989839706,1.0153453016939125,30.46035905081817,True,False,"1.0000, 1.0000, 1.0000",#FFFFFF,"1.0000, 1.0000, 1.0000",False
3,594.95996,841.91998,rect,290.89642893531493,291.9117742370089,142.14833993315244,172.6086989839706,1.0153453016939693,30.46035905081817,True,False,"1.0000, 1.0000, 1.0000",#FFFFFF,"1.0000, 1.0000, 1.0000",False
3,594.95996,841.91998,rect,316.7877341285105,420.35295490129283,142.14833993315244,172.6086989839706,103.56522077278231,30.46035905081817,True,False,"0.9569, 0.9686, 0.9725",#F4F7F8,"0.9569, 0.9686, 0.9725",False
3,594.95996,841.91998,rect,316.7877341285105,317.8030794302045,142.14833993315244,172.6086989839706,1.0153453016939693,30.46035905081817,True,False,"1.0000, 1.0000, 1.0000",#FFFFFF,"1.0000, 1.0000, 1.0000",False
3,594.95996,841.91998,rect,342.6790393217061,343.6943846234,142.14833993315244,172.6086989839706,1.0153453016939125,30.46035905081817,True,False,"1.0000, 1.0000, 1.0000",#FFFFFF,"1.0000, 1.0000, 1.0000",False
3,594.95996,841.91998,rect,368.57034451490165,369.5856898165956,142.14833993315244,172.6086989839706,1.0153453016939693,30.46035905081817,True,False,"1.0000, 1.0000, 1.0000",#FFFFFF,"1.0000, 1.0000, 1.0000",False
3,594.95996,841.91998,rect,394.46164970809724,395.4769950097912,142.14833993315244,172.6086989839706,1.0153453016939693,30.46035905081817,True,False,"1.0000, 1.0000, 1.0000",#FFFFFF,"1.0000, 1.0000, 1.0000",False
3,594.95996,841.91998,rect,420.35295490129283,523.9181756740751,142.14833993315244,172.6086989839706,103.56522077278225,30.46035905081817,True,False,"0.9569, 0.9686, 0.9725",#F4F7F8,"0.9569, 0.9686, 0.9725",False
3,594.95996,841.91998,rect,420.35295490129283,421.36830020298675,142.14833993315244,172.6086989839706,1.0153453016939125,30.46035905081817,True,False,"1.0000, 1.0000, 1.0000",#FFFFFF,"1.0000, 1.0000, 1.0000",False
3,594.95996,841.91998,rect,446.24426009448837,447.25960539618234,142.14833993315244,172.6086989839706,1.0153453016939693,30.46035905081817,True,False,"1.0000, 1.0000, 1.0000",#FFFFFF,"1.0000, 1.0000, 1.0000",False
3,594.95996,841.91998,rect,472.13556528768396,473.1509105893779,142.14833993315244,172.6086989839706,1.0153453016939125,30.46035905081817,True,False,"1.0000, 1.0000, 1.0000",#FFFFFF,"1.0000, 1.0000, 1.0000",False
3,594.95996,841.91998,rect,498.02687048087955,499.04221578257346,142.14833993315244,172.6086989839706,1.0153453016939125,30.46035905081817,True,False,"1.0000, 1.0000, 1.0000",#FFFFFF,"1.0000, 1.0000, 1.0000",False
3,594.95996,841.91998,rect,523.9181756740751,575.7007860604663,142.14833993315244,172.6086989839706,51.782610386391184,30.46035905081817,True,False,"0.9569, 0.9686, 0.9725",#F4F7F8,"0.9569, 0.9686, 0.9725",False
3,594.95996,841.91998,rect,523.9181756740751,524.933520975769,142.14833993315244,172.6086989839706,1.0153453016939693,30.46035905081817,True,False,"1.0000, 1.0000, 1.0000",#FFFFFF,"1.0000, 1.0000, 1.0000",False
3,594.95996,841.91998,rect,549.8094808672706,550.8248261689646,142.14833993315244,172.6086989839706,1.0153453016939693,30.46035905081817,True,False,"1.0000, 1.0000, 1.0000",#FFFFFF,"1.0000, 1.0000, 1.0000",False
3,594.95996,841.91998,rect,92.3964224541489,115.74936439310962,173.62404428566458,204.08440333648298,23.35294193896071,30.460359050818397,True,False,"0.9569, 0.9686, 0.9725",#F4F7F8,"0.9569, 0.9686, 0.9725",False
3,594.95996,841.91998,rect,92.3964224541489,93.41176775584285,173.62404428566458,204.08440333648298,1.0153453016939409,30.460359050818397,True,False,"1.0000, 1.0000, 1.0000",#FFFFFF,"1.0000, 1.0000, 1.0000",False
3,594.95996,841.91998,rect,115.74936439310962,161.43990296933708,173.62404428566458,204.08440333648298,45.69053857622747,30.460359050818397,True,False,"0.9569, 0.9686, 0.9725",#F4F7F8,"0.9569, 0.9686, 0.9725",False
3,594.95996,841.91998,rect,115.74936439310962,116.76470969480356,173.62404428566458,204.08440333648298,1.0153453016939409,30.460359050818397,True,False,"1.0000, 1.0000, 1.0000",#FFFFFF,"1.0000, 1.0000, 1.0000",False
3,594.95996,841.91998,rect,161.43990296933708,213.22251335572824,173.62404428566458,204.08440333648298,51.782610386391156,30.460359050818397,True,False,"0.9569, 0.9686, 0.9725",#F4F7F8,"0.9569, 0.9686, 0.9725",False
3,594.95996,841.91998,rect,161.43990296933708,162.45524827103105,173.62404428566458,204.08440333648298,1.0153453016939693,30.460359050818397,True,False,"1.0000, 1.0000, 1.0000",#FFFFFF,"1.0000, 1.0000, 1.0000",False
3,594.95996,841.91998,rect,187.33120816253268,188.34655346422662,173.62404428566458,204.08440333648298,1.0153453016939409,30.460359050818397,True,False,"1.0000, 1.0000, 1.0000",#FFFFFF,"1.0000, 1.0000, 1.0000",False
3,594.95996,841.91998,rect,213.22251335572824,316.7877341285105,173.62404428566458,204.08440333648298,103.56522077278228,30.460359050818397,True,False,"0.9569, 0.9686, 0.9725",#F4F7F8,"0.9569, 0.9686, 0.9725",False
3,594.95996,841.91998,rect,213.22251335572824,214.23785865742218,173.62404428566458,204.08440333648298,1.0153453016939409,30.460359050818397,True,False,"1.0000, 1.0000, 1.0000",#FFFFFF,"1.0000, 1.0000, 1.0000",False
3,594.95996,841.91998,rect,239.1138185489238,240.12916385061774,173.62404428566458,204.08440333648298,1.0153453016939409,30.460359050818397,True,False,"1.0000, 1.0000, 1.0000",#FFFFFF,"1.0000, 1.0000, 1.0000",False
3,594.95996,841.91998,rect,265.0051237421194,266.0204690438133,173.62404428566458,204.08440333648298,1.0153453016939125,30.460359050818397,True,False,"1.0000, 1.0000, 1.0000",#FFFFFF,"1.0000, 1.0000, 1.0000",False
3,594.95996,841.91998,rect,290.89642893531493,291.9117742370089,173.62404428566458,204.08440333648298,1.0153453016939693,30.460359050818397,True,False,"1.0000, 1.0000, 1.0000",#FFFFFF,"1.0000, 1.0000, 1.0000",False
3,594.95996,841.91998,rect,316.7877341285105,420.35295490129283,173.62404428566458,204.08440333648298,103.56522077278231,30.460359050818397,True,False,"0.9569, 0.9686, 0.9725",#F4F7F8,"0.9569, 0.9686, 0.9725",False
3,594.95996,841.91998,rect,316.7877341285105,317.8030794302045,173.62404428566458,204.08440333648298,1.0153453016939693,30.460359050818397,True,False,"1.0000, 1.0000, 1.0000",#FFFFFF,"1.0000, 1.0000, 1.0000",False
3,594.95996,841.91998,rect,342.6790393217061,343.6943846234,173.62404428566458,204.08440333648298,1.0153453016939125,30.460359050818397,True,False,"1.0000, 1.0000, 1.0000",#FFFFFF,"1.0000, 1.0000, 1.0000",False
3,594.95996,841.91998,rect,368.57034451490165,369.5856898165956,173.62404428566458,204.08440333648298,1.0153453016939693,30.460359050818397,True,False,"1.0000, 1.0000, 1.0000",#FFFFFF,"1.0000, 1.0000, 1.0000",False
3,594.95996,841.91998,rect,394.46164970809724,395.4769950097912,173.62404428566458,204.08440333648298,1.0153453016939693,30.460359050818397,True,False,"1.0000, 1.0000, 1.0000",#FFFFFF,"1.0000, 1.0000, 1.0000",False
3,594.95996,841.91998,rect,420.35295490129283,523.9181756740751,173.62404428566458,204.08440333648298,103.56522077278225,30.460359050818397,True,False,"0.9569, 0.9686, 0.9725",#F4F7F8,"0.9569, 0.9686, 0.9725",False
3,594.95996,841.91998,rect,420.35295490129283,421.36830020298675,173.62404428566458,204.08440333648298,1.0153453016939125,30.460359050818397,True,False,"1.0000, 1.0000, 1.0000",#FFFFFF,"1.0000, 1.0000, 1.0000",False
3,594.95996,841.91998,rect,446.24426009448837,447.25960539618234,173.62404428566458,204.08440333648298,1.0153453016939693,30.460359050818397,True,False,"1.0000, 1.0000, 1.0000",#FFFFFF,"1.0000, 1.0000, 1.0000",False
3,594.95996,841.91998,rect,472.13556528768396,473.1509105893779,173.62404428566458,204.08440333648298,1.0153453016939125,30.460359050818397,True,False,"1.0000, 1.0000, 1.0000",#FFFFFF,"1.0000, 1.0000, 1.0000",False
3,594.95996,841.91998,rect,498.02687048087955,499.04221578257346,173.62404428566458,204.08440333648298,1.0153453016939125,30.460359050818397,True,False,"1.0000, 1.0000, 1.0000",#FFFFFF,"1.0000, 1.0000, 1.0000",False
3,594.95996,841.91998,rect,523.9181756740751,575.7007860604663,173.62404428566458,204.08440333648298,51.782610386391184,30.460359050818397,True,False,"0.9569, 0.9686, 0.9725",#F4F7F8,"0.9569, 0.9686, 0.9725",False
3,594.95996,841.91998,rect,523.9181756740751,524.933520975769,173.62404428566458,204.08440333648298,1.0153453016939693,30.460359050818397,True,False,"1.0000, 1.0000, 1.0000",#FFFFFF,"1.0000, 1.0000, 1.0000",False
3,594.95996,841.91998,rect,549.8094808672706,550.8248261689646,173.62404428566458,204.08440333648298,1.0153453016939693,30.460359050818397,True,False,"1.0000, 1.0000, 1.0000",#FFFFFF,"1.0000, 1.0000, 1.0000",False
3,594.95996,841.91998,rect,92.3964224541489,115.74936439310962,205.09974863817695,235.56010768899512,23.35294193896071,30.46035905081817,True,False,"0.9569, 0.9686, 0.9725",#F4F7F8,"0.9569, 0.9686, 0.9725",False
3,594.95996,841.91998,rect,92.3964224541489,93.41176775584285,205.09974863817695,235.56010768899512,1.0153453016939409,30.46035905081817,True,False,"1.0000, 1.0000, 1.0000",#FFFFFF,"1.0000, 1.0000, 1.0000",False
3,594.95996,841.91998,rect,115.74936439310962,161.43990296933708,205.09974863817695,235.56010768899512,45.69053857622747,30.46035905081817,True,False,"0.9569, 0.9686, 0.9725",#F4F7F8,"0.9569, 0.9686, 0.9725",False
3,594.95996,841.91998,rect,115.74936439310962,116.76470969480356,205.09974863817695,235.56010768899512,1.0153453016939409,30.46035905081817,True,False,"1.0000, 1.0000, 1.0000",#FFFFFF,"1.0000, 1.0000, 1.0000",False
3,594.95996,841.91998,rect,161.43990296933708,213.22251335572824,205.09974863817695,235.56010768899512,51.782610386391156,30.46035905081817,True,False,"0.9569, 0.9686, 0.9725",#F4F7F8,"0.9569, 0.9686, 0.9725",False
3,594.95996,841.91998,rect,161.43990296933708,162.45524827103105,205.09974863817695,235.56010768899512,1.0153453016939693,30.46035905081817,True,False,"1.0000, 1.0000, 1.0000",#FFFFFF,"1.0000, 1.0000, 1.0000",False
3,594.95996,841.91998,rect,187.33120816253268,188.34655346422662,205.09974863817695,235.56010768899512,1.0153453016939409,30.46035905081817,True,False,"1.0000, 1.0000, 1.0000",#FFFFFF,"1.0000, 1.0000, 1.0000",False
3,594.95996,841.91998,rect,213.22251335572824,316.7877341285105,205.09974863817695,235.56010768899512,103.56522077278228,30.46035905081817,True,False,"0.9569, 0.9686, 0.9725",#F4F7F8,"0.9569, 0.9686, 0.9725",False
3,594.95996,841.91998,rect,213.22251335572824,214.23785865742218,205.09974863817695,235.56010768899512,1.0153453016939409,30.46035905081817,True,False,"1.0000, 1.0000, 1.0000",#FFFFFF,"1.0000, 1.0000, 1.0000",False
3,594.95996,841.91998,rect,239.1138185489238,240.12916385061774,205.09974863817695,235.56010768899512,1.0153453016939409,30.46035905081817,True,False,"1.0000, 1.0000, 1.0000",#FFFFFF,"1.0000, 1.0000, 1.0000",False
3,594.95996,841.91998,rect,265.0051237421194,266.0204690438133,205.09974863817695,235.56010768899512,1.0153453016939125,30.46035905081817,True,False,"1.0000, 1.0000, 1.0000",#FFFFFF,"1.0000, 1.0000, 1.0000",False
3,594.95996,841.91998,rect,290.89642893531493,291.9117742370089,205.09974863817695,235.56010768899512,1.0153453016939693,30.46035905081817,True,False,"1.0000, 1.0000, 1.0000",#FFFFFF,"1.0000, 1.0000, 1.0000",False
3,594.95996,841.91998,rect,316.7877341285105,420.35295490129283,205.09974863817695,235.56010768899512,103.56522077278231,30.46035905081817,True,False,"0.9569, 0.9686, 0.9725",#F4F7F8,"0.9569, 0.9686, 0.9725",False
3,594.95996,841.91998,rect,316.7877341285105,317.8030794302045,205.09974863817695,235.56010768899512,1.0153453016939693,30.46035905081817,True,False,"1.0000, 1.0000, 1.0000",#FFFFFF,"1.0000, 1.0000, 1.0000",False
3,594.95996,841.91998,rect,342.6790393217061,343.6943846234,205.09974863817695,235.56010768899512,1.0153453016939125,30.46035905081817,True,False,"1.0000, 1.0000, 1.0000",#FFFFFF,"1.0000, 1.0000, 1.0000",False
3,594.95996,841.91998,rect,368.57034451490165,369.5856898165956,205.09974863817695,235.56010768899512,1.0153453016939693,30.46035905081817,True,False,"1.0000, 1.0000, 1.0000",#FFFFFF,"1.0000, 1.0000, 1.0000",False
3,594.95996,841.91998,rect,394.46164970809724,395.4769950097912,205.09974863817695,235.56010768899512,1.0153453016939693,30.46035905081817,True,False,"1.0000, 1.0000, 1.0000",#FFFFFF,"1.0000, 1.0000, 1.0000",False
3,594.95996,841.91998,rect,420.35295490129283,523.9181756740751,205.09974863817695,235.56010768899512,103.56522077278225,30.46035905081817,True,False,"0.9569, 0.9686, 0.9725",#F4F7F8,"0.9569, 0.9686, 0.9725",False
3,594.95996,841.91998,rect,420.35295490129283,421.36830020298675,205.09974863817695,235.56010768899512,1.0153453016939125,30.46035905081817,True,False,"1.0000, 1.0000, 1.0000",#FFFFFF,"1.0000, 1.0000, 1.0000",False
3,594.95996,841.91998,rect,446.24426009448837,447.25960539618234,205.09974863817695,235.56010768899512,1.0153453016939693,30.46035905081817,True,False,"1.0000, 1.0000, 1.0000",#FFFFFF,"1.0000, 1.0000, 1.0000",False
3,594.95996,841.91998,rect,472.13556528768396,473.1509105893779,205.09974863817695,235.56010768899512,1.0153453016939125,30.46035905081817,True,False,"1.0000, 1.0000, 1.0000",#FFFFFF,"1.0000, 1.0000, 1.0000",False
3,594.95996,841.91998,rect,498.02687048087955,499.04221578257346,205.09974863817695,235.56010768899512,1.0153453016939125,30.46035905081817,True,False,"1.0000, 1.0000, 1.0000",#FFFFFF,"1.0000, 1.0000, 1.0000",False
3,594.95996,841.91998,rect,523.9181756740751,575.7007860604663,205.09974863817695,235.56010768899512,51.782610386391184,30.46035905081817,True,False,"0.9569, 0.9686, 0.9725",#F4F7F8,"0.9569, 0.9686, 0.9725",False
3,594.95996,841.91998,rect,523.9181756740751,524.933520975769,205.09974863817695,235.56010768899512,1.0153453016939693,30.46035905081817,True,False,"1.0000, 1.0000, 1.0000",#FFFFFF,"1.0000, 1.0000, 1.0000",False
3,594.95996,841.91998,rect,549.8094808672706,550.8248261689646,205.09974863817695,235.56010768899512,1.0153453016939693,30.46035905081817,True,False,"1.0000, 1.0000, 1.0000",#FFFFFF,"1.0000, 1.0000, 1.0000",False
3,594.95996,841.91998,rect,92.3964224541489,115.74936439310962,236.5754529906891,267.0358120415075,23.35294193896071,30.460359050818397,True,False,"0.9569, 0.9686, 0.9725",#F4F7F8,"0.9569, 0.9686, 0.9725",False
3,594.95996,841.91998,rect,92.3964224541489,93.41176775584285,236.5754529906891,267.0358120415075,1.0153453016939409,30.460359050818397,True,False,"1.0000, 1.0000, 1.0000",#FFFFFF,"1.0000, 1.0000, 1.0000",False
3,594.95996,841.91998,rect,115.74936439310962,161.43990296933708,236.5754529906891,267.0358120415075,45.69053857622747,30.460359050818397,True,False,"0.9569, 0.9686, 0.9725",#F4F7F8,"0.9569, 0.9686, 0.9725",False
3,594.95996,841.91998,rect,115.74936439310962,116.76470969480356,236.5754529906891,267.0358120415075,1.0153453016939409,30.460359050818397,True,False,"1.0000, 1.0000, 1.0000",#FFFFFF,"1.0000, 1.0000, 1.0000",False
3,594.95996,841.91998,rect,161.43990296933708,213.22251335572824,236.5754529906891,267.0358120415075,51.782610386391156,30.460359050818397,True,False,"0.9569, 0.9686, 0.9725",#F4F7F8,"0.9569, 0.9686, 0.9725",False
3,594.95996,841.91998,rect,161.43990296933708,162.45524827103105,236.5754529906891,267.0358120415075,1.0153453016939693,30.460359050818397,True,False,"1.0000, 1.0000, 1.0000",#FFFFFF,"1.0000, 1.0000, 1.0000",False
3,594.95996,841.91998,rect,187.33120816253268,188.34655346422662,236.5754529906891,267.0358120415075,1.0153453016939409,30.460359050818397,True,False,"1.0000, 1.0000, 1.0000",#FFFFFF,"1.0000, 1.0000, 1.0000",False
3,594.95996,841.91998,rect,213.22251335572824,316.7877341285105,236.5754529906891,267.0358120415075,103.56522077278228,30.460359050818397,True,False,"0.9569, 0.9686, 0.9725",#F4F7F8,"0.9569, 0.9686, 0.9725",False
3,594.95996,841.91998,rect,213.22251335572824,214.23785865742218,236.5754529906891,267.0358120415075,1.0153453016939409,30.460359050818397,True,False,"1.0000, 1.0000, 1.0000",#FFFFFF,"1.0000, 1.0000, 1.0000",False
3,594.95996,841.91998,rect,239.1138185489238,240.12916385061774,236.5754529906891,267.0358120415075,1.0153453016939409,30.460359050818397,True,False,"1.0000, 1.0000, 1.0000",#FFFFFF,"1.0000, 1.0000, 1.0000",False
3,594.95996,841.91998,rect,265.0051237421194,266.0204690438133,236.5754529906891,267.0358120415075,1.0153453016939125,30.460359050818397,True,False,"1.0000, 1.0000, 1.0000",#FFFFFF,"1.0000, 1.0000, 1.0000",False
3,594.95996,841.91998,rect,290.89642893531493,291.9117742370089,236.5754529906891,267.0358120415075,1.0153453016939693,30.460359050818397,True,False,"1.0000, 1.0000, 1.0000",#FFFFFF,"1.0000, 1.0000, 1.0000",False
3,594.95996,841.91998,rect,316.7877341285105,420.35295490129283,236.5754529906891,267.0358120415075,103.56522077278231,30.460359050818397,True,False,"0.9569, 0.9686, 0.9725",#F4F7F8,"0.9569, 0.9686, 0.9725",False
3,594.95996,841.91998,rect,316.7877341285105,317.8030794302045,236.5754529906891,267.0358120415075,1.0153453016939693,30.460359050818397,True,False,"1.0000, 1.0000, 1.0000",#FFFFFF,"1.0000, 1.0000, 1.0000",False
3,594.95996,841.91998,rect,342.6790393217061,343.6943846234,236.5754529906891,267.0358120415075,1.0153453016939125,30.460359050818397,True,False,"1.0000, 1.0000, 1.0000",#FFFFFF,"1.0000, 1.0000, 1.0000",False
3,594.95996,841.91998,rect,368.57034451490165,369.5856898165956,236.5754529906891,267.0358120415075,1.0153453016939693,30.460359050818397,True,False,"1.0000, 1.0000, 1.0000",#FFFFFF,"1.0000, 1.0000, 1.0000",False
3,594.95996,841.91998,rect,394.46164970809724,395.4769950097912,236.5754529906891,267.0358120415075,1.0153453016939693,30.460359050818397,True,False,"1.0000, 1.0000, 1.0000",#FFFFFF,"1.0000, 1.0000, 1.0000",False
3,594.95996,841.91998,rect,420.35295490129283,523.9181756740751,236.5754529906891,267.0358120415075,103.56522077278225,30.460359050818397,True,False,"0.9569, 0.9686, 0.9725",#F4F7F8,"0.9569, 0.9686, 0.9725",False
3,594.95996,841.91998,rect,420.35295490129283,421.36830020298675,236.5754529906891,267.0358120415075,1.0153453016939125,30.460359050818397,True,False,"1.0000, 1.0000, 1.0000",#FFFFFF,"1.0000, 1.0000, 1.0000",False
3,594.95996,841.91998,rect,446.24426009448837,447.25960539618234,236.5754529906891,267.0358120415075,1.0153453016939693,30.460359050818397,True,False,"1.0000, 1.0000, 1.0000",#FFFFFF,"1.0000, 1.0000, 1.0000",False
3,594.95996,841.91998,rect,472.13556528768396,473.1509105893779,236.5754529906891,267.0358120415075,1.0153453016939125,30.460359050818397,True,False,"1.0000, 1.0000, 1.0000",#FFFFFF,"1.0000, 1.0000, 1.0000",False
3,594.95996,841.91998,rect,498.02687048087955,499.04221578257346,236.5754529906891,267.0358120415075,1.0153453016939125,30.460359050818397,True,False,"1.0000, 1.0000, 1.0000",#FFFFFF,"1.0000, 1.0000, 1.0000",False
3,594.95996,841.91998,rect,523.9181756740751,575.7007860604663,236.5754529906891,267.0358120415075,51.782610386391184,30.460359050818397,True,False,"0.9569, 0.9686, 0.9725",#F4F7F8,"0.9569, 0.9686, 0.9725",False
3,594.95996,841.91998,rect,523.9181756740751,524.933520975769,236.5754529906891,267.0358120415075,1.0153453016939693,30.460359050818397,True,False,"1.0000, 1.0000, 1.0000",#FFFFFF,"1.0000, 1.0000, 1.0000",False
3,594.95996,841.91998,rect,549.8094808672706,550.8248261689646,236.5754529906891,267.0358120415075,1.0153453016939693,30.460359050818397,True,False,"1.0000, 1.0000, 1.0000",#FFFFFF,"1.0000, 1.0000, 1.0000",False
3,594.95996,841.91998,rect,92.3964224541489,115.74936439310962,314.7570412211229,345.2174002719411,23.35294193896071,30.46035905081817,True,False,"0.9569, 0.9686, 0.9725",#F4F7F8,"0.9569, 0.9686, 0.9725",False
3,594.95996,841.91998,rect,92.3964224541489,93.41176775584285,314.7570412211229,345.2174002719411,1.0153453016939409,30.46035905081817,True,False,"1.0000, 1.0000, 1.0000",#FFFFFF,"1.0000, 1.0000, 1.0000",False
3,594.95996,841.91998,rect,115.74936439310962,161.43990296933708,314.7570412211229,345.2174002719411,45.69053857622747,30.46035905081817,True,False,"0.9569, 0.9686, 0.9725",#F4F7F8,"0.9569, 0.9686, 0.9725",False
3,594.95996,841.91998,rect,115.74936439310962,116.76470969480356,314.7570412211229,345.2174002719411,1.0153453016939409,30.46035905081817,True,False,"1.0000, 1.0000, 1.0000",#FFFFFF,"1.0000, 1.0000, 1.0000",False
3,594.95996,841.91998,rect,161.43990296933708,213.22251335572824,314.7570412211229,345.2174002719411,51.782610386391156,30.46035905081817,True,False,"0.9569, 0.9686, 0.9725",#F4F7F8,"0.9569, 0.9686, 0.9725",False
3,594.95996,841.91998,rect,161.43990296933708,162.45524827103105,314.7570412211229,345.2174002719411,1.0153453016939693,30.46035905081817,True,False,"1.0000, 1.0000, 1.0000",#FFFFFF,"1.0000, 1.0000, 1.0000",False
3,594.95996,841.91998,rect,187.33120816253268,188.34655346422662,314.7570412211229,345.2174002719411,1.0153453016939409,30.46035905081817,True,False,"1.0000, 1.0000, 1.0000",#FFFFFF,"1.0000, 1.0000, 1.0000",False
3,594.95996,841.91998,rect,213.22251335572824,316.7877341285105,314.7570412211229,345.2174002719411,103.56522077278228,30.46035905081817,True,False,"0.9569, 0.9686, 0.9725",#F4F7F8,"0.9569, 0.9686, 0.9725",False
3,594.95996,841.91998,rect,213.22251335572824,214.23785865742218,314.7570412211229,345.2174002719411,1.0153453016939409,30.46035905081817,True,False,"1.0000, 1.0000, 1.0000",#FFFFFF,"1.0000, 1.0000, 1.0000",False
3,594.95996,841.91998,rect,239.1138185489238,240.12916385061774,314.7570412211229,345.2174002719411,1.0153453016939409,30.46035905081817,True,False,"1.0000, 1.0000, 1.0000",#FFFFFF,"1.0000, 1.0000, 1.0000",False
3,594.95996,841.91998,rect,265.0051237421194,266.0204690438133,314.7570412211229,345.2174002719411,1.0153453016939125,30.46035905081817,True,False,"1.0000, 1.0000, 1.0000",#FFFFFF,"1.0000, 1.0000, 1.0000",False
3,594.95996,841.91998,rect,290.89642893531493,291.9117742370089,314.7570412211229,345.2174002719411,1.0153453016939693,30.46035905081817,True,False,"1.0000, 1.0000, 1.0000",#FFFFFF,"1.0000, 1.0000, 1.0000",False
3,594.95996,841.91998,rect,316.7877341285105,420.35295490129283,314.7570412211229,345.2174002719411,103.56522077278231,30.46035905081817,True,False,"0.9569, 0.9686, 0.9725",#F4F7F8,"0.9569, 0.9686, 0.9725",False
3,594.95996,841.91998,rect,316.7877341285105,317.8030794302045,314.7570412211229,345.2174002719411,1.0153453016939693,30.46035905081817,True,False,"1.0000, 1.0000, 1.0000",#FFFFFF,"1.0000, 1.0000, 1.0000",False
3,594.95996,841.91998,rect,342.6790393217061,343.6943846234,314.7570412211229,345.2174002719411,1.0153453016939125,30.46035905081817,True,False,"1.0000, 1.0000, 1.0000",#FFFFFF,"1.0000, 1.0000, 1.0000",False
3,594.95996,841.91998,rect,368.57034451490165,369.5856898165956,314.7570412211229,345.2174002719411,1.0153453016939693,30.46035905081817,True,False,"1.0000, 1.0000, 1.0000",#FFFFFF,"1.0000, 1.0000, 1.0000",False
3,594.95996,841.91998,rect,394.46164970809724,395.4769950097912,314.7570412211229,345.2174002719411,1.0153453016939693,30.46035905081817,True,False,"1.0000, 1.0000, 1.0000",#FFFFFF,"1.0000, 1.0000, 1.0000",False
3,594.95996,841.91998,rect,420.35295490129283,523.9181756740751,314.7570412211229,345.2174002719411,103.56522077278225,30.46035905081817,True,False,"0.9569, 0.9686, 0.9725",#F4F7F8,"0.9569, 0.9686, 0.9725",False
3,594.95996,841.91998,rect,420.35295490129283,421.36830020298675,314.7570412211229,345.2174002719411,1.0153453016939125,30.46035905081817,True,False,"1.0000, 1.0000, 1.0000",#FFFFFF,"1.0000, 1.0000, 1.0000",False
3,594.95996,841.91998,rect,446.24426009448837,447.25960539618234,314.7570412211229,345.2174002719411,1.0153453016939693,30.46035905081817,True,False,"1.0000, 1.0000, 1.0000",#FFFFFF,"1.0000, 1.0000, 1.0000",False
3,594.95996,841.91998,rect,472.13556528768396,473.1509105893779,314.7570412211229,345.2174002719411,1.0153453016939125,30.46035905081817,True,False,"1.0000, 1.0000, 1.0000",#FFFFFF,"1.0000, 1.0000, 1.0000",False
3,594.95996,841.91998,rect,498.02687048087955,499.04221578257346,314.7570412211229,345.2174002719411,1.0153453016939125,30.46035905081817,True,False,"1.0000, 1.0000, 1.0000",#FFFFFF,"1.0000, 1.0000, 1.0000",False
3,594.95996,841.91998,rect,523.9181756740751,575.7007860604663,314.7570412211229,345.2174002719411,51.782610386391184,30.46035905081817,True,False,"0.9569, 0.9686, 0.9725",#F4F7F8,"0.9569, 0.9686, 0.9725",False
3,594.95996,841.91998,rect,523.9181756740751,524.933520975769,314.7570412211229,345.2174002719411,1.0153453016939693,30.46035905081817,True,False,"1.0000, 1.0000, 1.0000",#FFFFFF,"1.0000, 1.0000, 1.0000",False
3,594.95996,841.91998,rect,549.8094808672706,550.8248261689646,314.7570412211229,345.2174002719411,1.0153453016939693,30.46035905081817,True,False,"1.0000, 1.0000, 1.0000",#FFFFFF,"1.0000, 1.0000, 1.0000",False
3,594.95996,841.91998,rect,92.3964224541489,115.74936439310962,346.23274557363504,376.69310462445344,23.35294193896071,30.460359050818397,True,False,"0.9569, 0.9686, 0.9725",#F4F7F8,"0.9569, 0.9686, 0.9725",False
3,594.95996,841.91998,rect,92.3964224541489,93.41176775584285,346.23274557363504,376.69310462445344,1.0153453016939409,30.460359050818397,True,False,"1.0000, 1.0000, 1.0000",#FFFFFF,"1.0000, 1.0000, 1.0000",False
3,594.95996,841.91998,rect,115.74936439310962,161.43990296933708,346.23274557363504,376.69310462445344,45.69053857622747,30.460359050818397,True,False,"0.9569, 0.9686, 0.9725",#F4F7F8,"0.9569, 0.9686, 0.9725",False
3,594.95996,841.91998,rect,115.74936439310962,116.76470969480356,346.23274557363504,376.69310462445344,1.0153453016939409,30.460359050818397,True,False,"1.0000, 1.0000, 1.0000",#FFFFFF,"1.0000, 1.0000, 1.0000",False
3,594.95996,841.91998,rect,161.43990296933708,213.22251335572824,346.23274557363504,376.69310462445344,51.782610386391156,30.460359050818397,True,False,"0.9569, 0.9686, 0.9725",#F4F7F8,"0.9569, 0.9686, 0.9725",False
3,594.95996,841.91998,rect,161.43990296933708,162.45524827103105,346.23274557363504,376.69310462445344,1.0153453016939693,30.460359050818397,True,False,"1.0000, 1.0000, 1.0000",#FFFFFF,"1.0000, 1.0000, 1.0000",False
3,594.95996,841.91998,rect,187.33120816253268,188.34655346422662,346.23274557363504,376.69310462445344,1.0153453016939409,30.460359050818397,True,False,"1.0000, 1.0000, 1.0000",#FFFFFF,"1.0000, 1.0000, 1.0000",False
3,594.95996,841.91998,rect,213.22251335572824,316.7877341285105,346.23274557363504,376.69310462445344,103.56522077278228,30.460359050818397,True,False,"0.9569, 0.9686, 0.9725",#F4F7F8,"0.9569, 0.9686, 0.9725",False
3,594.95996,841.91998,rect,213.22251335572824,214.23785865742218,346.23274557363504,376.69310462445344,1.0153453016939409,30.460359050818397,True,False,"1.0000, 1.0000, 1.0000",#FFFFFF,"1.0000, 1.0000, 1.0000",False
3,594.95996,841.91998,rect,239.1138185489238,240.12916385061774,346.23274557363504,376.69310462445344,1.0153453016939409,30.460359050818397,True,False,"1.0000, 1.0000, 1.0000",#FFFFFF,"1.0000, 1.0000, 1.0000",False
3,594.95996,841.91998,rect,265.0051237421194,266.0204690438133,346.23274557363504,376.69310462445344,1.0153453016939125,30.460359050818397,True,False,"1.0000, 1.0000, 1.0000",#FFFFFF,"1.0000, 1.0000, 1.0000",False
3,594.95996,841.91998,rect,290.89642893531493,291.9117742370089,346.23274557363504,376.69310462445344,1.0153453016939693,30.460359050818397,True,False,"1.0000, 1.0000, 1.0000",#FFFFFF,"1.0000, 1.0000, 1.0000",False
3,594.95996,841.91998,rect,316.7877341285105,420.35295490129283,346.23274557363504,376.69310462445344,103.56522077278231,30.460359050818397,True,False,"0.9569, 0.9686, 0.9725",#F4F7F8,"0.9569, 0.9686, 0.9725",False
3,594.95996,841.91998,rect,316.7877341285105,317.8030794302045,346.23274557363504,376.69310462445344,1.0153453016939693,30.460359050818397,True,False,"1.0000, 1.0000, 1.0000",#FFFFFF,"1.0000, 1.0000, 1.0000",False
3,594.95996,841.91998,rect,342.6790393217061,343.6943846234,346.23274557363504,376.69310462445344,1.0153453016939125,30.460359050818397,True,False,"1.0000, 1.0000, 1.0000",#FFFFFF,"1.0000, 1.0000, 1.0000",False
3,594.95996,841.91998,rect,368.57034451490165,369.5856898165956,346.23274557363504,376.69310462445344,1.0153453016939693,30.460359050818397,True,False,"1.0000, 1.0000, 1.0000",#FFFFFF,"1.0000, 1.0000, 1.0000",False
3,594.95996,841.91998,rect,394.46164970809724,395.4769950097912,346.23274557363504,376.69310462445344,1.0153453016939693,30.460359050818397,True,False,"1.0000, 1.0000, 1.0000",#FFFFFF,"1.0000, 1.0000, 1.0000",False
3,594.95996,841.91998,rect,420.35295490129283,523.9181756740751,346.23274557363504,376.69310462445344,103.56522077278225,30.460359050818397,True,False,"0.9569, 0.9686, 0.9725",#F4F7F8,"0.9569, 0.9686, 0.9725",False
3,594.95996,841.91998,rect,420.35295490129283,421.36830020298675,346.23274557363504,376.69310462445344,1.0153453016939125,30.460359050818397,True,False,"1.0000, 1.0000, 1.0000",#FFFFFF,"1.0000, 1.0000, 1.0000",False
3,594.95996,841.91998,rect,446.24426009448837,447.25960539618234,346.23274557363504,376.69310462445344,1.0153453016939693,30.460359050818397,True,False,"1.0000, 1.0000, 1.0000",#FFFFFF,"1.0000, 1.0000, 1.0000",False
3,594.95996,841.91998,rect,472.13556528768396,473.1509105893779,346.23274557363504,376.69310462445344,1.0153453016939125,30.460359050818397,True,False,"1.0000, 1.0000, 1.0000",#FFFFFF,"1.0000, 1.0000, 1.0000",False
3,594.95996,841.91998,rect,498.02687048087955,499.04221578257346,346.23274557363504,376.69310462445344,1.0153453016939125,30.460359050818397,True,False,"1.0000, 1.0000, 1.0000",#FFFFFF,"1.0000, 1.0000, 1.0000",False
3,594.95996,841.91998,rect,523.9181756740751,575.7007860604663,346.23274557363504,376.69310462445344,51.782610386391184,30.460359050818397,True,False,"0.9569, 0.9686, 0.9725",#F4F7F8,"0.9569, 0.9686, 0.9725",False
3,594.95996,841.91998,rect,523.9181756740751,524.933520975769,346.23274557363504,376.69310462445344,1.0153453016939693,30.460359050818397,True,False,"1.0000, 1.0000, 1.0000",#FFFFFF,"1.0000, 1.0000, 1.0000",False
3,594.95996,841.91998,rect,549.8094808672706,550.8248261689646,346.23274557363504,376.69310462445344,1.0153453016939693,30.460359050818397,True,False,"1.0000, 1.0000, 1.0000",#FFFFFF,"1.0000, 1.0000, 1.0000",False
3,594.95996,841.91998,rect,92.3964224541489,115.74936439310962,377.7084499261472,408.1688089769658,23.35294193896071,30.460359050818624,True,False,"0.9569, 0.9686, 0.9725",#F4F7F8,"0.9569, 0.9686, 0.9725",False
3,594.95996,841.91998,rect,92.3964224541489,93.41176775584285,377.7084499261472,408.1688089769658,1.0153453016939409,30.460359050818624,True,False,"1.0000, 1.0000, 1.0000",#FFFFFF,"1.0000, 1.0000, 1.0000",False
3,594.95996,841.91998,rect,115.74936439310962,161.43990296933708,377.7084499261472,408.1688089769658,45.69053857622747,30.460359050818624,True,False,"0.9569, 0.9686, 0.9725",#F4F7F8,"0.9569, 0.9686, 0.9725",False
3,594.95996,841.91998,rect,115.74936439310962,116.76470969480356,377.7084499261472,408.1688089769658,1.0153453016939409,30.460359050818624,True,False,"1.0000, 1.0000, 1.0000",#FFFFFF,"1.0000, 1.0000, 1.0000",False
3,594.95996,841.91998,rect,161.43990296933708,213.22251335572824,377.7084499261472,408.1688089769658,51.782610386391156,30.460359050818624,True,False,"0.9569, 0.9686, 0.9725",#F4F7F8,"0.9569, 0.9686, 0.9725",False
3,594.95996,841.91998,rect,161.43990296933708,162.45524827103105,377.7084499261472,408.1688089769658,1.0153453016939693,30.460359050818624,True,False,"1.0000, 1.0000, 1.0000",#FFFFFF,"1.0000, 1.0000, 1.0000",False
3,594.95996,841.91998,rect,187.33120816253268,188.34655346422662,377.7084499261472,408.1688089769658,1.0153453016939409,30.460359050818624,True,False,"1.0000, 1.0000, 1.0000",#FFFFFF,"1.0000, 1.0000, 1.0000",False
3,594.95996,841.91998,rect,213.22251335572824,316.7877341285105,377.7084499261472,408.1688089769658,103.56522077278228,30.460359050818624,True,False,"0.9569, 0.9686, 0.9725",#F4F7F8,"0.9569, 0.9686, 0.9725",False
3,594.95996,841.91998,rect,213.22251335572824,214.23785865742218,377.7084499261472,408.1688089769658,1.0153453016939409,30.460359050818624,True,False,"1.0000, 1.0000, 1.0000",#FFFFFF,"1.0000, 1.0000, 1.0000",False
3,594.95996,841.91998,rect,239.1138185489238,240.12916385061774,377.7084499261472,408.1688089769658,1.0153453016939409,30.460359050818624,True,False,"1.0000, 1.0000, 1.0000",#FFFFFF,"1.0000, 1.0000, 1.0000",False
3,594.95996,841.91998,rect,265.0051237421194,266.0204690438133,377.7084499261472,408.1688089769658,1.0153453016939125,30.460359050818624,True,False,"1.0000, 1.0000, 1.0000",#FFFFFF,"1.0000, 1.0000, 1.0000",False
3,594.95996,841.91998,rect,290.89642893531493,291.9117742370089,377.7084499261472,408.1688089769658,1.0153453016939693,30.460359050818624,True,False,"1.0000, 1.0000, 1.0000",#FFFFFF,"1.0000, 1.0000, 1.0000",False
3,594.95996,841.91998,rect,316.7877341285105,420.35295490129283,377.7084499261472,408.1688089769658,103.56522077278231,30.460359050818624,True,False,"0.9569, 0.9686, 0.9725",#F4F7F8,"0.9569, 0.9686, 0.9725",False
3,594.95996,841.91998,rect,316.7877341285105,317.8030794302045,377.7084499261472,408.1688089769658,1.0153453016939693,30.460359050818624,True,False,"1.0000, 1.0000, 1.0000",#FFFFFF,"1.0000, 1.0000, 1.0000",False
3,594.95996,841.91998,rect,342.6790393217061,343.6943846234,377.7084499261472,408.1688089769658,1.0153453016939125,30.460359050818624,True,False,"1.0000, 1.0000, 1.0000",#FFFFFF,"1.0000, 1.0000, 1.0000",False
3,594.95996,841.91998,rect,368.57034451490165,369.5856898165956,377.7084499261472,408.1688089769658,1.0153453016939693,30.460359050818624,True,False,"1.0000, 1.0000, 1.0000",#FFFFFF,"1.0000, 1.0000, 1.0000",False
3,594.95996,841.91998,rect,394.46164970809724,395.4769950097912,377.7084499261472,408.1688089769658,1.0153453016939693,30.460359050818624,True,False,"1.0000, 1.0000, 1.0000",#FFFFFF,"1.0000, 1.0000, 1.0000",False
3,594.95996,841.91998,rect,420.35295490129283,523.9181756740751,377.7084499261472,408.1688089769658,103.56522077278225,30.460359050818624,True,False,"0.9569, 0.9686, 0.9725",#F4F7F8,"0.9569, 0.9686, 0.9725",False
3,594.95996,841.91998,rect,420.35295490129283,421.36830020298675,377.7084499261472,408.1688089769658,1.0153453016939125,30.460359050818624,True,False,"1.0000, 1.0000, 1.0000",#FFFFFF,"1.0000, 1.0000, 1.0000",False
3,594.95996,841.91998,rect,446.24426009448837,447.25960539618234,377.7084499261472,408.1688089769658,1.0153453016939693,30.460359050818624,True,False,"1.0000, 1.0000, 1.0000",#FFFFFF,"1.0000, 1.0000, 1.0000",False
3,594.95996,841.91998,rect,472.13556528768396,473.1509105893779,377.7084499261472,408.1688089769658,1.0153453016939125,30.460359050818624,True,False,"1.0000, 1.0000, 1.0000",#FFFFFF,"1.0000, 1.0000, 1.0000",False
3,594.95996,841.91998,rect,498.02687048087955,499.04221578257346,377.7084499261472,408.1688089769658,1.0153453016939125,30.460359050818624,True,False,"1.0000, 1.0000, 1.0000",#FFFFFF,"1.0000, 1.0000, 1.0000",False
3,594.95996,841.91998,rect,523.9181756740751,575.7007860604663,377.7084499261472,408.1688089769658,51.782610386391184,30.460359050818624,True,False,"0.9569, 0.9686, 0.9725",#F4F7F8,"0.9569, 0.9686, 0.9725",False
3,594.95996,841.91998,rect,523.9181756740751,524.933520975769,377.7084499261472,408.1688089769658,1.0153453016939693,30.460359050818624,True,False,"1.0000, 1.0000, 1.0000",#FFFFFF,"1.0000, 1.0000, 1.0000",False
3,594.95996,841.91998,rect,549.8094808672706,550.8248261689646,377.7084499261472,408.1688089769658,1.0153453016939693,30.460359050818624,True,False,"1.0000, 1.0000, 1.0000",#FFFFFF,"1.0000, 1.0000, 1.0000",False
3,594.95996,841.91998,rect,92.3964224541489,115.74936439310962,409.18415427865955,439.6445133294782,23.35294193896071,30.460359050818624,True,False,"0.9569, 0.9686, 0.9725",#F4F7F8,"0.9569, 0.9686, 0.9725",False
3,594.95996,841.91998,rect,92.3964224541489,93.41176775584285,409.18415427865955,439.6445133294782,1.0153453016939409,30.460359050818624,True,False,"1.0000, 1.0000, 1.0000",#FFFFFF,"1.0000, 1.0000, 1.0000",False
3,594.95996,841.91998,rect,115.74936439310962,161.43990296933708,409.18415427865955,439.6445133294782,45.69053857622747,30.460359050818624,True,False,"0.9569, 0.9686, 0.9725",#F4F7F8,"0.9569, 0.9686, 0.9725",False
3,594.95996,841.91998,rect,115.74936439310962,116.76470969480356,409.18415427865955,439.6445133294782,1.0153453016939409,30.460359050818624,True,False,"1.0000, 1.0000, 1.0000",#FFFFFF,"1.0000, 1.0000, 1.0000",False
3,594.95996,841.91998,rect,161.43990296933708,213.22251335572824,409.18415427865955,439.6445133294782,51.782610386391156,30.460359050818624,True,False,"0.9569, 0.9686, 0.9725",#F4F7F8,"0.9569, 0.9686, 0.9725",False
3,594.95996,841.91998,rect,161.43990296933708,162.45524827103105,409.18415427865955,439.6445133294782,1.0153453016939693,30.460359050818624,True,False,"1.0000, 1.0000, 1.0000",#FFFFFF,"1.0000, 1.0000, 1.0000",False
3,594.95996,841.91998,rect,187.33120816253268,188.34655346422662,409.18415427865955,439.6445133294782,1.0153453016939409,30.460359050818624,True,False,"1.0000, 1.0000, 1.0000",#FFFFFF,"1.0000, 1.0000, 1.0000",False
3,594.95996,841.91998,rect,213.22251335572824,316.7877341285105,409.18415427865955,439.6445133294782,103.56522077278228,30.460359050818624,True,False,"0.9569, 0.9686, 0.9725",#F4F7F8,"0.9569, 0.9686, 0.9725",False
3,594.95996,841.91998,rect,213.22251335572824,214.23785865742218,409.18415427865955,439.6445133294782,1.0153453016939409,30.460359050818624,True,False,"1.0000, 1.0000, 1.0000",#FFFFFF,"1.0000, 1.0000, 1.0000",False
3,594.95996,841.91998,rect,239.1138185489238,240.12916385061774,409.18415427865955,439.6445133294782,1.0153453016939409,30.460359050818624,True,False,"1.0000, 1.0000, 1.0000",#FFFFFF,"1.0000, 1.0000, 1.0000",False
3,594.95996,841.91998,rect,265.0051237421194,266.0204690438133,409.18415427865955,439.6445133294782,1.0153453016939125,30.460359050818624,True,False,"1.0000, 1.0000, 1.0000",#FFFFFF,"1.0000, 1.0000, 1.0000",False
3,594.95996,841.91998,rect,290.89642893531493,291.9117742370089,409.18415427865955,439.6445133294782,1.0153453016939693,30.460359050818624,True,False,"1.0000, 1.0000, 1.0000",#FFFFFF,"1.0000, 1.0000, 1.0000",False
3,594.95996,841.91998,rect,316.7877341285105,420.35295490129283,409.18415427865955,439.6445133294782,103.56522077278231,30.460359050818624,True,False,"0.9569, 0.9686, 0.9725",#F4F7F8,"0.9569, 0.9686, 0.9725",False
3,594.95996,841.91998,rect,316.7877341285105,317.8030794302045,409.18415427865955,439.6445133294782,1.0153453016939693,30.460359050818624,True,False,"1.0000, 1.0000, 1.0000",#FFFFFF,"1.0000, 1.0000, 1.0000",False
3,594.95996,841.91998,rect,342.6790393217061,343.6943846234,409.18415427865955,439.6445133294782,1.0153453016939125,30.460359050818624,True,False,"1.0000, 1.0000, 1.0000",#FFFFFF,"1.0000, 1.0000, 1.0000",False
3,594.95996,841.91998,rect,368.57034451490165,369.5856898165956,409.18415427865955,439.6445133294782,1.0153453016939693,30.460359050818624,True,False,"1.0000, 1.0000, 1.0000",#FFFFFF,"1.0000, 1.0000, 1.0000",False
3,594.95996,841.91998,rect,394.46164970809724,395.4769950097912,409.18415427865955,439.6445133294782,1.0153453016939693,30.460359050818624,True,False,"1.0000, 1.0000, 1.0000",#FFFFFF,"1.0000, 1.0000, 1.0000",False
3,594.95996,841.91998,rect,420.35295490129283,523.9181756740751,409.18415427865955,439.6445133294782,103.56522077278225,30.460359050818624,True,False,"0.9569, 0.9686, 0.9725",#F4F7F8,"0.9569, 0.9686, 0.9725",False
3,594.95996,841.91998,rect,420.35295490129283,421.36830020298675,409.18415427865955,439.6445133294782,1.0153453016939125,30.460359050818624,True,False,"1.0000, 1.0000, 1.0000",#FFFFFF,"1.0000, 1.0000, 1.0000",False
3,594.95996,841.91998,rect,446.24426009448837,447.25960539618234,409.18415427865955,439.6445133294782,1.0153453016939693,30.460359050818624,True,False,"1.0000, 1.0000, 1.0000",#FFFFFF,"1.0000, 1.0000, 1.0000",False
3,594.95996,841.91998,rect,472.13556528768396,473.1509105893779,409.18415427865955,439.6445133294782,1.0153453016939125,30.460359050818624,True,False,"1.0000, 1.0000, 1.0000",#FFFFFF,"1.0000, 1.0000, 1.0000",False
3,594.95996,841.91998,rect,498.02687048087955,499.04221578257346,409.18415427865955,439.6445133294782,1.0153453016939125,30.460359050818624,True,False,"1.0000, 1.0000, 1.0000",#FFFFFF,"1.0000, 1.0000, 1.0000",False
3,594.95996,841.91998,rect,523.9181756740751,575.7007860604663,409.18415427865955,439.6445133294782,51.782610386391184,30.460359050818624,True,False,"0.9569, 0.9686, 0.9725",#F4F7F8,"0.9569, 0.9686, 0.9725",False
3,594.95996,841.91998,rect,523.9181756740751,524.933520975769,409.18415427865955,439.6445133294782,1.0153453016939693,30.460359050818624,True,False,"1.0000, 1.0000, 1.0000",#FFFFFF,"1.0000, 1.0000, 1.0000",False
3,594.95996,841.91998,rect,549.8094808672706,550.8248261689646,409.18415427865955,439.6445133294782,1.0153453016939693,30.460359050818624,True,False,"1.0000, 1.0000, 1.0000",#FFFFFF,"1.0000, 1.0000, 1.0000",False
3,594.95996,841.91998,rect,92.3964224541489,115.74936439310962,440.6598586311719,471.1202176819901,23.35294193896071,30.46035905081817,True,False,"0.9569, 0.9686, 0.9725",#F4F7F8,"0.9569, 0.9686, 0.9725",False
3,594.95996,841.91998,rect,92.3964224541489,93.41176775584285,440.6598586311719,471.1202176819901,1.0153453016939409,30.46035905081817,True,False,"1.0000, 1.0000, 1.0000",#FFFFFF,"1.0000, 1.0000, 1.0000",False
3,594.95996,841.91998,rect,115.74936439310962,161.43990296933708,440.6598586311719,471.1202176819901,45.69053857622747,30.46035905081817,True,False,"0.9569, 0.9686, 0.9725",#F4F7F8,"0.9569, 0.9686, 0.9725",False
3,594.95996,841.91998,rect,115.74936439310962,116.76470969480356,440.6598586311719,471.1202176819901,1.0153453016939409,30.46035905081817,True,False,"1.0000, 1.0000, 1.0000",#FFFFFF,"1.0000, 1.0000, 1.0000",False
3,594.95996,841.91998,rect,161.43990296933708,213.22251335572824,440.6598586311719,471.1202176819901,51.782610386391156,30.46035905081817,True,False,"0.9569, 0.9686, 0.9725",#F4F7F8,"0.9569, 0.9686, 0.9725",False
3,594.95996,841.91998,rect,161.43990296933708,162.45524827103105,440.6598586311719,471.1202176819901,1.0153453016939693,30.46035905081817,True,False,"1.0000, 1.0000, 1.0000",#FFFFFF,"1.0000, 1.0000, 1.0000",False
3,594.95996,841.91998,rect,187.33120816253268,188.34655346422662,440.6598586311719,471.1202176819901,1.0153453016939409,30.46035905081817,True,False,"1.0000, 1.0000, 1.0000",#FFFFFF,"1.0000, 1.0000, 1.0000",False
3,594.95996,841.91998,rect,213.22251335572824,316.7877341285105,440.6598586311719,471.1202176819901,103.56522077278228,30.46035905081817,True,False,"0.9569, 0.9686, 0.9725",#F4F7F8,"0.9569, 0.9686, 0.9725",False
3,594.95996,841.91998,rect,213.22251335572824,214.23785865742218,440.6598586311719,471.1202176819901,1.0153453016939409,30.46035905081817,True,False,"1.0000, 1.0000, 1.0000",#FFFFFF,"1.0000, 1.0000, 1.0000",False
3,594.95996,841.91998,rect,239.1138185489238,240.12916385061774,440.6598586311719,471.1202176819901,1.0153453016939409,30.46035905081817,True,False,"1.0000, 1.0000, 1.0000",#FFFFFF,"1.0000, 1.0000, 1.0000",False
3,594.95996,841.91998,rect,265.0051237421194,266.0204690438133,440.6598586311719,471.1202176819901,1.0153453016939125,30.46035905081817,True,False,"1.0000, 1.0000, 1.0000",#FFFFFF,"1.0000, 1.0000, 1.0000",False
3,594.95996,841.91998,rect,290.89642893531493,291.9117742370089,440.6598586311719,471.1202176819901,1.0153453016939693,30.46035905081817,True,False,"1.0000, 1.0000, 1.0000",#FFFFFF,"1.0000, 1.0000, 1.0000",False
3,594.95996,841.91998,rect,316.7877341285105,420.35295490129283,440.6598586311719,471.1202176819901,103.56522077278231,30.46035905081817,True,False,"0.9569, 0.9686, 0.9725",#F4F7F8,"0.9569, 0.9686, 0.9725",False
3,594.95996,841.91998,rect,316.7877341285105,317.8030794302045,440.6598586311719,471.1202176819901,1.0153453016939693,30.46035905081817,True,False,"1.0000, 1.0000, 1.0000",#FFFFFF,"1.0000, 1.0000, 1.0000",False
3,594.95996,841.91998,rect,342.6790393217061,343.6943846234,440.6598586311719,471.1202176819901,1.0153453016939125,30.46035905081817,True,False,"1.0000, 1.0000, 1.0000",#FFFFFF,"1.0000, 1.0000, 1.0000",False
3,594.95996,841.91998,rect,368.57034451490165,369.5856898165956,440.6598586311719,471.1202176819901,1.0153453016939693,30.46035905081817,True,False,"1.0000, 1.0000, 1.0000",#FFFFFF,"1.0000, 1.0000, 1.0000",False
3,594.95996,841.91998,rect,394.46164970809724,395.4769950097912,440.6598586311719,471.1202176819901,1.0153453016939693,30.46035905081817,True,False,"1.0000, 1.0000, 1.0000",#FFFFFF,"1.0000, 1.0000, 1.0000",False
3,594.95996,841.91998,rect,420.35295490129283,523.9181756740751,440.6598586311719,471.1202176819901,103.56522077278225,30.46035905081817,True,False,"0.9569, 0.9686, 0.9725",#F4F7F8,"0.9569, 0.9686, 0.9725",False
3,594.95996,841.91998,rect,420.35295490129283,421.36830020298675,440.6598586311719,471.1202176819901,1.0153453016939125,30.46035905081817,True,False,"1.0000, 1.0000, 1.0000",#FFFFFF,"1.0000, 1.0000, 1.0000",False
3,594.95996,841.91998,rect,446.24426009448837,447.25960539618234,440.6598586311719,471.1202176819901,1.0153453016939693,30.46035905081817,True,False,"1.0000, 1.0000, 1.0000",#FFFFFF,"1.0000, 1.0000, 1.0000",False
3,594.95996,841.91998,rect,472.13556528768396,473.1509105893779,440.6598586311719,471.1202176819901,1.0153453016939125,30.46035905081817,True,False,"1.0000, 1.0000, 1.0000",#FFFFFF,"1.0000, 1.0000, 1.0000",False
3,594.95996,841.91998,rect,498.02687048087955,499.04221578257346,440.6598586311719,471.1202176819901,1.0153453016939125,30.46035905081817,True,False,"1.0000, 1.0000, 1.0000",#FFFFFF,"1.0000, 1.0000, 1.0000",False
3,594.95996,841.91998,rect,523.9181756740751,575.7007860604663,440.6598586311719,471.1202176819901,51.782610386391184,30.46035905081817,True,False,"0.9569, 0.9686, 0.9725",#F4F7F8,"0.9569, 0.9686, 0.9725",False
3,594.95996,841.91998,rect,523.9181756740751,524.933520975769,440.6598586311719,471.1202176819901,1.0153453016939693,30.46035905081817,True,False,"1.0000, 1.0000, 1.0000",#FFFFFF,"1.0000, 1.0000, 1.0000",False
3,594.95996,841.91998,rect,549.8094808672706,550.8248261689646,440.6598586311719,471.1202176819901,1.0153453016939693,30.46035905081817,True,False,"1.0000, 1.0000, 1.0000",#FFFFFF,"1.0000, 1.0000, 1.0000",False
3,594.95996,841.91998,rect,92.3964224541489,115.74936439310962,472.1355629836843,502.59592203450245,23.35294193896071,30.46035905081817,True,False,"0.9569, 0.9686, 0.9725",#F4F7F8,"0.9569, 0.9686, 0.9725",False
3,594.95996,841.91998,rect,92.3964224541489,93.41176775584285,472.1355629836843,502.59592203450245,1.0153453016939409,30.46035905081817,True,False,"1.0000, 1.0000, 1.0000",#FFFFFF,"1.0000, 1.0000, 1.0000",False
3,594.95996,841.91998,rect,115.74936439310962,161.43990296933708,472.1355629836843,502.59592203450245,45.69053857622747,30.46035905081817,True,False,"0.9569, 0.9686, 0.9725",#F4F7F8,"0.9569, 0.9686, 0.9725",False
3,594.95996,841.91998,rect,115.74936439310962,116.76470969480356,472.1355629836843,502.59592203450245,1.0153453016939409,30.46035905081817,True,False,"1.0000, 1.0000, 1.0000",#FFFFFF,"1.0000, 1.0000, 1.0000",False
3,594.95996,841.91998,rect,161.43990296933708,213.22251335572824,472.1355629836843,502.59592203450245,51.782610386391156,30.46035905081817,True,False,"0.9569, 0.9686, 0.9725",#F4F7F8,"0.9569, 0.9686, 0.9725",False
3,594.95996,841.91998,rect,161.43990296933708,162.45524827103105,472.1355629836843,502.59592203450245,1.0153453016939693,30.46035905081817,True,False,"1.0000, 1.0000, 1.0000",#FFFFFF,"1.0000, 1.0000, 1.0000",False
3,594.95996,841.91998,rect,187.33120816253268,188.34655346422662,472.1355629836843,502.59592203450245,1.0153453016939409,30.46035905081817,True,False,"1.0000, 1.0000, 1.0000",#FFFFFF,"1.0000, 1.0000, 1.0000",False
3,594.95996,841.91998,rect,213.22251335572824,316.7877341285105,472.1355629836843,502.59592203450245,103.56522077278228,30.46035905081817,True,False,"0.9569, 0.9686, 0.9725",#F4F7F8,"0.9569, 0.9686, 0.9725",False
3,594.95996,841.91998,rect,213.22251335572824,214.23785865742218,472.1355629836843,502.59592203450245,1.0153453016939409,30.46035905081817,True,False,"1.0000, 1.0000, 1.0000",#FFFFFF,"1.0000, 1.0000, 1.0000",False
3,594.95996,841.91998,rect,239.1138185489238,240.12916385061774,472.1355629836843,502.59592203450245,1.0153453016939409,30.46035905081817,True,False,"1.0000, 1.0000, 1.0000",#FFFFFF,"1.0000, 1.0000, 1.0000",False
3,594.95996,841.91998,rect,265.0051237421194,266.0204690438133,472.1355629836843,502.59592203450245,1.0153453016939125,30.46035905081817,True,False,"1.0000, 1.0000, 1.0000",#FFFFFF,"1.0000, 1.0000, 1.0000",False
3,594.95996,841.91998,rect,290.89642893531493,291.9117742370089,472.1355629836843,502.59592203450245,1.0153453016939693,30.46035905081817,True,False,"1.0000, 1.0000, 1.0000",#FFFFFF,"1.0000, 1.0000, 1.0000",False
3,594.95996,841.91998,rect,316.7877341285105,420.35295490129283,472.1355629836843,502.59592203450245,103.56522077278231,30.46035905081817,True,False,"0.9569, 0.9686, 0.9725",#F4F7F8,"0.9569, 0.9686, 0.9725",False
3,594.95996,841.91998,rect,316.7877341285105,317.8030794302045,472.1355629836843,502.59592203450245,1.0153453016939693,30.46035905081817,True,False,"1.0000, 1.0000, 1.0000",#FFFFFF,"1.0000, 1.0000, 1.0000",False
3,594.95996,841.91998,rect,342.6790393217061,343.6943846234,472.1355629836843,502.59592203450245,1.0153453016939125,30.46035905081817,True,False,"1.0000, 1.0000, 1.0000",#FFFFFF,"1.0000, 1.0000, 1.0000",False
3,594.95996,841.91998,rect,368.57034451490165,369.5856898165956,472.1355629836843,502.59592203450245,1.0153453016939693,30.46035905081817,True,False,"1.0000, 1.0000, 1.0000",#FFFFFF,"1.0000, 1.0000, 1.0000",False
3,594.95996,841.91998,rect,394.46164970809724,395.4769950097912,472.1355629836843,502.59592203450245,1.0153453016939693,30.46035905081817,True,False,"1.0000, 1.0000, 1.0000",#FFFFFF,"1.0000, 1.0000, 1.0000",False
3,594.95996,841.91998,rect,420.35295490129283,523.9181756740751,472.1355629836843,502.59592203450245,103.56522077278225,30.46035905081817,True,False,"0.9569, 0.9686, 0.9725",#F4F7F8,"0.9569, 0.9686, 0.9725",False
3,594.95996,841.91998,rect,420.35295490129283,421.36830020298675,472.1355629836843,502.59592203450245,1.0153453016939125,30.46035905081817,True,False,"1.0000, 1.0000, 1.0000",#FFFFFF,"1.0000, 1.0000, 1.0000",False
3,594.95996,841.91998,rect,446.24426009448837,447.25960539618234,472.1355629836843,502.59592203450245,1.0153453016939693,30.46035905081817,True,False,"1.0000, 1.0000, 1.0000",#FFFFFF,"1.0000, 1.0000, 1.0000",False
3,594.95996,841.91998,rect,472.13556528768396,473.1509105893779,472.1355629836843,502.59592203450245,1.0153453016939125,30.46035905081817,True,False,"1.0000, 1.0000, 1.0000",#FFFFFF,"1.0000, 1.0000, 1.0000",False
3,594.95996,841.91998,rect,498.02687048087955,499.04221578257346,472.1355629836843,502.59592203450245,1.0153453016939125,30.46035905081817,True,False,"1.0000, 1.0000, 1.0000",#FFFFFF,"1.0000, 1.0000, 1.0000",False
3,594.95996,841.91998,rect,523.9181756740751,575.7007860604663,472.1355629836843,502.59592203450245,51.782610386391184,30.46035905081817,True,False,"0.9569, 0.9686, 0.9725",#F4F7F8,"0.9569, 0.9686, 0.9725",False
3,594.95996,841.91998,rect,523.9181756740751,524.933520975769,472.1355629836843,502.59592203450245,1.0153453016939693,30.46035905081817,True,False,"1.0000, 1.0000, 1.0000",#FFFFFF,"1.0000, 1.0000, 1.0000",False
3,594.95996,841.91998,rect,549.8094808672706,550.8248261689646,472.1355629836843,502.59592203450245,1.0153453016939693,30.46035905081817,True,False,"1.0000, 1.0000, 1.0000",#FFFFFF,"1.0000, 1.0000, 1.0000",False
3,594.95996,841.91998,rect,92.3964224541489,115.74936439310962,503.61126733619665,534.0716263870148,23.35294193896071,30.46035905081817,True,False,"0.9569, 0.9686, 0.9725",#F4F7F8,"0.9569, 0.9686, 0.9725",False
3,594.95996,841.91998,rect,92.3964224541489,93.41176775584285,503.61126733619665,534.0716263870148,1.0153453016939409,30.46035905081817,True,False,"1.0000, 1.0000, 1.0000",#FFFFFF,"1.0000, 1.0000, 1.0000",False
3,594.95996,841.91998,rect,115.74936439310962,161.43990296933708,503.61126733619665,534.0716263870148,45.69053857622747,30.46035905081817,True,False,"0.9569, 0.9686, 0.9725",#F4F7F8,"0.9569, 0.9686, 0.9725",False
3,594.95996,841.91998,rect,115.74936439310962,116.76470969480356,503.61126733619665,534.0716263870148,1.0153453016939409,30.46035905081817,True,False,"1.0000, 1.0000, 1.0000",#FFFFFF,"1.0000, 1.0000, 1.0000",False
3,594.95996,841.91998,rect,161.43990296933708,213.22251335572824,503.61126733619665,534.0716263870148,51.782610386391156,30.46035905081817,True,False,"0.9569, 0.9686, 0.9725",#F4F7F8,"0.9569, 0.9686, 0.9725",False
3,594.95996,841.91998,rect,161.43990296933708,162.45524827103105,503.61126733619665,534.0716263870148,1.0153453016939693,30.46035905081817,True,False,"1.0000, 1.0000, 1.0000",#FFFFFF,"1.0000, 1.0000, 1.0000",False
3,594.95996,841.91998,rect,187.33120816253268,188.34655346422662,503.61126733619665,534.0716263870148,1.0153453016939409,30.46035905081817,True,False,"1.0000, 1.0000, 1.0000",#FFFFFF,"1.0000, 1.0000, 1.0000",False
3,594.95996,841.91998,rect,213.22251335572824,316.7877341285105,503.61126733619665,534.0716263870148,103.56522077278228,30.46035905081817,True,False,"0.9569, 0.9686, 0.9725",#F4F7F8,"0.9569, 0.9686, 0.9725",False
3,594.95996,841.91998,rect,213.22251335572824,214.23785865742218,503.61126733619665,534.0716263870148,1.0153453016939409,30.46035905081817,True,False,"1.0000, 1.0000, 1.0000",#FFFFFF,"1.0000, 1.0000, 1.0000",False
3,594.95996,841.91998,rect,239.1138185489238,240.12916385061774,503.61126733619665,534.0716263870148,1.0153453016939409,30.46035905081817,True,False,"1.0000, 1.0000, 1.0000",#FFFFFF,"1.0000, 1.0000, 1.0000",False
3,594.95996,841.91998,rect,265.0051237421194,266.0204690438133,503.61126733619665,534.0716263870148,1.0153453016939125,30.46035905081817,True,False,"1.0000, 1.0000, 1.0000",#FFFFFF,"1.0000, 1.0000, 1.0000",False
3,594.95996,841.91998,rect,290.89642893531493,291.9117742370089,503.61126733619665,534.0716263870148,1.0153453016939693,30.46035905081817,True,False,"1.0000, 1.0000, 1.0000",#FFFFFF,"1.0000, 1.0000, 1.0000",False
3,594.95996,841.91998,rect,316.7877341285105,420.35295490129283,503.61126733619665,534.0716263870148,103.56522077278231,30.46035905081817,True,False,"0.9569, 0.9686, 0.9725",#F4F7F8,"0.9569, 0.9686, 0.9725",False
3,594.95996,841.91998,rect,316.7877341285105,317.8030794302045,503.61126733619665,534.0716263870148,1.0153453016939693,30.46035905081817,True,False,"1.0000, 1.0000, 1.0000",#FFFFFF,"1.0000, 1.0000, 1.0000",False
3,594.95996,841.91998,rect,342.6790393217061,343.6943846234,503.61126733619665,534.0716263870148,1.0153453016939125,30.46035905081817,True,False,"1.0000, 1.0000, 1.0000",#FFFFFF,"1.0000, 1.0000, 1.0000",False
3,594.95996,841.91998,rect,368.57034451490165,369.5856898165956,503.61126733619665,534.0716263870148,1.0153453016939693,30.46035905081817,True,False,"1.0000, 1.0000, 1.0000",#FFFFFF,"1.0000, 1.0000, 1.0000",False
3,594.95996,841.91998,rect,394.46164970809724,395.4769950097912,503.61126733619665,534.0716263870148,1.0153453016939693,30.46035905081817,True,False,"1.0000, 1.0000, 1.0000",#FFFFFF,"1.0000, 1.0000, 1.0000",False
3,594.95996,841.91998,rect,420.35295490129283,523.9181756740751,503.61126733619665,534.0716263870148,103.56522077278225,30.46035905081817,True,False,"0.9569, 0.9686, 0.9725",#F4F7F8,"0.9569, 0.9686, 0.9725",False
3,594.95996,841.91998,rect,420.35295490129283,421.36830020298675,503.61126733619665,534.0716263870148,1.0153453016939125,30.46035905081817,True,False,"1.0000, 1.0000, 1.0000",#FFFFFF,"1.0000, 1.0000, 1.0000",False
3,594.95996,841.91998,rect,446.24426009448837,447.25960539618234,503.61126733619665,534.0716263870148,1.0153453016939693,30.46035905081817,True,False,"1.0000, 1.0000, 1.0000",#FFFFFF,"1.0000, 1.0000, 1.0000",False
3,594.95996,841.91998,rect,472.13556528768396,473.1509105893779,503.61126733619665,534.0716263870148,1.0153453016939125,30.46035905081817,True,False,"1.0000, 1.0000, 1.0000",#FFFFFF,"1.0000, 1.0000, 1.0000",False
3,594.95996,841.91998,rect,498.02687048087955,499.04221578257346,503.61126733619665,534.0716263870148,1.0153453016939125,30.46035905081817,True,False,"1.0000, 1.0000, 1.0000",#FFFFFF,"1.0000, 1.0000, 1.0000",False
3,594.95996,841.91998,rect,523.9181756740751,575.7007860604663,503.61126733619665,534.0716263870148,51.782610386391184,30.46035905081817,True,False,"0.9569, 0.9686, 0.9725",#F4F7F8,"0.9569, 0.9686, 0.9725",False
3,594.95996,841.91998,rect,523.9181756740751,524.933520975769,503.61126733619665,534.0716263870148,1.0153453016939693,30.46035905081817,True,False,"1.0000, 1.0000, 1.0000",#FFFFFF,"1.0000, 1.0000, 1.0000",False
3,594.95996,841.91998,rect,549.8094808672706,550.8248261689646,503.61126733619665,534.0716263870148,1.0153453016939693,30.46035905081817,True,False,"1.0000, 1.0000, 1.0000",#FFFFFF,"1.0000, 1.0000, 1.0000",False
3,594.95996,841.91998,rect,92.3964224541489,115.74936439310962,535.0869716887086,565.5473307395272,23.35294193896071,30.460359050818624,True,False,"0.9569, 0.9686, 0.9725",#F4F7F8,"0.9569, 0.9686, 0.9725",False
3,594.95996,841.91998,rect,92.3964224541489,93.41176775584285,535.0869716887086,565.5473307395272,1.0153453016939409,30.460359050818624,True,False,"1.0000, 1.0000, 1.0000",#FFFFFF,"1.0000, 1.0000, 1.0000",False
3,594.95996,841.91998,rect,115.74936439310962,161.43990296933708,535.0869716887086,565.5473307395272,45.69053857622747,30.460359050818624,True,False,"0.9569, 0.9686, 0.9725",#F4F7F8,"0.9569, 0.9686, 0.9725",False
3,594.95996,841.91998,rect,115.74936439310962,116.76470969480356,535.0869716887086,565.5473307395272,1.0153453016939409,30.460359050818624,True,False,"1.0000, 1.0000, 1.0000",#FFFFFF,"1.0000, 1.0000, 1.0000",False
3,594.95996,841.91998,rect,161.43990296933708,213.22251335572824,535.0869716887086,565.5473307395272,51.782610386391156,30.460359050818624,True,False,"0.9569, 0.9686, 0.9725",#F4F7F8,"0.9569, 0.9686, 0.9725",False
3,594.95996,841.91998,rect,161.43990296933708,162.45524827103105,535.0869716887086,565.5473307395272,1.0153453016939693,30.460359050818624,True,False,"1.0000, 1.0000, 1.0000",#FFFFFF,"1.0000, 1.0000, 1.0000",False
3,594.95996,841.91998,rect,187.33120816253268,188.34655346422662,535.0869716887086,565.5473307395272,1.0153453016939409,30.460359050818624,True,False,"1.0000, 1.0000, 1.0000",#FFFFFF,"1.0000, 1.0000, 1.0000",False
3,594.95996,841.91998,rect,213.22251335572824,316.7877341285105,535.0869716887086,565.5473307395272,103.56522077278228,30.460359050818624,True,False,"0.9569, 0.9686, 0.9725",#F4F7F8,"0.9569, 0.9686, 0.9725",False
3,594.95996,841.91998,rect,213.22251335572824,214.23785865742218,535.0869716887086,565.5473307395272,1.0153453016939409,30.460359050818624,True,False,"1.0000, 1.0000, 1.0000",#FFFFFF,"1.0000, 1.0000, 1.0000",False
3,594.95996,841.91998,rect,239.1138185489238,240.12916385061774,535.0869716887086,565.5473307395272,1.0153453016939409,30.460359050818624,True,False,"1.0000, 1.0000, 1.0000",#FFFFFF,"1.0000, 1.0000, 1.0000",False
3,594.95996,841.91998,rect,265.0051237421194,266.0204690438133,535.0869716887086,565.5473307395272,1.0153453016939125,30.460359050818624,True,False,"1.0000, 1.0000, 1.0000",#FFFFFF,"1.0000, 1.0000, 1.0000",False
3,594.95996,841.91998,rect,290.89642893531493,291.9117742370089,535.0869716887086,565.5473307395272,1.0153453016939693,30.460359050818624,True,False,"1.0000, 1.0000, 1.0000",#FFFFFF,"1.0000, 1.0000, 1.0000",False
3,594.95996,841.91998,rect,316.7877341285105,420.35295490129283,535.0869716887086,565.5473307395272,103.56522077278231,30.460359050818624,True,False,"0.9569, 0.9686, 0.9725",#F4F7F8,"0.9569, 0.9686, 0.9725",False
3,594.95996,841.91998,rect,316.7877341285105,317.8030794302045,535.0869716887086,565.5473307395272,1.0153453016939693,30.460359050818624,True,False,"1.0000, 1.0000, 1.0000",#FFFFFF,"1.0000, 1.0000, 1.0000",False
3,594.95996,841.91998,rect,342.6790393217061,343.6943846234,535.0869716887086,565.5473307395272,1.0153453016939125,30.460359050818624,True,False,"1.0000, 1.0000, 1.0000",#FFFFFF,"1.0000, 1.0000, 1.0000",False
3,594.95996,841.91998,rect,368.57034451490165,369.5856898165956,535.0869716887086,565.5473307395272,1.0153453016939693,30.460359050818624,True,False,"1.0000, 1.0000, 1.0000",#FFFFFF,"1.0000, 1.0000, 1.0000",False
3,594.95996,841.91998,rect,394.46164970809724,395.4769950097912,535.0869716887086,565.5473307395272,1.0153453016939693,30.460359050818624,True,False,"1.0000, 1.0000, 1.0000",#FFFFFF,"1.0000, 1.0000, 1.0000",False
3,594.95996,841.91998,rect,420.35295490129283,523.9181756740751,535.0869716887086,565.5473307395272,103.56522077278225,30.460359050818624,True,False,"0.9569, 0.9686, 0.9725",#F4F7F8,"0.9569, 0.9686, 0.9725",False
3,594.95996,841.91998,rect,420.35295490129283,421.36830020298675,535.0869716887086,565.5473307395272,1.0153453016939125,30.460359050818624,True,False,"1.0000, 1.0000, 1.0000",#FFFFFF,"1.0000, 1.0000, 1.0000",False
3,594.95996,841.91998,rect,446.24426009448837,447.25960539618234,535.0869716887086,565.5473307395272,1.0153453016939693,30.460359050818624,True,False,"1.0000, 1.0000, 1.0000",#FFFFFF,"1.0000, 1.0000, 1.0000",False
3,594.95996,841.91998,rect,472.13556528768396,473.1509105893779,535.0869716887086,565.5473307395272,1.0153453016939125,30.460359050818624,True,False,"1.0000, 1.0000, 1.0000",#FFFFFF,"1.0000, 1.0000, 1.0000",False
3,594.95996,841.91998,rect,498.02687048087955,499.04221578257346,535.0869716887086,565.5473307395272,1.0153453016939125,30.460359050818624,True,False,"1.0000, 1.0000, 1.0000",#FFFFFF,"1.0000, 1.0000, 1.0000",False
3,594.95996,841.91998,rect,523.9181756740751,575.7007860604663,535.0869716887086,565.5473307395272,51.782610386391184,30.460359050818624,True,False,"0.9569, 0.9686, 0.9725",#F4F7F8,"0.9569, 0.9686, 0.9725",False
3,594.95996,841.91998,rect,523.9181756740751,524.933520975769,535.0869716887086,565.5473307395272,1.0153453016939693,30.460359050818624,True,False,"1.0000, 1.0000, 1.0000",#FFFFFF,"1.0000, 1.0000, 1.0000",False
3,594.95996,841.91998,rect,549.8094808672706,550.8248261689646,535.0869716887086,565.5473307395272,1.0153453016939693,30.460359050818624,True,False,"1.0000, 1.0000, 1.0000",#FFFFFF,"1.0000, 1.0000, 1.0000",False
3,594.95996,841.91998,rect,92.3964224541489,115.74936439310962,566.5626760412209,597.0230350920391,23.35294193896071,30.46035905081817,True,False,"0.9569, 0.9686, 0.9725",#F4F7F8,"0.9569, 0.9686, 0.9725",False
3,594.95996,841.91998,rect,92.3964224541489,93.41176775584285,566.5626760412209,597.0230350920391,1.0153453016939409,30.46035905081817,True,False,"1.0000, 1.0000, 1.0000",#FFFFFF,"1.0000, 1.0000, 1.0000",False
3,594.95996,841.91998,rect,115.74936439310962,161.43990296933708,566.5626760412209,597.0230350920391,45.69053857622747,30.46035905081817,True,False,"0.9569, 0.9686, 0.9725",#F4F7F8,"0.9569, 0.9686, 0.9725",False
3,594.95996,841.91998,rect,115.74936439310962,116.76470969480356,566.5626760412209,597.0230350920391,1.0153453016939409,30.46035905081817,True,False,"1.0000, 1.0000, 1.0000",#FFFFFF,"1.0000, 1.0000, 1.0000",False
3,594.95996,841.91998,rect,161.43990296933708,213.22251335572824,566.5626760412209,597.0230350920391,51.782610386391156,30.46035905081817,True,False,"0.9569, 0.9686, 0.9725",#F4F7F8,"0.9569, 0.9686, 0.9725",False
3,594.95996,841.91998,rect,161.43990296933708,162.45524827103105,566.5626760412209,597.0230350920391,1.0153453016939693,30.46035905081817,True,False,"1.0000, 1.0000, 1.0000",#FFFFFF,"1.0000, 1.0000, 1.0000",False
3,594.95996,841.91998,rect,187.33120816253268,188.34655346422662,566.5626760412209,597.0230350920391,1.0153453016939409,30.46035905081817,True,False,"1.0000, 1.0000, 1.0000",#FFFFFF,"1.0000, 1.0000, 1.0000",False
3,594.95996,841.91998,rect,213.22251335572824,316.7877341285105,566.5626760412209,597.0230350920391,103.56522077278228,30.46035905081817,True,False,"0.9569, 0.9686, 0.9725",#F4F7F8,"0.9569, 0.9686, 0.9725",False
3,594.95996,841.91998,rect,213.22251335572824,214.23785865742218,566.5626760412209,597.0230350920391,1.0153453016939409,30.46035905081817,True,False,"1.0000, 1.0000, 1.0000",#FFFFFF,"1.0000, 1.0000, 1.0000",False
3,594.95996,841.91998,rect,239.1138185489238,240.12916385061774,566.5626760412209,597.0230350920391,1.0153453016939409,30.46035905081817,True,False,"1.0000, 1.0000, 1.0000",#FFFFFF,"1.0000, 1.0000, 1.0000",False
3,594.95996,841.91998,rect,265.0051237421194,266.0204690438133,566.5626760412209,597.0230350920391,1.0153453016939125,30.46035905081817,True,False,"1.0000, 1.0000, 1.0000",#FFFFFF,"1.0000, 1.0000, 1.0000",False
3,594.95996,841.91998,rect,290.89642893531493,291.9117742370089,566.5626760412209,597.0230350920391,1.0153453016939693,30.46035905081817,True,False,"1.0000, 1.0000, 1.0000",#FFFFFF,"1.0000, 1.0000, 1.0000",False
3,594.95996,841.91998,rect,316.7877341285105,420.35295490129283,566.5626760412209,597.0230350920391,103.56522077278231,30.46035905081817,True,False,"0.9569, 0.9686, 0.9725",#F4F7F8,"0.9569, 0.9686, 0.9725",False
3,594.95996,841.91998,rect,316.7877341285105,317.8030794302045,566.5626760412209,597.0230350920391,1.0153453016939693,30.46035905081817,True,False,"1.0000, 1.0000, 1.0000",#FFFFFF,"1.0000, 1.0000, 1.0000",False
3,594.95996,841.91998,rect,342.6790393217061,343.6943846234,566.5626760412209,597.0230350920391,1.0153453016939125,30.46035905081817,True,False,"1.0000, 1.0000, 1.0000",#FFFFFF,"1.0000, 1.0000, 1.0000",False
3,594.95996,841.91998,rect,368.57034451490165,369.5856898165956,566.5626760412209,597.0230350920391,1.0153453016939693,30.46035905081817,True,False,"1.0000, 1.0000, 1.0000",#FFFFFF,"1.0000, 1.0000, 1.0000",False
3,594.95996,841.91998,rect,394.46164970809724,395.4769950097912,566.5626760412209,597.0230350920391,1.0153453016939693,30.46035905081817,True,False,"1.0000, 1.0000, 1.0000",#FFFFFF,"1.0000, 1.0000, 1.0000",False
3,594.95996,841.91998,rect,420.35295490129283,523.9181756740751,566.5626760412209,597.0230350920391,103.56522077278225,30.46035905081817,True,False,"0.9569, 0.9686, 0.9725",#F4F7F8,"0.9569, 0.9686, 0.9725",False
3,594.95996,841.91998,rect,420.35295490129283,421.36830020298675,566.5626760412209,597.0230350920391,1.0153453016939125,30.46035905081817,True,False,"1.0000, 1.0000, 1.0000",#FFFFFF,"1.0000, 1.0000, 1.0000",False
3,594.95996,841.91998,rect,446.24426009448837,447.25960539618234,566.5626760412209,597.0230350920391,1.0153453016939693,30.46035905081817,True,False,"1.0000, 1.0000, 1.0000",#FFFFFF,"1.0000, 1.0000, 1.0000",False
3,594.95996,841.91998,rect,472.13556528768396,473.1509105893779,566.5626760412209,597.0230350920391,1.0153453016939125,30.46035905081817,True,False,"1.0000, 1.0000, 1.0000",#FFFFFF,"1.0000, 1.0000, 1.0000",False
3,594.95996,841.91998,rect,498.02687048087955,499.04221578257346,566.5626760412209,597.0230350920391,1.0153453016939125,30.46035905081817,True,False,"1.0000, 1.0000, 1.0000",#FFFFFF,"1.0000, 1.0000, 1.0000",False
3,594.95996,841.91998,rect,523.9181756740751,575.7007860604663,566.5626760412209,597.0230350920391,51.782610386391184,30.46035905081817,True,False,"0.9569, 0.9686, 0.9725",#F4F7F8,"0.9569, 0.9686, 0.9725",False
3,594.95996,841.91998,rect,523.9181756740751,524.933520975769,566.5626760412209,597.0230350920391,1.0153453016939693,30.46035905081817,True,False,"1.0000, 1.0000, 1.0000",#FFFFFF,"1.0000, 1.0000, 1.0000",False
3,594.95996,841.91998,rect,549.8094808672706,550.8248261689646,566.5626760412209,597.0230350920391,1.0153453016939693,30.46035905081817,True,False,"1.0000, 1.0000, 1.0000",#FFFFFF,"1.0000, 1.0000, 1.0000",False
3,594.95996,841.91998,rect,92.3964224541489,115.74936439310962,598.0383803937333,628.4987394445515,23.35294193896071,30.46035905081817,True,False,"0.9569, 0.9686, 0.9725",#F4F7F8,"0.9569, 0.9686, 0.9725",False
3,594.95996,841.91998,rect,92.3964224541489,93.41176775584285,598.0383803937333,628.4987394445515,1.0153453016939409,30.46035905081817,True,False,"1.0000, 1.0000, 1.0000",#FFFFFF,"1.0000, 1.0000, 1.0000",False
3,594.95996,841.91998,rect,115.74936439310962,161.43990296933708,598.0383803937333,628.4987394445515,45.69053857622747,30.46035905081817,True,False,"0.9569, 0.9686, 0.9725",#F4F7F8,"0.9569, 0.9686, 0.9725",False
3,594.95996,841.91998,rect,115.74936439310962,116.76470969480356,598.0383803937333,628.4987394445515,1.0153453016939409,30.46035905081817,True,False,"1.0000, 1.0000, 1.0000",#FFFFFF,"1.0000, 1.0000, 1.0000",False
3,594.95996,841.91998,rect,161.43990296933708,213.22251335572824,598.0383803937333,628.4987394445515,51.782610386391156,30.46035905081817,True,False,"0.9569, 0.9686, 0.9725",#F4F7F8,"0.9569, 0.9686, 0.9725",False
3,594.95996,841.91998,rect,161.43990296933708,162.45524827103105,598.0383803937333,628.4987394445515,1.0153453016939693,30.46035905081817,True,False,"1.0000, 1.0000, 1.0000",#FFFFFF,"1.0000, 1.0000, 1.0000",False
3,594.95996,841.91998,rect,187.33120816253268,188.34655346422662,598.0383803937333,628.4987394445515,1.0153453016939409,30.46035905081817,True,False,"1.0000, 1.0000, 1.0000",#FFFFFF,"1.0000, 1.0000, 1.0000",False
3,594.95996,841.91998,rect,213.22251335572824,316.7877341285105,598.0383803937333,628.4987394445515,103.56522077278228,30.46035905081817,True,False,"0.9569, 0.9686, 0.9725",#F4F7F8,"0.9569, 0.9686, 0.9725",False
3,594.95996,841.91998,rect,213.22251335572824,214.23785865742218,598.0383803937333,628.4987394445515,1.0153453016939409,30.46035905081817,True,False,"1.0000, 1.0000, 1.0000",#FFFFFF,"1.0000, 1.0000, 1.0000",False
3,594.95996,841.91998,rect,239.1138185489238,240.12916385061774,598.0383803937333,628.4987394445515,1.0153453016939409,30.46035905081817,True,False,"1.0000, 1.0000, 1.0000",#FFFFFF,"1.0000, 1.0000, 1.0000",False
3,594.95996,841.91998,rect,265.0051237421194,266.0204690438133,598.0383803937333,628.4987394445515,1.0153453016939125,30.46035905081817,True,False,"1.0000, 1.0000, 1.0000",#FFFFFF,"1.0000, 1.0000, 1.0000",False
3,594.95996,841.91998,rect,290.89642893531493,291.9117742370089,598.0383803937333,628.4987394445515,1.0153453016939693,30.46035905081817,True,False,"1.0000, 1.0000, 1.0000",#FFFFFF,"1.0000, 1.0000, 1.0000",False
3,594.95996,841.91998,rect,316.7877341285105,420.35295490129283,598.0383803937333,628.4987394445515,103.56522077278231,30.46035905081817,True,False,"0.9569, 0.9686, 0.9725",#F4F7F8,"0.9569, 0.9686, 0.9725",False
3,594.95996,841.91998,rect,316.7877341285105,317.8030794302045,598.0383803937333,628.4987394445515,1.0153453016939693,30.46035905081817,True,False,"1.0000, 1.0000, 1.0000",#FFFFFF,"1.0000, 1.0000, 1.0000",False
3,594.95996,841.91998,rect,342.6790393217061,343.6943846234,598.0383803937333,628.4987394445515,1.0153453016939125,30.46035905081817,True,False,"1.0000, 1.0000, 1.0000",#FFFFFF,"1.0000, 1.0000, 1.0000",False
3,594.95996,841.91998,rect,368.57034451490165,369.5856898165956,598.0383803937333,628.4987394445515,1.0153453016939693,30.46035905081817,True,False,"1.0000, 1.0000, 1.0000",#FFFFFF,"1.0000, 1.0000, 1.0000",False
3,594.95996,841.91998,rect,394.46164970809724,395.4769950097912,598.0383803937333,628.4987394445515,1.0153453016939693,30.46035905081817,True,False,"1.0000, 1.0000, 1.0000",#FFFFFF,"1.0000, 1.0000, 1.0000",False
3,594.95996,841.91998,rect,420.35295490129283,523.9181756740751,598.0383803937333,628.4987394445515,103.56522077278225,30.46035905081817,True,False,"0.9569, 0.9686, 0.9725",#F4F7F8,"0.9569, 0.9686, 0.9725",False
3,594.95996,841.91998,rect,420.35295490129283,421.36830020298675,598.0383803937333,628.4987394445515,1.0153453016939125,30.46035905081817,True,False,"1.0000, 1.0000, 1.0000",#FFFFFF,"1.0000, 1.0000, 1.0000",False
3,594.95996,841.91998,rect,446.24426009448837,447.25960539618234,598.0383803937333,628.4987394445515,1.0153453016939693,30.46035905081817,True,False,"1.0000, 1.0000, 1.0000",#FFFFFF,"1.0000, 1.0000, 1.0000",False
3,594.95996,841.91998,rect,472.13556528768396,473.1509105893779,598.0383803937333,628.4987394445515,1.0153453016939125,30.46035905081817,True,False,"1.0000, 1.0000, 1.0000",#FFFFFF,"1.0000, 1.0000, 1.0000",False
3,594.95996,841.91998,rect,498.02687048087955,499.04221578257346,598.0383803937333,628.4987394445515,1.0153453016939125,30.46035905081817,True,False,"1.0000, 1.0000, 1.0000",#FFFFFF,"1.0000, 1.0000, 1.0000",False
3,594.95996,841.91998,rect,523.9181756740751,575.7007860604663,598.0383803937333,628.4987394445515,51.782610386391184,30.46035905081817,True,False,"0.9569, 0.9686, 0.9725",#F4F7F8,"0.9569, 0.9686, 0.9725",False
3,594.95996,841.91998,rect,523.9181756740751,524.933520975769,598.0383803937333,628.4987394445515,1.0153453016939693,30.46035905081817,True,False,"1.0000, 1.0000, 1.0000",#FFFFFF,"1.0000, 1.0000, 1.0000",False
3,594.95996,841.91998,rect,549.8094808672706,550.8248261689646,598.0383803937333,628.4987394445515,1.0153453016939693,30.46035905081817,True,False,"1.0000, 1.0000, 1.0000",#FFFFFF,"1.0000, 1.0000, 1.0000",False
3,594.95996,841.91998,rect,92.3964224541489,115.74936439310962,629.5140847462457,659.9744437970638,23.35294193896071,30.46035905081817,True,False,"0.9569, 0.9686, 0.9725",#F4F7F8,"0.9569, 0.9686, 0.9725",False
3,594.95996,841.91998,rect,92.3964224541489,93.41176775584285,629.5140847462457,659.9744437970638,1.0153453016939409,30.46035905081817,True,False,"1.0000, 1.0000, 1.0000",#FFFFFF,"1.0000, 1.0000, 1.0000",False
3,594.95996,841.91998,rect,115.74936439310962,161.43990296933708,629.5140847462457,659.9744437970638,45.69053857622747,30.46035905081817,True,False,"0.9569, 0.9686, 0.9725",#F4F7F8,"0.9569, 0.9686, 0.9725",False
3,594.95996,841.91998,rect,115.74936439310962,116.76470969480356,629.5140847462457,659.9744437970638,1.0153453016939409,30.46035905081817,True,False,"1.0000, 1.0000, 1.0000",#FFFFFF,"1.0000, 1.0000, 1.0000",False
3,594.95996,841.91998,rect,161.43990296933708,213.22251335572824,629.5140847462457,659.9744437970638,51.782610386391156,30.46035905081817,True,False,"0.9569, 0.9686, 0.9725",#F4F7F8,"0.9569, 0.9686, 0.9725",False
3,594.95996,841.91998,rect,161.43990296933708,162.45524827103105,629.5140847462457,659.9744437970638,1.0153453016939693,30.46035905081817,True,False,"1.0000, 1.0000, 1.0000",#FFFFFF,"1.0000, 1.0000, 1.0000",False
3,594.95996,841.91998,rect,187.33120816253268,188.34655346422662,629.5140847462457,659.9744437970638,1.0153453016939409,30.46035905081817,True,False,"1.0000, 1.0000, 1.0000",#FFFFFF,"1.0000, 1.0000, 1.0000",False
3,594.95996,841.91998,rect,213.22251335572824,316.7877341285105,629.5140847462457,659.9744437970638,103.56522077278228,30.46035905081817,True,False,"0.9569, 0.9686, 0.9725",#F4F7F8,"0.9569, 0.9686, 0.9725",False
3,594.95996,841.91998,rect,213.22251335572824,214.23785865742218,629.5140847462457,659.9744437970638,1.0153453016939409,30.46035905081817,True,False,"1.0000, 1.0000, 1.0000",#FFFFFF,"1.0000, 1.0000, 1.0000",False
3,594.95996,841.91998,rect,239.1138185489238,240.12916385061774,629.5140847462457,659.9744437970638,1.0153453016939409,30.46035905081817,True,False,"1.0000, 1.0000, 1.0000",#FFFFFF,"1.0000, 1.0000, 1.0000",False
3,594.95996,841.91998,rect,265.0051237421194,266.0204690438133,629.5140847462457,659.9744437970638,1.0153453016939125,30.46035905081817,True,False,"1.0000, 1.0000, 1.0000",#FFFFFF,"1.0000, 1.0000, 1.0000",False
3,594.95996,841.91998,rect,290.89642893531493,291.9117742370089,629.5140847462457,659.9744437970638,1.0153453016939693,30.46035905081817,True,False,"1.0000, 1.0000, 1.0000",#FFFFFF,"1.0000, 1.0000, 1.0000",False
3,594.95996,841.91998,rect,316.7877341285105,420.35295490129283,629.5140847462457,659.9744437970638,103.56522077278231,30.46035905081817,True,False,"0.9569, 0.9686, 0.9725",#F4F7F8,"0.9569, 0.9686, 0.9725",False
3,594.95996,841.91998,rect,316.7877341285105,317.8030794302045,629.5140847462457,659.9744437970638,1.0153453016939693,30.46035905081817,True,False,"1.0000, 1.0000, 1.0000",#FFFFFF,"1.0000, 1.0000, 1.0000",False
3,594.95996,841.91998,rect,342.6790393217061,343.6943846234,629.5140847462457,659.9744437970638,1.0153453016939125,30.46035905081817,True,False,"1.0000, 1.0000, 1.0000",#FFFFFF,"1.0000, 1.0000, 1.0000",False
3,594.95996,841.91998,rect,368.57034451490165,369.5856898165956,629.5140847462457,659.9744437970638,1.0153453016939693,30.46035905081817,True,False,"1.0000, 1.0000, 1.0000",#FFFFFF,"1.0000, 1.0000, 1.0000",False
3,594.95996,841.91998,rect,394.46164970809724,395.4769950097912,629.5140847462457,659.9744437970638,1.0153453016939693,30.46035905081817,True,False,"1.0000, 1.0000, 1.0000",#FFFFFF,"1.0000, 1.0000, 1.0000",False
3,594.95996,841.91998,rect,420.35295490129283,523.9181756740751,629.5140847462457,659.9744437970638,103.56522077278225,30.46035905081817,True,False,"0.9569, 0.9686, 0.9725",#F4F7F8,"0.9569, 0.9686, 0.9725",False
3,594.95996,841.91998,rect,420.35295490129283,421.36830020298675,629.5140847462457,659.9744437970638,1.0153453016939125,30.46035905081817,True,False,"1.0000, 1.0000, 1.0000",#FFFFFF,"1.0000, 1.0000, 1.0000",False
3,594.95996,841.91998,rect,446.24426009448837,447.25960539618234,629.5140847462457,659.9744437970638,1.0153453016939693,30.46035905081817,True,False,"1.0000, 1.0000, 1.0000",#FFFFFF,"1.0000, 1.0000, 1.0000",False
3,594.95996,841.91998,rect,472.13556528768396,473.1509105893779,629.5140847462457,659.9744437970638,1.0153453016939125,30.46035905081817,True,False,"1.0000, 1.0000, 1.0000",#FFFFFF,"1.0000, 1.0000, 1.0000",False
3,594.95996,841.91998,rect,498.02687048087955,499.04221578257346,629.5140847462457,659.9744437970638,1.0153453016939125,30.46035905081817,True,False,"1.0000, 1.0000, 1.0000",#FFFFFF,"1.0000, 1.0000, 1.0000",False
3,594.95996,841.91998,rect,523.9181756740751,575.7007860604663,629.5140847462457,659.9744437970638,51.782610386391184,30.46035905081817,True,False,"0.9569, 0.9686, 0.9725",#F4F7F8,"0.9569, 0.9686, 0.9725",False
3,594.95996,841.91998,rect,523.9181756740751,524.933520975769,629.5140847462457,659.9744437970638,1.0153453016939693,30.46035905081817,True,False,"1.0000, 1.0000, 1.0000",#FFFFFF,"1.0000, 1.0000, 1.0000",False
3,594.95996,841.91998,rect,549.8094808672706,550.8248261689646,629.5140847462457,659.9744437970638,1.0153453016939693,30.46035905081817,True,False,"1.0000, 1.0000, 1.0000",#FFFFFF,"1.0000, 1.0000, 1.0000",False
3,594.95996,841.91998,rect,92.3964224541489,115.74936439310962,660.9897890987576,691.4501481495762,23.35294193896071,30.460359050818624,True,False,"0.9569, 0.9686, 0.9725",#F4F7F8,"0.9569, 0.9686, 0.9725",False
3,594.95996,841.91998,rect,92.3964224541489,93.41176775584285,660.9897890987576,691.4501481495762,1.0153453016939409,30.460359050818624,True,False,"1.0000, 1.0000, 1.0000",#FFFFFF,"1.0000, 1.0000, 1.0000",False
3,594.95996,841.91998,rect,115.74936439310962,161.43990296933708,660.9897890987576,691.4501481495762,45.69053857622747,30.460359050818624,True,False,"0.9569, 0.9686, 0.9725",#F4F7F8,"0.9569, 0.9686, 0.9725",False
3,594.95996,841.91998,rect,115.74936439310962,116.76470969480356,660.9897890987576,691.4501481495762,1.0153453016939409,30.460359050818624,True,False,"1.0000, 1.0000, 1.0000",#FFFFFF,"1.0000, 1.0000, 1.0000",False
3,594.95996,841.91998,rect,161.43990296933708,213.22251335572824,660.9897890987576,691.4501481495762,51.782610386391156,30.460359050818624,True,False,"0.9569, 0.9686, 0.9725",#F4F7F8,"0.9569, 0.9686, 0.9725",False
3,594.95996,841.91998,rect,161.43990296933708,162.45524827103105,660.9897890987576,691.4501481495762,1.0153453016939693,30.460359050818624,True,False,"1.0000, 1.0000, 1.0000",#FFFFFF,"1.0000, 1.0000, 1.0000",False
3,594.95996,841.91998,rect,187.33120816253268,188.34655346422662,660.9897890987576,691.4501481495762,1.0153453016939409,30.460359050818624,True,False,"1.0000, 1.0000, 1.0000",#FFFFFF,"1.0000, 1.0000, 1.0000",False
3,594.95996,841.91998,rect,213.22251335572824,316.7877341285105,660.9897890987576,691.4501481495762,103.56522077278228,30.460359050818624,True,False,"0.9569, 0.9686, 0.9725",#F4F7F8,"0.9569, 0.9686, 0.9725",False
3,594.95996,841.91998,rect,213.22251335572824,214.23785865742218,660.9897890987576,691.4501481495762,1.0153453016939409,30.460359050818624,True,False,"1.0000, 1.0000, 1.0000",#FFFFFF,"1.0000, 1.0000, 1.0000",False
3,594.95996,841.91998,rect,239.1138185489238,240.12916385061774,660.9897890987576,691.4501481495762,1.0153453016939409,30.460359050818624,True,False,"1.0000, 1.0000, 1.0000",#FFFFFF,"1.0000, 1.0000, 1.0000",False
3,594.95996,841.91998,rect,265.0051237421194,266.0204690438133,660.9897890987576,691.4501481495762,1.0153453016939125,30.460359050818624,True,False,"1.0000, 1.0000, 1.0000",#FFFFFF,"1.0000, 1.0000, 1.0000",False
3,594.95996,841.91998,rect,290.89642893531493,291.9117742370089,660.9897890987576,691.4501481495762,1.0153453016939693,30.460359050818624,True,False,"1.0000, 1.0000, 1.0000",#FFFFFF,"1.0000, 1.0000, 1.0000",False
3,594.95996,841.91998,rect,316.7877341285105,420.35295490129283,660.9897890987576,691.4501481495762,103.56522077278231,30.460359050818624,True,False,"0.9569, 0.9686, 0.9725",#F4F7F8,"0.9569, 0.9686, 0.9725",False
3,594.95996,841.91998,rect,316.7877341285105,317.8030794302045,660.9897890987576,691.4501481495762,1.0153453016939693,30.460359050818624,True,False,"1.0000, 1.0000, 1.0000",#FFFFFF,"1.0000, 1.0000, 1.0000",False
3,594.95996,841.91998,rect,342.6790393217061,343.6943846234,660.9897890987576,691.4501481495762,1.0153453016939125,30.460359050818624,True,False,"1.0000, 1.0000, 1.0000",#FFFFFF,"1.0000, 1.0000, 1.0000",False
3,594.95996,841.91998,rect,368.57034451490165,369.5856898165956,660.9897890987576,691.4501481495762,1.0153453016939693,30.460359050818624,True,False,"1.0000, 1.0000, 1.0000",#FFFFFF,"1.0000, 1.0000, 1.0000",False
3,594.95996,841.91998,rect,394.46164970809724,395.4769950097912,660.9897890987576,691.4501481495762,1.0153453016939693,30.460359050818624,True,False,"1.0000, 1.0000, 1.0000",#FFFFFF,"1.0000, 1.0000, 1.0000",False
3,594.95996,841.91998,rect,420.35295490129283,523.9181756740751,660.9897890987576,691.4501481495762,103.56522077278225,30.460359050818624,True,False,"0.9569, 0.9686, 0.9725",#F4F7F8,"0.9569, 0.9686, 0.9725",False
3,594.95996,841.91998,rect,420.35295490129283,421.36830020298675,660.9897890987576,691.4501481495762,1.0153453016939125,30.460359050818624,True,False,"1.0000, 1.0000, 1.0000",#FFFFFF,"1.0000, 1.0000, 1.0000",False
3,594.95996,841.91998,rect,446.24426009448837,447.25960539618234,660.9897890987576,691.4501481495762,1.0153453016939693,30.460359050818624,True,False,"1.0000, 1.0000, 1.0000",#FFFFFF,"1.0000, 1.0000, 1.0000",False
3,594.95996,841.91998,rect,472.13556528768396,473.1509105893779,660.9897890987576,691.4501481495762,1.0153453016939125,30.460359050818624,True,False,"1.0000, 1.0000, 1.0000",#FFFFFF,"1.0000, 1.0000, 1.0000",False
3,594.95996,841.91998,rect,498.02687048087955,499.04221578257346,660.9897890987576,691.4501481495762,1.0153453016939125,30.460359050818624,True,False,"1.0000, 1.0000, 1.0000",#FFFFFF,"1.0000, 1.0000, 1.0000",False
3,594.95996,841.91998,rect,523.9181756740751,575.7007860604663,660.9897890987576,691.4501481495762,51.782610386391184,30.460359050818624,True,False,"0.9569, 0.9686, 0.9725",#F4F7F8,"0.9569, 0.9686, 0.9725",False
3,594.95996,841.91998,rect,523.9181756740751,524.933520975769,660.9897890987576,691.4501481495762,1.0153453016939693,30.460359050818624,True,False,"1.0000, 1.0000, 1.0000",#FFFFFF,"1.0000, 1.0000, 1.0000",False
3,594.95996,841.91998,rect,549.8094808672706,550.8248261689646,660.9897890987576,691.4501481495762,1.0153453016939693,30.460359050818624,True,False,"1.0000, 1.0000, 1.0000",#FFFFFF,"1.0000, 1.0000, 1.0000",False
3,594.95996,841.91998,rect,92.3964224541489,115.74936439310962,692.4654934512699,722.9258525020886,23.35294193896071,30.460359050818624,True,False,"0.9569, 0.9686, 0.9725",#F4F7F8,"0.9569, 0.9686, 0.9725",False
3,594.95996,841.91998,rect,92.3964224541489,93.41176775584285,692.4654934512699,722.9258525020886,1.0153453016939409,30.460359050818624,True,False,"1.0000, 1.0000, 1.0000",#FFFFFF,"1.0000, 1.0000, 1.0000",False
3,594.95996,841.91998,rect,115.74936439310962,161.43990296933708,692.4654934512699,722.9258525020886,45.69053857622747,30.460359050818624,True,False,"0.9569, 0.9686, 0.9725",#F4F7F8,"0.9569, 0.9686, 0.9725",False
3,594.95996,841.91998,rect,115.74936439310962,116.76470969480356,692.4654934512699,722.9258525020886,1.0153453016939409,30.460359050818624,True,False,"1.0000, 1.0000, 1.0000",#FFFFFF,"1.0000, 1.0000, 1.0000",False
3,594.95996,841.91998,rect,161.43990296933708,213.22251335572824,692.4654934512699,722.9258525020886,51.782610386391156,30.460359050818624,True,False,"0.9569, 0.9686, 0.9725",#F4F7F8,"0.9569, 0.9686, 0.9725",False
3,594.95996,841.91998,rect,161.43990296933708,162.45524827103105,692.4654934512699,722.9258525020886,1.0153453016939693,30.460359050818624,True,False,"1.0000, 1.0000, 1.0000",#FFFFFF,"1.0000, 1.0000, 1.0000",False
3,594.95996,841.91998,rect,187.33120816253268,188.34655346422662,692.4654934512699,722.9258525020886,1.0153453016939409,30.460359050818624,True,False,"1.0000, 1.0000, 1.0000",#FFFFFF,"1.0000, 1.0000, 1.0000",False
3,594.95996,841.91998,rect,213.22251335572824,316.7877341285105,692.4654934512699,722.9258525020886,103.56522077278228,30.460359050818624,True,False,"0.9569, 0.9686, 0.9725",#F4F7F8,"0.9569, 0.9686, 0.9725",False
3,594.95996,841.91998,rect,213.22251335572824,214.23785865742218,692.4654934512699,722.9258525020886,1.0153453016939409,30.460359050818624,True,False,"1.0000, 1.0000, 1.0000",#FFFFFF,"1.0000, 1.0000, 1.0000",False
3,594.95996,841.91998,rect,239.1138185489238,240.12916385061774,692.4654934512699,722.9258525020886,1.0153453016939409,30.460359050818624,True,False,"1.0000, 1.0000, 1.0000",#FFFFFF,"1.0000, 1.0000, 1.0000",False
3,594.95996,841.91998,rect,265.0051237421194,266.0204690438133,692.4654934512699,722.9258525020886,1.0153453016939125,30.460359050818624,True,False,"1.0000, 1.0000, 1.0000",#FFFFFF,"1.0000, 1.0000, 1.0000",False
3,594.95996,841.91998,rect,290.89642893531493,291.9117742370089,692.4654934512699,722.9258525020886,1.0153453016939693,30.460359050818624,True,False,"1.0000, 1.0000, 1.0000",#FFFFFF,"1.0000, 1.0000, 1.0000",False
3,594.95996,841.91998,rect,316.7877341285105,420.35295490129283,692.4654934512699,722.9258525020886,103.56522077278231,30.460359050818624,True,False,"0.9569, 0.9686, 0.9725",#F4F7F8,"0.9569, 0.9686, 0.9725",False
3,594.95996,841.91998,rect,316.7877341285105,317.8030794302045,692.4654934512699,722.9258525020886,1.0153453016939693,30.460359050818624,True,False,"1.0000, 1.0000, 1.0000",#FFFFFF,"1.0000, 1.0000, 1.0000",False
3,594.95996,841.91998,rect,342.6790393217061,343.6943846234,692.4654934512699,722.9258525020886,1.0153453016939125,30.460359050818624,True,False,"1.0000, 1.0000, 1.0000",#FFFFFF,"1.0000, 1.0000, 1.0000",False
3,594.95996,841.91998,rect,368.57034451490165,369.5856898165956,692.4654934512699,722.9258525020886,1.0153453016939693,30.460359050818624,True,False,"1.0000, 1.0000, 1.0000",#FFFFFF,"1.0000, 1.0000, 1.0000",False
3,594.95996,841.91998,rect,394.46164970809724,395.4769950097912,692.4654934512699,722.9258525020886,1.0153453016939693,30.460359050818624,True,False,"1.0000, 1.0000, 1.0000",#FFFFFF,"1.0000, 1.0000, 1.0000",False
3,594.95996,841.91998,rect,420.35295490129283,523.9181756740751,692.4654934512699,722.9258525020886,103.56522077278225,30.460359050818624,True,False,"0.9569, 0.9686, 0.9725",#F4F7F8,"0.9569, 0.9686, 0.9725",False
3,594.95996,841.91998,rect,420.35295490129283,421.36830020298675,692.4654934512699,722.9258525020886,1.0153453016939125,30.460359050818624,True,False,"1.0000, 1.0000, 1.0000",#FFFFFF,"1.0000, 1.0000, 1.0000",False
3,594.95996,841.91998,rect,446.24426009448837,447.25960539618234,692.4654934512699,722.9258525020886,1.0153453016939693,30.460359050818624,True,False,"1.0000, 1.0000, 1.0000",#FFFFFF,"1.0000, 1.0000, 1.0000",False
3,594.95996,841.91998,rect,472.13556528768396,473.1509105893779,692.4654934512699,722.9258525020886,1.0153453016939125,30.460359050818624,True,False,"1.0000, 1.0000, 1.0000",#FFFFFF,"1.0000, 1.0000, 1.0000",False
3,594.95996,841.91998,rect,498.02687048087955,499.04221578257346,692.4654934512699,722.9258525020886,1.0153453016939125,30.460359050818624,True,False,"1.0000, 1.0000, 1.0000",#FFFFFF,"1.0000, 1.0000, 1.0000",False
3,594.95996,841.91998,rect,523.9181756740751,575.7007860604663,692.4654934512699,722.9258525020886,51.782610386391184,30.460359050818624,True,False,"0.9569, 0.9686, 0.9725",#F4F7F8,"0.9569, 0.9686, 0.9725",False
3,594.95996,841.91998,rect,523.9181756740751,524.933520975769,692.4654934512699,722.9258525020886,1.0153453016939693,30.460359050818624,True,False,"1.0000, 1.0000, 1.0000",#FFFFFF,"1.0000, 1.0000, 1.0000",False
3,594.95996,841.91998,rect,549.8094808672706,550.8248261689646,692.4654934512699,722.9258525020886,1.0153453016939693,30.460359050818624,True,False,"1.0000, 1.0000, 1.0000",#FFFFFF,"1.0000, 1.0000, 1.0000",False
3,594.95996,841.91998,rect,92.3964224541489,115.74936439310962,723.9411978037823,754.4015568546005,23.35294193896071,30.46035905081817,True,False,"0.9569, 0.9686, 0.9725",#F4F7F8,"0.9569, 0.9686, 0.9725",False
3,594.95996,841.91998,rect,92.3964224541489,93.41176775584285,723.9411978037823,754.4015568546005,1.0153453016939409,30.46035905081817,True,False,"1.0000, 1.0000, 1.0000",#FFFFFF,"1.0000, 1.0000, 1.0000",False
3,594.95996,841.91998,rect,115.74936439310962,161.43990296933708,723.9411978037823,754.4015568546005,45.69053857622747,30.46035905081817,True,False,"0.9569, 0.9686, 0.9725",#F4F7F8,"0.9569, 0.9686, 0.9725",False
3,594.95996,841.91998,rect,115.74936439310962,116.76470969480356,723.9411978037823,754.4015568546005,1.0153453016939409,30.46035905081817,True,False,"1.0000, 1.0000, 1.0000",#FFFFFF,"1.0000, 1.0000, 1.0000",False
3,594.95996,841.91998,rect,161.43990296933708,213.22251335572824,723.9411978037823,754.4015568546005,51.782610386391156,30.46035905081817,True,False,"0.9569, 0.9686, 0.9725",#F4F7F8,"0.9569, 0.9686, 0.9725",False
3,594.95996,841.91998,rect,161.43990296933708,162.45524827103105,723.9411978037823,754.4015568546005,1.0153453016939693,30.46035905081817,True,False,"1.0000, 1.0000, 1.0000",#FFFFFF,"1.0000, 1.0000, 1.0000",False
3,594.95996,841.91998,rect,187.33120816253268,188.34655346422662,723.9411978037823,754.4015568546005,1.0153453016939409,30.46035905081817,True,False,"1.0000, 1.0000, 1.0000",#FFFFFF,"1.0000, 1.0000, 1.0000",False
3,594.95996,841.91998,rect,213.22251335572824,316.7877341285105,723.9411978037823,754.4015568546005,103.56522077278228,30.46035905081817,True,False,"0.9569, 0.9686, 0.9725",#F4F7F8,"0.9569, 0.9686, 0.9725",False
3,594.95996,841.91998,rect,213.22251335572824,214.23785865742218,723.9411978037823,754.4015568546005,1.0153453016939409,30.46035905081817,True,False,"1.0000, 1.0000, 1.0000",#FFFFFF,"1.0000, 1.0000, 1.0000",False
3,594.95996,841.91998,rect,239.1138185489238,240.12916385061774,723.9411978037823,754.4015568546005,1.0153453016939409,30.46035905081817,True,False,"1.0000, 1.0000, 1.0000",#FFFFFF,"1.0000, 1.0000, 1.0000",False
3,594.95996,841.91998,rect,265.0051237421194,266.0204690438133,723.9411978037823,754.4015568546005,1.0153453016939125,30.46035905081817,True,False,"1.0000, 1.0000, 1.0000",#FFFFFF,"1.0000, 1.0000, 1.0000",False
3,594.95996,841.91998,rect,290.89642893531493,291.9117742370089,723.9411978037823,754.4015568546005,1.0153453016939693,30.46035905081817,True,False,"1.0000, 1.0000, 1.0000",#FFFFFF,"1.0000, 1.0000, 1.0000",False
3,594.95996,841.91998,rect,316.7877341285105,420.35295490129283,723.9411978037823,754.4015568546005,103.56522077278231,30.46035905081817,True,False,"0.9569, 0.9686, 0.9725",#F4F7F8,"0.9569, 0.9686, 0.9725",False
3,594.95996,841.91998,rect,316.7877341285105,317.8030794302045,723.9411978037823,754.4015568546005,1.0153453016939693,30.46035905081817,True,False,"1.0000, 1.0000, 1.0000",#FFFFFF,"1.0000, 1.0000, 1.0000",False
3,594.95996,841.91998,rect,342.6790393217061,343.6943846234,723.9411978037823,754.4015568546005,1.0153453016939125,30.46035905081817,True,False,"1.0000, 1.0000, 1.0000",#FFFFFF,"1.0000, 1.0000, 1.0000",False
3,594.95996,841.91998,rect,368.57034451490165,369.5856898165956,723.9411978037823,754.4015568546005,1.0153453016939693,30.46035905081817,True,False,"1.0000, 1.0000, 1.0000",#FFFFFF,"1.0000, 1.0000, 1.0000",False
3,594.95996,841.91998,rect,394.46164970809724,395.4769950097912,723.9411978037823,754.4015568546005,1.0153453016939693,30.46035905081817,True,False,"1.0000, 1.0000, 1.0000",#FFFFFF,"1.0000, 1.0000, 1.0000",False
3,594.95996,841.91998,rect,420.35295490129283,523.9181756740751,723.9411978037823,754.4015568546005,103.56522077278225,30.46035905081817,True,False,"0.9569, 0.9686, 0.9725",#F4F7F8,"0.9569, 0.9686, 0.9725",False
3,594.95996,841.91998,rect,420.35295490129283,421.36830020298675,723.9411978037823,754.4015568546005,1.0153453016939125,30.46035905081817,True,False,"1.0000, 1.0000, 1.0000",#FFFFFF,"1.0000, 1.0000, 1.0000",False
3,594.95996,841.91998,rect,446.24426009448837,447.25960539618234,723.9411978037823,754.4015568546005,1.0153453016939693,30.46035905081817,True,False,"1.0000, 1.0000, 1.0000",#FFFFFF,"1.0000, 1.0000, 1.0000",False
3,594.95996,841.91998,rect,472.13556528768396,473.1509105893779,723.9411978037823,754.4015568546005,1.0153453016939125,30.46035905081817,True,False,"1.0000, 1.0000, 1.0000",#FFFFFF,"1.0000, 1.0000, 1.0000",False
3,594.95996,841.91998,rect,498.02687048087955,499.04221578257346,723.9411978037823,754.4015568546005,1.0153453016939125,30.46035905081817,True,False,"1.0000, 1.0000, 1.0000",#FFFFFF,"1.0000, 1.0000, 1.0000",False
3,594.95996,841.91998,rect,523.9181756740751,575.7007860604663,723.9411978037823,754.4015568546005,51.782610386391184,30.46035905081817,True,False,"0.9569, 0.9686, 0.9725",#F4F7F8,"0.9569, 0.9686, 0.9725",False
3,594.95996,841.91998,rect,523.9181756740751,524.933520975769,723.9411978037823,754.4015568546005,1.0153453016939693,30.46035905081817,True,False,"1.0000, 1.0000, 1.0000",#FFFFFF,"1.0000, 1.0000, 1.0000",False
3,594.95996,841.91998,rect,549.8094808672706,550.8248261689646,723.9411978037823,754.4015568546005,1.0153453016939693,30.46035905081817,True,False,"1.0000, 1.0000, 1.0000",#FFFFFF,"1.0000, 1.0000, 1.0000",False
3,594.95996,841.91998,rect,92.3964224541489,115.74936439310962,755.4169021562947,785.8772612071128,23.35294193896071,30.46035905081817,True,False,"0.9569, 0.9686, 0.9725",#F4F7F8,"0.9569, 0.9686, 0.9725",False
3,594.95996,841.91998,rect,92.3964224541489,93.41176775584285,755.4169021562947,785.8772612071128,1.0153453016939409,30.46035905081817,True,False,"1.0000, 1.0000, 1.0000",#FFFFFF,"1.0000, 1.0000, 1.0000",False
3,594.95996,841.91998,rect,115.74936439310962,161.43990296933708,755.4169021562947,785.8772612071128,45.69053857622747,30.46035905081817,True,False,"0.9569, 0.9686, 0.9725",#F4F7F8,"0.9569, 0.9686, 0.9725",False
3,594.95996,841.91998,rect,115.74936439310962,116.76470969480356,755.4169021562947,785.8772612071128,1.0153453016939409,30.46035905081817,True,False,"1.0000, 1.0000, 1.0000",#FFFFFF,"1.0000, 1.0000, 1.0000",False
3,594.95996,841.91998,rect,161.43990296933708,213.22251335572824,755.4169021562947,785.8772612071128,51.782610386391156,30.46035905081817,True,False,"0.9569, 0.9686, 0.9725",#F4F7F8,"0.9569, 0.9686, 0.9725",False
3,594.95996,841.91998,rect,161.43990296933708,162.45524827103105,755.4169021562947,785.8772612071128,1.0153453016939693,30.46035905081817,True,False,"1.0000, 1.0000, 1.0000",#FFFFFF,"1.0000, 1.0000, 1.0000",False
3,594.95996,841.91998,rect,187.33120816253268,188.34655346422662,755.4169021562947,785.8772612071128,1.0153453016939409,30.46035905081817,True,False,"1.0000, 1.0000, 1.0000",#FFFFFF,"1.0000, 1.0000, 1.0000",False
3,594.95996,841.91998,rect,213.22251335572824,316.7877341285105,755.4169021562947,785.8772612071128,103.56522077278228,30.46035905081817,True,False,"0.9569, 0.9686, 0.9725",#F4F7F8,"0.9569, 0.9686, 0.9725",False
3,594.95996,841.91998,rect,213.22251335572824,214.23785865742218,755.4169021562947,785.8772612071128,1.0153453016939409,30.46035905081817,True,False,"1.0000, 1.0000, 1.0000",#FFFFFF,"1.0000, 1.0000, 1.0000",False
3,594.95996,841.91998,rect,239.1138185489238,240.12916385061774,755.4169021562947,785.8772612071128,1.0153453016939409,30.46035905081817,True,False,"1.0000, 1.0000, 1.0000",#FFFFFF,"1.0000, 1.0000, 1.0000",False
3,594.95996,841.91998,rect,265.0051237421194,266.0204690438133,755.4169021562947,785.8772612071128,1.0153453016939125,30.46035905081817,True,False,"1.0000, 1.0000, 1.0000",#FFFFFF,"1.0000, 1.0000, 1.0000",False
3,594.95996,841.91998,rect,290.89642893531493,291.9117742370089,755.4169021562947,785.8772612071128,1.0153453016939693,30.46035905081817,True,False,"1.0000, 1.0000, 1.0000",#FFFFFF,"1.0000, 1.0000, 1.0000",False
3,594.95996,841.91998,rect,316.7877341285105,420.35295490129283,755.4169021562947,785.8772612071128,103.56522077278231,30.46035905081817,True,False,"0.9569, 0.9686, 0.9725",#F4F7F8,"0.9569, 0.9686, 0.9725",False
3,594.95996,841.91998,rect,316.7877341285105,317.8030794302045,755.4169021562947,785.8772612071128,1.0153453016939693,30.46035905081817,True,False,"1.0000, 1.0000, 1.0000",#FFFFFF,"1.0000, 1.0000, 1.0000",False
3,594.95996,841.91998,rect,342.6790393217061,343.6943846234,755.4169021562947,785.8772612071128,1.0153453016939125,30.46035905081817,True,False,"1.0000, 1.0000, 1.0000",#FFFFFF,"1.0000, 1.0000, 1.0000",False
3,594.95996,841.91998,rect,368.57034451490165,369.5856898165956,755.4169021562947,785.8772612071128,1.0153453016939693,30.46035905081817,True,False,"1.0000, 1.0000, 1.0000",#FFFFFF,"1.0000, 1.0000, 1.0000",False
3,594.95996,841.91998,rect,394.46164970809724,395.4769950097912,755.4169021562947,785.8772612071128,1.0153453016939693,30.46035905081817,True,False,"1.0000, 1.0000, 1.0000",#FFFFFF,"1.0000, 1.0000, 1.0000",False
3,594.95996,841.91998,rect,420.35295490129283,523.9181756740751,755.4169021562947,785.8772612071128,103.56522077278225,30.46035905081817,True,False,"0.9569, 0.9686, 0.9725",#F4F7F8,"0.9569, 0.9686, 0.9725",False
3,594.95996,841.91998,rect,420.35295490129283,421.36830020298675,755.4169021562947,785.8772612071128,1.0153453016939125,30.46035905081817,True,False,"1.0000, 1.0000, 1.0000",#FFFFFF,"1.0000, 1.0000, 1.0000",False
3,594.95996,841.91998,rect,446.24426009448837,447.25960539618234,755.4169021562947,785.8772612071128,1.0153453016939693,30.46035905081817,True,False,"1.0000, 1.0000, 1.0000",#FFFFFF,"1.0000, 1.0000, 1.0000",False
3,594.95996,841.91998,rect,472.13556528768396,473.1509105893779,755.4169021562947,785.8772612071128,1.0153453016939125,30.46035905081817,True,False,"1.0000, 1.0000, 1.0000",#FFFFFF,"1.0000, 1.0000, 1.0000",False
3,594.95996,841.91998,rect,498.02687048087955,499.04221578257346,755.4169021562947,785.8772612071128,1.0153453016939125,30.46035905081817,True,False,"1.0000, 1.0000, 1.0000",#FFFFFF,"1.0000, 1.0000, 1.0000",False
3,594.95996,841.91998,rect,523.9181756740751,575.7007860604663,755.4169021562947,785.8772612071128,51.782610386391184,30.46035905081817,True,False,"0.9569, 0.9686, 0.9725",#F4F7F8,"0.9569, 0.9686, 0.9725",False
3,594.95996,841.91998,rect,523.9181756740751,524.933520975769,755.4169021562947,785.8772612071128,1.0153453016939693,30.46035905081817,True,False,"1.0000, 1.0000, 1.0000",#FFFFFF,"1.0000, 1.0000, 1.0000",False
3,594.95996,841.91998,rect,549.8094808672706,550.8248261689646,755.4169021562947,785.8772612071128,1.0153453016939693,30.46035905081817,True,False,"1.0000, 1.0000, 1.0000",#FFFFFF,"1.0000, 1.0000, 1.0000",False
3,594.95996,841.91998,rect,162.9629236098779,264.4974537792723,121.84147892327144,129.96424133682297,101.5345301693944,8.122762413551527,True,False,"0.8667, 0.0000, 0.1882",#DD0030,"0.8667, 0.0000, 0.1882",True
3,594.95996,841.91998,rect,162.9629236098779,264.4974537792723,121.84147892327144,129.96424133682297,101.5345301693944,8.122762413551527,True,False,"0.8667, 0.0000, 0.1882",#DD0030,"0.8667, 0.0000, 0.1882",True
3,594.95996,841.91998,rect,162.9629236098779,264.4974537792723,121.84147892327144,129.96424133682297,101.5345301693944,8.122762413551527,True,False,"0.8667, 0.0000, 0.1882",#DD0030,"0.8667, 0.0000, 0.1882",True
3,594.95996,841.91998,rect,162.9629236098779,264.4974537792723,122.0954253126904,132.7565517484768,101.5345301693944,10.6611264357864,True,False,"0.9490, 0.9647, 0.9686",#F2F6F7,"0.9490, 0.9647, 0.9686",False
3,594.95996,841.91998,rect,343.6943712794006,574.6854274147729,122.0954253126904,132.7565517484768,230.99105613537228,10.6611264357864,True,False,"0.9490, 0.9647, 0.9686",#F2F6F7,"0.9490, 0.9647, 0.9686",False
3,594.95996,841.91998,rect,188.8542257310736,316.28006109366356,153.31710321178707,161.4398656253386,127.42583536258996,8.122762413551527,True,False,"0.8667, 0.0000, 0.1882",#DD0030,"0.8667, 0.0000, 0.1882",True
3,594.95996,841.91998,rect,188.8542257310736,316.28006109366356,153.31710321178707,161.4398656253386,127.42583536258996,8.122762413551527,True,False,"0.8667, 0.0000, 0.1882",#DD0030,"0.8667, 0.0000, 0.1882",True
3,594.95996,841.91998,rect,188.8542257310736,316.28006109366356,153.31710321178707,161.4398656253386,127.42583536258996,8.122762413551527,True,False,"0.8667, 0.0000, 0.1882",#DD0030,"0.8667, 0.0000, 0.1882",True
3,594.95996,841.91998,rect,188.8542257310736,316.28006109366356,153.57093200121096,164.23205843699736,127.42583536258996,10.6611264357864,True,False,"0.9490, 0.9647, 0.9686",#F2F6F7,"0.9490, 0.9647, 0.9686",False
3,594.95996,841.91998,rect,395.4770331217896,574.6854788707707,153.57093200121096,164.23205843699736,179.2084457489811,10.6611264357864,True,False,"0.9490, 0.9647, 0.9686",#F2F6F7,"0.9490, 0.9647, 0.9686",False
3,594.95996,841.91998,rect,292.4194510158557,497.5192019580324,325.9257296197608,334.0484920333123,205.09975094217668,8.122762413551527,True,False,"0.8667, 0.0000, 0.1882",#DD0030,"0.8667, 0.0000, 0.1882",True
3,594.95996,841.91998,rect,292.4194510158557,497.5192019580324,325.9257296197608,334.0484920333123,205.09975094217668,8.122762413551527,True,False,"0.8667, 0.0000, 0.1882",#DD0030,"0.8667, 0.0000, 0.1882",True
3,594.95996,841.91998,rect,292.4194510158557,497.5192019580324,325.9257296197608,334.0484920333123,205.09975094217668,8.122762413551527,True,False,"0.8667, 0.0000, 0.1882",#DD0030,"0.8667, 0.0000, 0.1882",True
3,594.95996,841.91998,rect,292.41947981585446,497.51923075803114,326.1797912091748,336.8409176449612,205.09975094217668,10.6611264357864,True,False,"0.9490, 0.9647, 0.9686",#F2F6F7,"0.9490, 0.9647, 0.9686",False
3,594.95996,841.91998,rect,499.04225120657196,574.6854761827708,326.1797912091748,336.8409176449612,75.64322497619884,10.6611264357864,True,False,"0.9490, 0.9647, 0.9686",#F2F6F7,"0.9490, 0.9647, 0.9686",False
3,594.95996,841.91998,rect,344.20205525824707,419.8452802344459,451.828685173804,459.9514475873555,75.64322497619884,8.122762413551527,True,False,"0.8667, 0.0000, 0.1882",#DD0030,"0.8667, 0.0000, 0.1882",True
3,594.95996,841.91998,rect,344.20205525824707,419.8452802344459,451.828685173804,459.9514475873555,75.64322497619884,8.122762413551527,True,False,"0.8667, 0.0000, 0.1882",#DD0030,"0.8667, 0.0000, 0.1882",True
3,594.95996,841.91998,rect,344.20205525824707,419.8452802344459,451.828685173804,459.9514475873555,75.64322497619884,8.122762413551527,True,False,"0.8667, 0.0000, 0.1882",#DD0030,"0.8667, 0.0000, 0.1882",True
3,594.95996,841.91998,rect,344.20205525824707,419.8452802344459,452.082509163228,462.7436355990144,75.64322497619884,10.6611264357864,True,False,"0.9490, 0.9647, 0.9686",#F2F6F7,"0.9490, 0.9647, 0.9686",False
3,594.95996,841.91998,rect,421.368294442987,574.6854349987725,452.082509163228,462.7436355990144,153.3171405557855,10.6611264357864,True,False,"0.9490, 0.9647, 0.9686",#F2F6F7,"0.9490, 0.9647, 0.9686",False
3,594.95996,841.91998,rect,162.4552516310309,289.8810869936209,515.034002540249,525.6951289760354,127.42583536258999,10.6611264357864,True,False,"0.9490, 0.9647, 0.9686",#F2F6F7,"0.9490, 0.9647, 0.9686",False
3,594.95996,841.91998,rect,291.9117646370093,445.22890519279485,515.034002540249,525.6951289760354,153.31714055578556,10.6611264357864,True,False,"0.9490, 0.9647, 0.9686",#F2F6F7,"0.9490, 0.9647, 0.9686",False
3,594.95996,841.91998,rect,16.245524827103104,92.3964224541489,-2.3039998495733016e-06,1.0153429976941197,76.1508976270458,1.0153453016939693,True,False,"1.0000, 1.0000, 1.0000",#FFFFFF,"1.0000, 1.0000, 1.0000",False
3,594.95996,841.91998,rect,16.245524827103104,92.3964224541489,21.32224903157305,46.7058815739216,76.1508976270458,25.38363254234855,True,False,"0.5333, 0.5451, 0.5529",#888B8D,"0.5333, 0.5451, 0.5529",False
3,594.95996,841.91998,rect,16.245524827103104,92.3964224541489,46.7058815739216,47.72122687561557,76.1508976270458,1.0153453016939693,True,False,"1.0000, 1.0000, 1.0000",#FFFFFF,"1.0000, 1.0000, 1.0000",False
3,594.95996,841.91998,rect,16.245524827103104,92.3964224541489,78.18158592643397,79.19693122812794,76.1508976270458,1.0153453016939693,True,False,"1.0000, 1.0000, 1.0000",#FFFFFF,"1.0000, 1.0000, 1.0000",False
3,594.95996,841.91998,rect,16.245524827103104,92.3964224541489,109.6572902789461,110.67263558064008,76.1508976270458,1.0153453016939693,True,False,"1.0000, 1.0000, 1.0000",#FFFFFF,"1.0000, 1.0000, 1.0000",False
3,594.95996,841.91998,rect,16.245524827103104,92.3964224541489,141.13299463145847,142.14833993315244,76.1508976270458,1.0153453016939693,True,False,"1.0000, 1.0000, 1.0000",#FFFFFF,"1.0000, 1.0000, 1.0000",False
3,594.95996,841.91998,rect,16.245524827103104,92.3964224541489,172.6086989839706,173.62404428566458,76.1508976270458,1.0153453016939693,True,False,"1.0000, 1.0000, 1.0000",#FFFFFF,"1.0000, 1.0000, 1.0000",False
3,594.95996,841.91998,rect,16.245524827103104,92.3964224541489,204.08440333648298,205.09974863817695,76.1508976270458,1.0153453016939693,True,False,"1.0000, 1.0000, 1.0000",#FFFFFF,"1.0000, 1.0000, 1.0000",False
3,594.95996,841.91998,rect,16.245524827103104,92.3964224541489,235.56010768899512,236.5754529906891,76.1508976270458,1.0153453016939693,True,False,"1.0000, 1.0000, 1.0000",#FFFFFF,"1.0000, 1.0000, 1.0000",False
3,594.95996,841.91998,rect,16.245524827103104,92.3964224541489,267.0358120415075,268.05115734320145,76.1508976270458,1.0153453016939693,True,False,"1.0000, 1.0000, 1.0000",#FFFFFF,"1.0000, 1.0000, 1.0000",False
3,594.95996,841.91998,rect,16.245524827103104,92.3964224541489,288.3580633770804,313.74169591942893,76.1508976270458,25.38363254234855,True,False,"0.5333, 0.5451, 0.5529",#888B8D,"0.5333, 0.5451, 0.5529",False
3,594.95996,841.91998,rect,16.245524827103104,92.3964224541489,313.74169591942893,314.7570412211229,76.1508976270458,1.0153453016939693,True,False,"1.0000, 1.0000, 1.0000",#FFFFFF,"1.0000, 1.0000, 1.0000",False
3,594.95996,841.91998,rect,16.245524827103104,92.3964224541489,345.2174002719411,346.23274557363504,76.1508976270458,1.0153453016939693,True,False,"1.0000, 1.0000, 1.0000",#FFFFFF,"1.0000, 1.0000, 1.0000",False
3,594.95996,841.91998,rect,16.245524827103104,92.3964224541489,376.69310462445344,377.7084499261472,76.1508976270458,1.015345301693742,True,False,"1.0000, 1.0000, 1.0000",#FFFFFF,"1.0000, 1.0000, 1.0000",False
3,594.95996,841.91998,rect,16.245524827103104,92.3964224541489,408.1688089769658,409.18415427865955,76.1508976270458,1.015345301693742,True,False,"1.0000, 1.0000, 1.0000",#FFFFFF,"1.0000, 1.0000, 1.0000",False
3,594.95996,841.91998,rect,16.245524827103104,92.3964224541489,439.6445133294782,440.6598586311719,76.1508976270458,1.015345301693742,True,False,"1.0000, 1.0000, 1.0000",#FFFFFF,"1.0000, 1.0000, 1.0000",False
3,594.95996,841.91998,rect,16.245524827103104,92.3964224541489,471.1202176819901,472.1355629836843,76.1508976270458,1.0153453016941967,True,False,"1.0000, 1.0000, 1.0000",#FFFFFF,"1.0000, 1.0000, 1.0000",False
3,594.95996,841.91998,rect,16.245524827103104,92.3964224541489,502.59592203450245,503.61126733619665,76.1508976270458,1.0153453016941967,True,False,"1.0000, 1.0000, 1.0000",#FFFFFF,"1.0000, 1.0000, 1.0000",False
3,594.95996,841.91998,rect,16.245524827103104,92.3964224541489,534.0716263870148,535.0869716887086,76.1508976270458,1.015345301693742,True,False,"1.0000, 1.0000, 1.0000",#FFFFFF,"1.0000, 1.0000, 1.0000",False
3,594.95996,841.91998,rect,16.245524827103104,92.3964224541489,565.5473307395272,566.5626760412209,76.1508976270458,1.015345301693742,True,False,"1.0000, 1.0000, 1.0000",#FFFFFF,"1.0000, 1.0000, 1.0000",False
3,594.95996,841.91998,rect,16.245524827103104,92.3964224541489,597.0230350920391,598.0383803937333,76.1508976270458,1.0153453016941967,True,False,"1.0000, 1.0000, 1.0000",#FFFFFF,"1.0000, 1.0000, 1.0000",False
3,594.95996,841.91998,rect,16.245524827103104,92.3964224541489,628.4987394445515,629.5140847462457,76.1508976270458,1.0153453016941967,True,False,"1.0000, 1.0000, 1.0000",#FFFFFF,"1.0000, 1.0000, 1.0000",False
3,594.95996,841.91998,rect,16.245524827103104,92.3964224541489,659.9744437970638,660.9897890987576,76.1508976270458,1.015345301693742,True,False,"1.0000, 1.0000, 1.0000",#FFFFFF,"1.0000, 1.0000, 1.0000",False
3,594.95996,841.91998,rect,16.245524827103104,92.3964224541489,691.4501481495762,692.4654934512699,76.1508976270458,1.015345301693742,True,False,"1.0000, 1.0000, 1.0000",#FFFFFF,"1.0000, 1.0000, 1.0000",False
3,594.95996,841.91998,rect,16.245524827103104,92.3964224541489,722.9258525020886,723.9411978037823,76.1508976270458,1.015345301693742,True,False,"1.0000, 1.0000, 1.0000",#FFFFFF,"1.0000, 1.0000, 1.0000",False
3,594.95996,841.91998,rect,16.245524827103104,92.3964224541489,754.4015568546005,755.4169021562947,76.1508976270458,1.0153453016941967,True,False,"1.0000, 1.0000, 1.0000",#FFFFFF,"1.0000, 1.0000, 1.0000",False
3,594.95996,841.91998,rect,16.245524827103104,92.3964224541489,47.72122687561557,78.18158592643397,76.1508976270458,30.460359050818397,True,False,"0.9569, 0.9686, 0.9725",#F4F7F8,"0.9569, 0.9686, 0.9725",False
3,594.95996,841.91998,rect,16.245524827103104,92.3964224541489,79.19693122812794,109.6572902789461,76.1508976270458,30.46035905081817,True,False,"0.9569, 0.9686, 0.9725",#F4F7F8,"0.9569, 0.9686, 0.9725",False
3,594.95996,841.91998,rect,16.245524827103104,92.3964224541489,110.67263558064008,141.13299463145847,76.1508976270458,30.460359050818397,True,False,"0.9569, 0.9686, 0.9725",#F4F7F8,"0.9569, 0.9686, 0.9725",False
3,594.95996,841.91998,rect,16.245524827103104,92.3964224541489,142.14833993315244,172.6086989839706,76.1508976270458,30.46035905081817,True,False,"0.9569, 0.9686, 0.9725",#F4F7F8,"0.9569, 0.9686, 0.9725",False
3,594.95996,841.91998,rect,16.245524827103104,92.3964224541489,173.62404428566458,204.08440333648298,76.1508976270458,30.460359050818397,True,False,"0.9569, 0.9686, 0.9725",#F4F7F8,"0.9569, 0.9686, 0.9725",False
3,594.95996,841.91998,rect,16.245524827103104,92.3964224541489,205.09974863817695,235.56010768899512,76.1508976270458,30.46035905081817,True,False,"0.9569, 0.9686, 0.9725",#F4F7F8,"0.9569, 0.9686, 0.9725",False
3,594.95996,841.91998,rect,16.245524827103104,92.3964224541489,236.5754529906891,267.0358120415075,76.1508976270458,30.460359050818397,True,False,"0.9569, 0.9686, 0.9725",#F4F7F8,"0.9569, 0.9686, 0.9725",False
3,594.95996,841.91998,rect,16.245524827103104,92.3964224541489,314.7570412211229,345.2174002719411,76.1508976270458,30.46035905081817,True,False,"0.9569, 0.9686, 0.9725",#F4F7F8,"0.9569, 0.9686, 0.9725",False
3,594.95996,841.91998,rect,16.245524827103104,92.3964224541489,346.23274557363504,376.69310462445344,76.1508976270458,30.460359050818397,True,False,"0.9569, 0.9686, 0.9725",#F4F7F8,"0.9569, 0.9686, 0.9725",False
3,594.95996,841.91998,rect,16.245524827103104,92.3964224541489,377.7084499261472,408.1688089769658,76.1508976270458,30.460359050818624,True,False,"0.9569, 0.9686, 0.9725",#F4F7F8,"0.9569, 0.9686, 0.9725",False
3,594.95996,841.91998,rect,16.245524827103104,92.3964224541489,409.18415427865955,439.6445133294782,76.1508976270458,30.460359050818624,True,False,"0.9569, 0.9686, 0.9725",#F4F7F8,"0.9569, 0.9686, 0.9725",False
3,594.95996,841.91998,rect,16.245524827103104,92.3964224541489,440.6598586311719,471.1202176819901,76.1508976270458,30.46035905081817,True,False,"0.9569, 0.9686, 0.9725",#F4F7F8,"0.9569, 0.9686, 0.9725",False
3,594.95996,841.91998,rect,16.245524827103104,92.3964224541489,472.1355629836843,502.59592203450245,76.1508976270458,30.46035905081817,True,False,"0.9569, 0.9686, 0.9725",#F4F7F8,"0.9569, 0.9686, 0.9725",False
3,594.95996,841.91998,rect,16.245524827103104,92.3964224541489,503.61126733619665,534.0716263870148,76.1508976270458,30.46035905081817,True,False,"0.9569, 0.9686, 0.9725",#F4F7F8,"0.9569, 0.9686, 0.9725",False
3,594.95996,841.91998,rect,16.245524827103104,92.3964224541489,535.0869716887086,565.5473307395272,76.1508976270458,30.460359050818624,True,False,"0.9569, 0.9686, 0.9725",#F4F7F8,"0.9569, 0.9686, 0.9725",False
3,594.95996,841.91998,rect,16.245524827103104,92.3964224541489,566.5626760412209,597.0230350920391,76.1508976270458,30.46035905081817,True,False,"0.9569, 0.9686, 0.9725",#F4F7F8,"0.9569, 0.9686, 0.9725",False
3,594.95996,841.91998,rect,16.245524827103104,92.3964224541489,598.0383803937333,628.4987394445515,76.1508976270458,30.46035905081817,True,False,"0.9569, 0.9686, 0.9725",#F4F7F8,"0.9569, 0.9686, 0.9725",False
3,594.95996,841.91998,rect,16.245524827103104,92.3964224541489,629.5140847462457,659.9744437970638,76.1508976270458,30.46035905081817,True,False,"0.9569, 0.9686, 0.9725",#F4F7F8,"0.9569, 0.9686, 0.9725",False
3,594.95996,841.91998,rect,16.245524827103104,92.3964224541489,660.9897890987576,691.4501481495762,76.1508976270458,30.460359050818624,True,False,"0.9569, 0.9686, 0.9725",#F4F7F8,"0.9569, 0.9686, 0.9725",False
3,594.95996,841.91998,rect,16.245524827103104,92.3964224541489,692.4654934512699,722.9258525020886,76.1508976270458,30.460359050818624,True,False,"0.9569, 0.9686, 0.9725",#F4F7F8,"0.9569, 0.9686, 0.9725",False
3,594.95996,841.91998,rect,16.245524827103104,92.3964224541489,723.9411978037823,754.4015568546005,76.1508976270458,30.46035905081817,True,False,"0.9569, 0.9686, 0.9725",#F4F7F8,"0.9569, 0.9686, 0.9725",False
3,594.95996,841.91998,rect,16.245524827103104,92.3964224541489,755.4169021562947,785.8772612071128,76.1508976270458,30.46035905081817,True,False,"0.9569, 0.9686, 0.9725",#F4F7F8,"0.9569, 0.9686, 0.9725",False
3,594.95996,841.91998,curve,162.9629236098779,445.73659013164126,58.889997546250015,67.01275995980154,282.7736665217634,8.122762413551527,True,False,"0.7647, 0.6667, 0.8235",#C3AAD2,"0.7647, 0.6667, 0.8235",True
3,594.95996,841.91998,curve,162.9629236098779,445.73659013164126,90.36573943476071,98.48850184831224,282.7736665217634,8.122762413551527,True,False,"0.7647, 0.6667, 0.8235",#C3AAD2,"0.7647, 0.6667, 0.8235",True
3,594.95996,841.91998,curve,163.21675993530138,264.2436174538488,121.84147892327144,129.71040501139953,101.02685751854742,7.868926088128092,True,False,"0.9529, 0.6824, 0.6392",#F3AEA3,"0.9529, 0.6824, 0.6392",True
3,594.95996,841.91998,curve,162.9629236098779,264.4974537792723,122.36195250158505,129.82474100663546,101.5345301693944,7.462788505050412,True,False,"0.9529, 0.6824, 0.6392",#F3AEA3,"0.9529, 0.6824, 0.6392",True
3,594.95996,841.91998,curve,162.9629236098779,264.4974537792723,122.36195250158505,129.82474100663546,101.5345301693944,7.462788505050412,False,True,"0.8667, 0.0000, 0.1882",#DD0030,"0.8667, 0.0000, 0.1882",False
3,594.95996,841.91998,curve,266.7819708200841,341.91752314543595,122.09531524869487,129.71040501139953,75.13555232535185,7.615089762704656,True,False,"0.8157, 0.8667, 0.6784",#D0DDAD,"0.8157, 0.8667, 0.6784",True
3,594.95996,841.91998,curve,266.7819708200841,341.91752314543595,122.09531524869487,129.71040501139953,75.13555232535185,7.615089762704656,False,True,"0.4824, 0.6824, 0.1529",#7BAE27,"0.4824, 0.6824, 0.1529",False
3,594.95996,841.91998,curve,344.20205525824707,575.1931113936193,121.84147892327144,129.96424133682297,230.99105613537228,8.122762413551527,True,False,"0.7647, 0.6667, 0.8235",#C3AAD2,"0.7647, 0.6667, 0.8235",True
3,594.95996,841.91998,curve,343.6943712794006,574.6854274147729,122.36195250158505,129.82474100663546,230.99105613537228,7.462788505050412,True,False,"0.6118, 0.6157, 0.7725",#9C9DC5,"0.6118, 0.6157, 0.7725",True
3,594.95996,841.91998,curve,343.6943712794006,574.6854274147729,122.36195250158505,129.82474100663546,230.99105613537228,7.462788505050412,False,True,"0.0902, 0.1882, 0.4667",#173077,"0.0902, 0.1882, 0.4667",False
3,594.95996,841.91998,curve,163.21675993530138,186.56970187426208,153.5709395372105,161.18602929991516,23.352941938960697,7.615089762704656,True,False,"0.1255, 0.6588, 0.8824",#20A8E1,"0.1255, 0.6588, 0.8824",True
3,594.95996,841.91998,curve,163.21675993530138,186.56970187426208,153.5709395372105,161.18602929991516,23.352941938960697,7.615089762704656,False,True,"0.1255, 0.6588, 0.8824",#20A8E1,"0.1255, 0.6588, 0.8824",False
3,594.95996,841.91998,curve,189.1080620564971,316.02622476824007,153.31710321178707,161.18602929991516,126.91816271174298,7.868926088128092,True,False,"0.9529, 0.6824, 0.6392",#F3AEA3,"0.9529, 0.6824, 0.6392",True
3,594.95996,841.91998,curve,188.8542257310736,316.28006109366356,153.83745919010562,161.30024769515603,127.42583536258996,7.462788505050412,True,False,"0.9529, 0.6824, 0.6392",#F3AEA3,"0.9529, 0.6824, 0.6392",True
3,594.95996,841.91998,curve,188.8542257310736,316.28006109366356,153.83745919010562,161.30024769515603,127.42583536258996,7.462788505050412,False,True,"0.8667, 0.0000, 0.1882",#DD0030,"0.8667, 0.0000, 0.1882",False
3,594.95996,841.91998,curve,318.56457506247546,393.7001273878273,153.5709395372105,161.18602929991516,75.13555232535185,7.615089762704656,True,False,"0.8157, 0.8667, 0.6784",#D0DDAD,"0.8157, 0.8667, 0.6784",True
3,594.95996,841.91998,curve,318.56457506247546,393.7001273878273,153.5709395372105,161.18602929991516,75.13555232535185,7.615089762704656,False,True,"0.4824, 0.6824, 0.1529",#7BAE27,"0.4824, 0.6824, 0.1529",False
3,594.95996,841.91998,curve,395.9846619006384,575.1931076496195,153.31710321178707,161.4398656253386,179.2084457489811,8.122762413551527,True,False,"0.7647, 0.6667, 0.8235",#C3AAD2,"0.7647, 0.6667, 0.8235",True
3,594.95996,841.91998,curve,395.4770331217896,574.6854788707707,153.83745919010562,161.30024769515603,179.2084457489811,7.462788505050412,True,False,"0.6118, 0.6157, 0.7725",#9C9DC5,"0.6118, 0.6157, 0.7725",True
3,594.95996,841.91998,curve,395.4770331217896,574.6854788707707,153.83745919010562,161.30024769515603,179.2084457489811,7.462788505050412,False,True,"0.0902, 0.1882, 0.4667",#173077,"0.0902, 0.1882, 0.4667",False
3,594.95996,841.91998,curve,162.9629236098779,575.1931160976192,184.7928427002979,192.91560511384944,412.2301924877413,8.122762413551527,True,False,"0.7647, 0.6667, 0.8235",#C3AAD2,"0.7647, 0.6667, 0.8235",True
3,594.95996,841.91998,curve,162.9629236098779,445.73659013164126,216.2685845888086,224.39134700236013,282.7736665217634,8.122762413551527,True,False,"0.7647, 0.6667, 0.8235",#C3AAD2,"0.7647, 0.6667, 0.8235",True
3,594.95996,841.91998,curve,162.9629236098779,445.73659013164126,247.74420887732424,255.86697129087577,282.7736665217634,8.122762413551527,True,False,"0.7647, 0.6667, 0.8235",#C3AAD2,"0.7647, 0.6667, 0.8235",True
3,594.95996,841.91998,curve,163.21675993530138,290.1349226470444,326.1795659451842,333.79465570788886,126.91816271174301,7.615089762704656,True,False,"0.1255, 0.6588, 0.8824",#20A8E1,"0.1255, 0.6588, 0.8824",True
3,594.95996,841.91998,curve,163.21675993530138,290.1349226470444,326.1795659451842,333.79465570788886,126.91816271174301,7.615089762704656,False,True,"0.1255, 0.6588, 0.8824",#20A8E1,"0.1255, 0.6588, 0.8824",False
3,594.95996,841.91998,curve,292.6732873412792,497.2653656326089,325.9257296197608,333.79465570788886,204.5920782913297,7.868926088128092,True,False,"0.9529, 0.6824, 0.6392",#F3AEA3,"0.9529, 0.6824, 0.6392",True
3,594.95996,841.91998,curve,292.41947981585446,497.51923075803114,326.4463039980701,333.9090925031206,205.09975094217668,7.462788505050469,True,False,"0.9529, 0.6824, 0.6392",#F3AEA3,"0.9529, 0.6824, 0.6392",True
3,594.95996,841.91998,curve,292.41947981585446,497.51923075803114,326.4463039980701,333.9090925031206,205.09975094217668,7.462788505050469,False,True,"0.8667, 0.0000, 0.1882",#DD0030,"0.8667, 0.0000, 0.1882",False
3,594.95996,841.91998,curve,499.54989918542003,575.1931241616188,325.9257296197608,334.0484920333123,75.64322497619878,8.122762413551527,True,False,"0.7647, 0.6667, 0.8235",#C3AAD2,"0.7647, 0.6667, 0.8235",True
3,594.95996,841.91998,curve,499.04225120657196,574.6854761827708,326.4463039980701,333.9090925031206,75.64322497619884,7.462788505050469,True,False,"0.6118, 0.6157, 0.7725",#9C9DC5,"0.6118, 0.6157, 0.7725",True
3,594.95996,841.91998,curve,499.04225120657196,574.6854761827708,326.4463039980701,333.9090925031206,75.64322497619884,7.462788505050469,False,True,"0.0902, 0.1882, 0.4667",#173077,"0.0902, 0.1882, 0.4667",False
3,594.95996,841.91998,curve,162.9629236098779,575.1931160976192,357.4015867082666,365.52434912181815,412.2301924877413,8.122762413551527,True,False,"0.7647, 0.6667, 0.8235",#C3AAD2,"0.7647, 0.6667, 0.8235",True
3,594.95996,841.91998,curve,163.21675993530138,497.2653641926089,389.1310473222057,396.7461370849103,334.0486042573075,7.615089762704599,True,False,"0.1255, 0.6588, 0.8824",#20A8E1,"0.1255, 0.6588, 0.8824",True
3,594.95996,841.91998,curve,163.21675993530138,497.2653641926089,389.1310473222057,396.7461370849103,334.0486042573075,7.615089762704599,False,True,"0.1255, 0.6588, 0.8824",#20A8E1,"0.1255, 0.6588, 0.8824",False
3,594.95996,841.91998,curve,499.54989918542003,575.1931241616188,388.8772109967822,396.9999734103337,75.64322497619878,8.122762413551527,True,False,"0.7647, 0.6667, 0.8235",#C3AAD2,"0.7647, 0.6667, 0.8235",True
3,594.95996,841.91998,curve,162.9629236098779,445.73659013164126,420.35307048528796,428.4758328988395,282.7736665217634,8.122762413551527,True,False,"0.7647, 0.6667, 0.8235",#C3AAD2,"0.7647, 0.6667, 0.8235",True
3,594.95996,841.91998,curve,163.21675993530138,264.2436174538488,452.0825214992275,459.6976112619321,101.02685751854742,7.615089762704599,True,False,"0.1255, 0.6588, 0.8824",#20A8E1,"0.1255, 0.6588, 0.8824",True
3,594.95996,841.91998,curve,163.21675993530138,264.2436174538488,452.0825214992275,459.6976112619321,101.02685751854742,7.615089762704599,False,True,"0.1255, 0.6588, 0.8824",#20A8E1,"0.1255, 0.6588, 0.8824",False
3,594.95996,841.91998,curve,266.5281344946606,342.17135947085944,451.828685173804,459.9514475873555,75.64322497619884,8.122762413551527,True,False,"0.7647, 0.6667, 0.8235",#C3AAD2,"0.7647, 0.6667, 0.8235",True
3,594.95996,841.91998,curve,344.45589158367056,419.5914439090224,451.828685173804,459.6976112619321,75.13555232535185,7.868926088128092,True,False,"0.9529, 0.6824, 0.6392",#F3AEA3,"0.9529, 0.6824, 0.6392",True
3,594.95996,841.91998,curve,344.20205525824707,419.8452802344459,452.349029152123,459.8118176571735,75.64322497619884,7.462788505050469,True,False,"0.9529, 0.6824, 0.6392",#F3AEA3,"0.9529, 0.6824, 0.6392",True
3,594.95996,841.91998,curve,344.20205525824707,419.8452802344459,452.349029152123,459.8118176571735,75.64322497619884,7.462788505050469,False,True,"0.8667, 0.0000, 0.1882",#DD0030,"0.8667, 0.0000, 0.1882",False
3,594.95996,841.91998,curve,421.875990421833,575.1931309776186,451.828685173804,459.9514475873555,153.31714055578556,8.122762413551527,True,False,"0.7647, 0.6667, 0.8235",#C3AAD2,"0.7647, 0.6667, 0.8235",True
3,594.95996,841.91998,curve,421.368294442987,574.6854349987725,452.349029152123,459.8118176571735,153.3171405557855,7.462788505050469,True,False,"0.6118, 0.6157, 0.7725",#9C9DC5,"0.6118, 0.6157, 0.7725",True
3,594.95996,841.91998,curve,421.368294442987,574.6854349987725,452.349029152123,459.8118176571735,153.3171405557855,7.462788505050469,False,True,"0.0902, 0.1882, 0.4667",#173077,"0.0902, 0.1882, 0.4667",False
3,594.95996,841.91998,curve,162.9629236098779,445.73659013164126,483.304323862319,491.4270862758705,282.7736665217634,8.122762413551527,True,False,"0.7647, 0.6667, 0.8235",#C3AAD2,"0.7647, 0.6667, 0.8235",True
3,594.95996,841.91998,curve,162.9629236098779,290.3887589724678,514.780178550825,522.9029409643765,127.42583536258994,8.122762413551527,True,False,"0.7647, 0.6667, 0.8235",#C3AAD2,"0.7647, 0.6667, 0.8235",True
3,594.95996,841.91998,curve,162.4552516310309,289.8810869936209,515.300546529143,522.7633350341935,127.42583536258999,7.462788505050469,True,False,"0.8667, 0.0000, 0.1882",#DD0030,"0.8667, 0.0000, 0.1882",True
3,594.95996,841.91998,curve,162.4552516310309,289.8810869936209,515.300546529143,522.7633350341935,127.42583536258999,7.462788505050469,False,True,"0.8667, 0.0000, 0.1882",#DD0030,"0.8667, 0.0000, 0.1882",False
3,594.95996,841.91998,curve,292.4194510158557,445.73659157164127,514.780178550825,522.9029409643765,153.31714055578556,8.122762413551527,True,False,"0.7647, 0.6667, 0.8235",#C3AAD2,"0.7647, 0.6667, 0.8235",True
3,594.95996,841.91998,curve,291.9117646370093,445.22890519279485,515.300546529143,522.7633350341935,153.31714055578556,7.462788505050469,True,False,"0.0902, 0.1882, 0.4667",#173077,"0.0902, 0.1882, 0.4667",True
3,594.95996,841.91998,curve,291.9117646370093,445.22890519279485,515.300546529143,522.7633350341935,153.31714055578556,7.462788505050469,False,True,"0.0902, 0.1882, 0.4667",#173077,"0.0902, 0.1882, 0.4667",False
3,594.95996,841.91998,curve,162.9629236098779,445.73659013164126,546.255793239341,554.3785556528925,282.7736665217634,8.122762413551527,True,False,"0.7647, 0.6667, 0.8235",#C3AAD2,"0.7647, 0.6667, 0.8235",True
3,594.95996,841.91998,curve,163.21675993530138,264.2436174538488,577.9852682532794,585.600358015984,101.02685751854742,7.615089762704599,True,False,"0.1255, 0.6588, 0.8824",#20A8E1,"0.1255, 0.6588, 0.8824",True
3,594.95996,841.91998,curve,163.21675993530138,264.2436174538488,577.9852682532794,585.600358015984,101.02685751854742,7.615089762704599,False,True,"0.1255, 0.6588, 0.8824",#20A8E1,"0.1255, 0.6588, 0.8824",False
3,594.95996,841.91998,curve,266.5281344946606,575.1931062096196,577.731431927856,585.8541943414075,308.664971714959,8.122762413551527,True,False,"0.7647, 0.6667, 0.8235",#C3AAD2,"0.7647, 0.6667, 0.8235",True
3,594.95996,841.91998,curve,162.9629236098779,419.84528493844573,609.207286616362,617.3300490299135,256.88236132856787,8.122762413551555,True,False,"0.7647, 0.6667, 0.8235",#C3AAD2,"0.7647, 0.6667, 0.8235",True
3,594.95996,841.91998,curve,162.9629236098779,238.6061485860767,640.682901304878,648.8056637184295,75.64322497619881,8.122762413551555,True,False,"0.7647, 0.6667, 0.8235",#C3AAD2,"0.7647, 0.6667, 0.8235",True
3,594.95996,841.91998,curve,162.9629236098779,316.2800641656635,672.1585159933941,680.2812784069456,153.31714055578558,8.122762413551555,True,False,"0.7647, 0.6667, 0.8235",#C3AAD2,"0.7647, 0.6667, 0.8235",True
3,594.95996,841.91998,curve,163.21675993530138,316.0262278402399,703.8882310073225,711.5033207700271,152.80946790493854,7.615089762704571,True,False,"0.1255, 0.6588, 0.8824",#20A8E1,"0.1255, 0.6588, 0.8824",True
3,594.95996,841.91998,curve,163.21675993530138,316.0262278402399,703.8882310073225,711.5033207700271,152.80946790493854,7.615089762704571,False,True,"0.1255, 0.6588, 0.8824",#20A8E1,"0.1255, 0.6588, 0.8824",False
3,594.95996,841.91998,curve,318.31073873705196,575.1931000656198,703.634394681899,711.7571570954506,256.8823613285678,8.122762413551555,True,False,"0.7647, 0.6667, 0.8235",#C3AAD2,"0.7647, 0.6667, 0.8235",True
3,594.95996,841.91998,curve,162.9629236098779,445.73659013164126,735.110009370415,743.2327717839665,282.7736665217634,8.122762413551555,True,False,"0.7647, 0.6667, 0.8235",#C3AAD2,"0.7647, 0.6667, 0.8235",True
3,594.95996,841.91998,curve,162.9629236098779,471.6278953248369,766.585624058931,774.7083864724825,308.66497171495905,8.122762413551555,True,False,"0.7647, 0.6667, 0.8235",#C3AAD2,"0.7647, 0.6667, 0.8235",True
4,594.95996,841.91998,rect,0.0,594.9923467926512,0.0,842.2289277551265,594.9923467926512,842.2289277551265,True,False,"1.0000, 1.0000, 1.0000",#FFFFFF,"1.0000, 1.0000, 1.0000",False
4,594.95996,841.91998,rect,0.0,595.5000194434981,0.00017654399277944322,842.2291042991191,595.5000194434981,842.2289277551263,True,False,"1.0000, 1.0000, 1.0000",#FFFFFF,"1.0000, 1.0000, 1.0000",False
4,594.95996,841.91998,rect,92.3964224541489,583.3158758231708,72.08969296426255,73.10503826595675,490.9194533690219,1.0153453016941967,True,False,"1.0000, 1.0000, 1.0000",#FFFFFF,"1.0000, 1.0000, 1.0000",False
4,594.95996,841.91998,rect,92.3964224541489,583.3158758231708,93.41194429983568,118.79557684218423,490.9194533690219,25.38363254234855,True,False,"0.5333, 0.5451, 0.5529",#888B8D,"0.5333, 0.5451, 0.5529",False
4,594.95996,841.91998,rect,92.3964224541489,583.3158758231708,118.79557684218423,119.81092214387797,490.9194533690219,1.015345301693742,True,False,"1.0000, 1.0000, 1.0000",#FFFFFF,"1.0000, 1.0000, 1.0000",False
4,594.95996,841.91998,rect,92.3964224541489,583.3158758231708,150.27128119469614,151.28662649639034,490.9194533690219,1.0153453016941967,True,False,"1.0000, 1.0000, 1.0000",#FFFFFF,"1.0000, 1.0000, 1.0000",False
4,594.95996,841.91998,rect,92.3964224541489,583.3158758231708,181.7469855472085,182.7623308489027,490.9194533690219,1.0153453016941967,True,False,"1.0000, 1.0000, 1.0000",#FFFFFF,"1.0000, 1.0000, 1.0000",False
4,594.95996,841.91998,rect,92.3964224541489,583.3158758231708,203.06923688278164,228.4528694251302,490.9194533690219,25.38363254234855,True,False,"0.5333, 0.5451, 0.5529",#888B8D,"0.5333, 0.5451, 0.5529",False
4,594.95996,841.91998,rect,92.3964224541489,583.3158758231708,228.4528694251302,229.46821472682393,490.9194533690219,1.015345301693742,True,False,"1.0000, 1.0000, 1.0000",#FFFFFF,"1.0000, 1.0000, 1.0000",False
4,594.95996,841.91998,rect,92.3964224541489,583.3158758231708,259.9285737776421,260.9439190793363,490.9194533690219,1.0153453016941967,True,False,"1.0000, 1.0000, 1.0000",#FFFFFF,"1.0000, 1.0000, 1.0000",False
4,594.95996,841.91998,rect,92.3964224541489,583.3158758231708,363.4937945504247,364.50913985211844,490.9194533690219,1.015345301693742,True,False,"1.0000, 1.0000, 1.0000",#FFFFFF,"1.0000, 1.0000, 1.0000",False
4,594.95996,841.91998,rect,92.3964224541489,583.3158758231708,384.81604588599737,410.1996784283459,490.9194533690219,25.38363254234855,True,False,"0.5333, 0.5451, 0.5529",#888B8D,"0.5333, 0.5451, 0.5529",False
4,594.95996,841.91998,rect,92.3964224541489,583.3158758231708,410.1996784283459,411.2150237300401,490.9194533690219,1.0153453016941967,True,False,"1.0000, 1.0000, 1.0000",#FFFFFF,"1.0000, 1.0000, 1.0000",False
4,594.95996,841.91998,rect,92.3964224541489,583.3158758231708,441.6753827808583,442.690728082552,490.9194533690219,1.015345301693742,True,False,"1.0000, 1.0000, 1.0000",#FFFFFF,"1.0000, 1.0000, 1.0000",False
4,594.95996,841.91998,rect,92.3964224541489,583.3158758231708,473.15108713337065,474.1664324350644,490.9194533690219,1.015345301693742,True,False,"1.0000, 1.0000, 1.0000",#FFFFFF,"1.0000, 1.0000, 1.0000",False
4,594.95996,841.91998,rect,92.3964224541489,583.3158758231708,504.626791485883,505.64213678757676,490.9194533690219,1.015345301693742,True,False,"1.0000, 1.0000, 1.0000",#FFFFFF,"1.0000, 1.0000, 1.0000",False
4,594.95996,841.91998,rect,92.3964224541489,583.3158758231708,536.1024958383949,537.1178411400891,490.9194533690219,1.0153453016941967,True,False,"1.0000, 1.0000, 1.0000",#FFFFFF,"1.0000, 1.0000, 1.0000",False
4,594.95996,841.91998,rect,92.3964224541489,583.3158758231708,567.5782001909073,568.5935454926015,490.9194533690219,1.0153453016941967,True,False,"1.0000, 1.0000, 1.0000",#FFFFFF,"1.0000, 1.0000, 1.0000",False
4,594.95996,841.91998,rect,92.3964224541489,583.3158758231708,588.90045152648,614.284084068829,490.9194533690219,25.383632542349005,True,False,"0.5333, 0.5451, 0.5529",#888B8D,"0.5333, 0.5451, 0.5529",False
4,594.95996,841.91998,rect,92.3964224541489,583.3158758231708,614.284084068829,615.2994293705227,490.9194533690219,1.015345301693742,True,False,"1.0000, 1.0000, 1.0000",#FFFFFF,"1.0000, 1.0000, 1.0000",False
4,594.95996,841.91998,rect,92.3964224541489,583.3158758231708,645.7597884213409,646.7751337230351,490.9194533690219,1.0153453016941967,True,False,"1.0000, 1.0000, 1.0000",#FFFFFF,"1.0000, 1.0000, 1.0000",False
4,594.95996,841.91998,rect,92.3964224541489,583.3158758231708,667.082039756914,692.4656722992626,490.9194533690219,25.38363254234855,True,False,"0.5333, 0.5451, 0.5529",#888B8D,"0.5333, 0.5451, 0.5529",False
4,594.95996,841.91998,rect,92.3964224541489,583.3158758231708,692.4656722992626,693.4810176009563,490.9194533690219,1.015345301693742,True,False,"1.0000, 1.0000, 1.0000",#FFFFFF,"1.0000, 1.0000, 1.0000",False
4,594.95996,841.91998,rect,92.3964224541489,115.74936439310962,40.61398861175064,72.08969296426255,23.35294193896071,31.47570435251191,True,False,"0.9569, 0.9686, 0.9725",#F4F7F8,"0.9569, 0.9686, 0.9725",False
4,594.95996,841.91998,rect,92.3964224541489,93.41176775584285,40.61398861175064,72.08969296426255,1.0153453016939409,31.47570435251191,True,False,"1.0000, 1.0000, 1.0000",#FFFFFF,"1.0000, 1.0000, 1.0000",False
4,594.95996,841.91998,rect,115.74936439310962,161.43990296933708,40.61398861175064,72.08969296426255,45.69053857622747,31.47570435251191,True,False,"0.9569, 0.9686, 0.9725",#F4F7F8,"0.9569, 0.9686, 0.9725",False
4,594.95996,841.91998,rect,115.74936439310962,116.76470969480356,40.61398861175064,72.08969296426255,1.0153453016939409,31.47570435251191,True,False,"1.0000, 1.0000, 1.0000",#FFFFFF,"1.0000, 1.0000, 1.0000",False
4,594.95996,841.91998,rect,161.43990296933708,213.22251335572824,40.61398861175064,72.08969296426255,51.782610386391156,31.47570435251191,True,False,"0.9569, 0.9686, 0.9725",#F4F7F8,"0.9569, 0.9686, 0.9725",False
4,594.95996,841.91998,rect,161.43990296933708,162.45524827103105,40.61398861175064,72.08969296426255,1.0153453016939693,31.47570435251191,True,False,"1.0000, 1.0000, 1.0000",#FFFFFF,"1.0000, 1.0000, 1.0000",False
4,594.95996,841.91998,rect,213.22251335572824,316.7877341285105,40.61398861175064,72.08969296426255,103.56522077278228,31.47570435251191,True,False,"0.9569, 0.9686, 0.9725",#F4F7F8,"0.9569, 0.9686, 0.9725",False
4,594.95996,841.91998,rect,213.22251335572824,214.23785865742218,40.61398861175064,72.08969296426255,1.0153453016939409,31.47570435251191,True,False,"1.0000, 1.0000, 1.0000",#FFFFFF,"1.0000, 1.0000, 1.0000",False
4,594.95996,841.91998,rect,316.7877341285105,420.35295490129283,40.61398861175064,72.08969296426255,103.56522077278231,31.47570435251191,True,False,"0.9569, 0.9686, 0.9725",#F4F7F8,"0.9569, 0.9686, 0.9725",False
4,594.95996,841.91998,rect,316.7877341285105,317.8030794302045,40.61398861175064,72.08969296426255,1.0153453016939693,31.47570435251191,True,False,"1.0000, 1.0000, 1.0000",#FFFFFF,"1.0000, 1.0000, 1.0000",False
4,594.95996,841.91998,rect,420.35295490129283,523.9181756740751,40.61398861175064,72.08969296426255,103.56522077278225,31.47570435251191,True,False,"0.9569, 0.9686, 0.9725",#F4F7F8,"0.9569, 0.9686, 0.9725",False
4,594.95996,841.91998,rect,420.35295490129283,421.36830020298675,40.61398861175064,72.08969296426255,1.0153453016939125,31.47570435251191,True,False,"1.0000, 1.0000, 1.0000",#FFFFFF,"1.0000, 1.0000, 1.0000",False
4,594.95996,841.91998,rect,523.9181756740751,575.7007860604663,40.61398861175064,72.08969296426255,51.782610386391184,31.47570435251191,True,False,"0.9569, 0.9686, 0.9725",#F4F7F8,"0.9569, 0.9686, 0.9725",False
4,594.95996,841.91998,rect,523.9181756740751,524.933520975769,40.61398861175064,72.08969296426255,1.0153453016939693,31.47570435251191,True,False,"1.0000, 1.0000, 1.0000",#FFFFFF,"1.0000, 1.0000, 1.0000",False
4,594.95996,841.91998,rect,92.3964224541489,115.74936439310962,119.81092214387797,150.27128119469614,23.35294193896071,30.46035905081817,True,False,"0.9569, 0.9686, 0.9725",#F4F7F8,"0.9569, 0.9686, 0.9725",False
4,594.95996,841.91998,rect,92.3964224541489,93.41176775584285,119.81092214387797,150.27128119469614,1.0153453016939409,30.46035905081817,True,False,"1.0000, 1.0000, 1.0000",#FFFFFF,"1.0000, 1.0000, 1.0000",False
4,594.95996,841.91998,rect,115.74936439310962,161.43990296933708,119.81092214387797,150.27128119469614,45.69053857622747,30.46035905081817,True,False,"0.9569, 0.9686, 0.9725",#F4F7F8,"0.9569, 0.9686, 0.9725",False
4,594.95996,841.91998,rect,115.74936439310962,116.76470969480356,119.81092214387797,150.27128119469614,1.0153453016939409,30.46035905081817,True,False,"1.0000, 1.0000, 1.0000",#FFFFFF,"1.0000, 1.0000, 1.0000",False
4,594.95996,841.91998,rect,161.43990296933708,213.22251335572824,119.81092214387797,150.27128119469614,51.782610386391156,30.46035905081817,True,False,"0.9569, 0.9686, 0.9725",#F4F7F8,"0.9569, 0.9686, 0.9725",False
4,594.95996,841.91998,rect,161.43990296933708,162.45524827103105,119.81092214387797,150.27128119469614,1.0153453016939693,30.46035905081817,True,False,"1.0000, 1.0000, 1.0000",#FFFFFF,"1.0000, 1.0000, 1.0000",False
4,594.95996,841.91998,rect,187.33120816253268,188.34655346422662,119.81092214387797,150.27128119469614,1.0153453016939409,30.46035905081817,True,False,"1.0000, 1.0000, 1.0000",#FFFFFF,"1.0000, 1.0000, 1.0000",False
4,594.95996,841.91998,rect,213.22251335572824,316.7877341285105,119.81092214387797,150.27128119469614,103.56522077278228,30.46035905081817,True,False,"0.9569, 0.9686, 0.9725",#F4F7F8,"0.9569, 0.9686, 0.9725",False
4,594.95996,841.91998,rect,213.22251335572824,214.23785865742218,119.81092214387797,150.27128119469614,1.0153453016939409,30.46035905081817,True,False,"1.0000, 1.0000, 1.0000",#FFFFFF,"1.0000, 1.0000, 1.0000",False
4,594.95996,841.91998,rect,239.1138185489238,240.12916385061774,119.81092214387797,150.27128119469614,1.0153453016939409,30.46035905081817,True,False,"1.0000, 1.0000, 1.0000",#FFFFFF,"1.0000, 1.0000, 1.0000",False
4,594.95996,841.91998,rect,265.0051237421194,266.0204690438133,119.81092214387797,150.27128119469614,1.0153453016939125,30.46035905081817,True,False,"1.0000, 1.0000, 1.0000",#FFFFFF,"1.0000, 1.0000, 1.0000",False
4,594.95996,841.91998,rect,290.89642893531493,291.9117742370089,119.81092214387797,150.27128119469614,1.0153453016939693,30.46035905081817,True,False,"1.0000, 1.0000, 1.0000",#FFFFFF,"1.0000, 1.0000, 1.0000",False
4,594.95996,841.91998,rect,316.7877341285105,420.35295490129283,119.81092214387797,150.27128119469614,103.56522077278231,30.46035905081817,True,False,"0.9569, 0.9686, 0.9725",#F4F7F8,"0.9569, 0.9686, 0.9725",False
4,594.95996,841.91998,rect,316.7877341285105,317.8030794302045,119.81092214387797,150.27128119469614,1.0153453016939693,30.46035905081817,True,False,"1.0000, 1.0000, 1.0000",#FFFFFF,"1.0000, 1.0000, 1.0000",False
4,594.95996,841.91998,rect,342.6790393217061,343.6943846234,119.81092214387797,150.27128119469614,1.0153453016939125,30.46035905081817,True,False,"1.0000, 1.0000, 1.0000",#FFFFFF,"1.0000, 1.0000, 1.0000",False
4,594.95996,841.91998,rect,368.57034451490165,369.5856898165956,119.81092214387797,150.27128119469614,1.0153453016939693,30.46035905081817,True,False,"1.0000, 1.0000, 1.0000",#FFFFFF,"1.0000, 1.0000, 1.0000",False
4,594.95996,841.91998,rect,394.46164970809724,395.4769950097912,119.81092214387797,150.27128119469614,1.0153453016939693,30.46035905081817,True,False,"1.0000, 1.0000, 1.0000",#FFFFFF,"1.0000, 1.0000, 1.0000",False
4,594.95996,841.91998,rect,420.35295490129283,523.9181756740751,119.81092214387797,150.27128119469614,103.56522077278225,30.46035905081817,True,False,"0.9569, 0.9686, 0.9725",#F4F7F8,"0.9569, 0.9686, 0.9725",False
4,594.95996,841.91998,rect,420.35295490129283,421.36830020298675,119.81092214387797,150.27128119469614,1.0153453016939125,30.46035905081817,True,False,"1.0000, 1.0000, 1.0000",#FFFFFF,"1.0000, 1.0000, 1.0000",False
4,594.95996,841.91998,rect,446.24426009448837,447.25960539618234,119.81092214387797,150.27128119469614,1.0153453016939693,30.46035905081817,True,False,"1.0000, 1.0000, 1.0000",#FFFFFF,"1.0000, 1.0000, 1.0000",False
4,594.95996,841.91998,rect,472.13556528768396,473.1509105893779,119.81092214387797,150.27128119469614,1.0153453016939125,30.46035905081817,True,False,"1.0000, 1.0000, 1.0000",#FFFFFF,"1.0000, 1.0000, 1.0000",False
4,594.95996,841.91998,rect,498.02687048087955,499.04221578257346,119.81092214387797,150.27128119469614,1.0153453016939125,30.46035905081817,True,False,"1.0000, 1.0000, 1.0000",#FFFFFF,"1.0000, 1.0000, 1.0000",False
4,594.95996,841.91998,rect,523.9181756740751,575.7007860604663,119.81092214387797,150.27128119469614,51.782610386391184,30.46035905081817,True,False,"0.9569, 0.9686, 0.9725",#F4F7F8,"0.9569, 0.9686, 0.9725",False
4,594.95996,841.91998,rect,523.9181756740751,524.933520975769,119.81092214387797,150.27128119469614,1.0153453016939693,30.46035905081817,True,False,"1.0000, 1.0000, 1.0000",#FFFFFF,"1.0000, 1.0000, 1.0000",False
4,594.95996,841.91998,rect,549.8094808672706,550.8248261689646,119.81092214387797,150.27128119469614,1.0153453016939693,30.46035905081817,True,False,"1.0000, 1.0000, 1.0000",#FFFFFF,"1.0000, 1.0000, 1.0000",False
4,594.95996,841.91998,rect,92.3964224541489,115.74936439310962,151.28662649639034,181.7469855472085,23.35294193896071,30.46035905081817,True,False,"0.9569, 0.9686, 0.9725",#F4F7F8,"0.9569, 0.9686, 0.9725",False
4,594.95996,841.91998,rect,92.3964224541489,93.41176775584285,151.28662649639034,181.7469855472085,1.0153453016939409,30.46035905081817,True,False,"1.0000, 1.0000, 1.0000",#FFFFFF,"1.0000, 1.0000, 1.0000",False
4,594.95996,841.91998,rect,115.74936439310962,161.43990296933708,151.28662649639034,181.7469855472085,45.69053857622747,30.46035905081817,True,False,"0.9569, 0.9686, 0.9725",#F4F7F8,"0.9569, 0.9686, 0.9725",False
4,594.95996,841.91998,rect,115.74936439310962,116.76470969480356,151.28662649639034,181.7469855472085,1.0153453016939409,30.46035905081817,True,False,"1.0000, 1.0000, 1.0000",#FFFFFF,"1.0000, 1.0000, 1.0000",False
4,594.95996,841.91998,rect,161.43990296933708,213.22251335572824,151.28662649639034,181.7469855472085,51.782610386391156,30.46035905081817,True,False,"0.9569, 0.9686, 0.9725",#F4F7F8,"0.9569, 0.9686, 0.9725",False
4,594.95996,841.91998,rect,161.43990296933708,162.45524827103105,151.28662649639034,181.7469855472085,1.0153453016939693,30.46035905081817,True,False,"1.0000, 1.0000, 1.0000",#FFFFFF,"1.0000, 1.0000, 1.0000",False
4,594.95996,841.91998,rect,187.33120816253268,188.34655346422662,151.28662649639034,181.7469855472085,1.0153453016939409,30.46035905081817,True,False,"1.0000, 1.0000, 1.0000",#FFFFFF,"1.0000, 1.0000, 1.0000",False
4,594.95996,841.91998,rect,213.22251335572824,316.7877341285105,151.28662649639034,181.7469855472085,103.56522077278228,30.46035905081817,True,False,"0.9569, 0.9686, 0.9725",#F4F7F8,"0.9569, 0.9686, 0.9725",False
4,594.95996,841.91998,rect,213.22251335572824,214.23785865742218,151.28662649639034,181.7469855472085,1.0153453016939409,30.46035905081817,True,False,"1.0000, 1.0000, 1.0000",#FFFFFF,"1.0000, 1.0000, 1.0000",False
4,594.95996,841.91998,rect,239.1138185489238,240.12916385061774,151.28662649639034,181.7469855472085,1.0153453016939409,30.46035905081817,True,False,"1.0000, 1.0000, 1.0000",#FFFFFF,"1.0000, 1.0000, 1.0000",False
4,594.95996,841.91998,rect,265.0051237421194,266.0204690438133,151.28662649639034,181.7469855472085,1.0153453016939125,30.46035905081817,True,False,"1.0000, 1.0000, 1.0000",#FFFFFF,"1.0000, 1.0000, 1.0000",False
4,594.95996,841.91998,rect,290.89642893531493,291.9117742370089,151.28662649639034,181.7469855472085,1.0153453016939693,30.46035905081817,True,False,"1.0000, 1.0000, 1.0000",#FFFFFF,"1.0000, 1.0000, 1.0000",False
4,594.95996,841.91998,rect,316.7877341285105,420.35295490129283,151.28662649639034,181.7469855472085,103.56522077278231,30.46035905081817,True,False,"0.9569, 0.9686, 0.9725",#F4F7F8,"0.9569, 0.9686, 0.9725",False
4,594.95996,841.91998,rect,316.7877341285105,317.8030794302045,151.28662649639034,181.7469855472085,1.0153453016939693,30.46035905081817,True,False,"1.0000, 1.0000, 1.0000",#FFFFFF,"1.0000, 1.0000, 1.0000",False
4,594.95996,841.91998,rect,342.6790393217061,343.6943846234,151.28662649639034,181.7469855472085,1.0153453016939125,30.46035905081817,True,False,"1.0000, 1.0000, 1.0000",#FFFFFF,"1.0000, 1.0000, 1.0000",False
4,594.95996,841.91998,rect,368.57034451490165,369.5856898165956,151.28662649639034,181.7469855472085,1.0153453016939693,30.46035905081817,True,False,"1.0000, 1.0000, 1.0000",#FFFFFF,"1.0000, 1.0000, 1.0000",False
4,594.95996,841.91998,rect,394.46164970809724,395.4769950097912,151.28662649639034,181.7469855472085,1.0153453016939693,30.46035905081817,True,False,"1.0000, 1.0000, 1.0000",#FFFFFF,"1.0000, 1.0000, 1.0000",False
4,594.95996,841.91998,rect,420.35295490129283,523.9181756740751,151.28662649639034,181.7469855472085,103.56522077278225,30.46035905081817,True,False,"0.9569, 0.9686, 0.9725",#F4F7F8,"0.9569, 0.9686, 0.9725",False
4,594.95996,841.91998,rect,420.35295490129283,421.36830020298675,151.28662649639034,181.7469855472085,1.0153453016939125,30.46035905081817,True,False,"1.0000, 1.0000, 1.0000",#FFFFFF,"1.0000, 1.0000, 1.0000",False
4,594.95996,841.91998,rect,446.24426009448837,447.25960539618234,151.28662649639034,181.7469855472085,1.0153453016939693,30.46035905081817,True,False,"1.0000, 1.0000, 1.0000",#FFFFFF,"1.0000, 1.0000, 1.0000",False
4,594.95996,841.91998,rect,472.13556528768396,473.1509105893779,151.28662649639034,181.7469855472085,1.0153453016939125,30.46035905081817,True,False,"1.0000, 1.0000, 1.0000",#FFFFFF,"1.0000, 1.0000, 1.0000",False
4,594.95996,841.91998,rect,498.02687048087955,499.04221578257346,151.28662649639034,181.7469855472085,1.0153453016939125,30.46035905081817,True,False,"1.0000, 1.0000, 1.0000",#FFFFFF,"1.0000, 1.0000, 1.0000",False
4,594.95996,841.91998,rect,523.9181756740751,575.7007860604663,151.28662649639034,181.7469855472085,51.782610386391184,30.46035905081817,True,False,"0.9569, 0.9686, 0.9725",#F4F7F8,"0.9569, 0.9686, 0.9725",False
4,594.95996,841.91998,rect,523.9181756740751,524.933520975769,151.28662649639034,181.7469855472085,1.0153453016939693,30.46035905081817,True,False,"1.0000, 1.0000, 1.0000",#FFFFFF,"1.0000, 1.0000, 1.0000",False
4,594.95996,841.91998,rect,549.8094808672706,550.8248261689646,151.28662649639034,181.7469855472085,1.0153453016939693,30.46035905081817,True,False,"1.0000, 1.0000, 1.0000",#FFFFFF,"1.0000, 1.0000, 1.0000",False
4,594.95996,841.91998,rect,92.3964224541489,115.74936439310962,229.46821472682393,259.9285737776421,23.35294193896071,30.46035905081817,True,False,"0.9569, 0.9686, 0.9725",#F4F7F8,"0.9569, 0.9686, 0.9725",False
4,594.95996,841.91998,rect,92.3964224541489,93.41176775584285,229.46821472682393,259.9285737776421,1.0153453016939409,30.46035905081817,True,False,"1.0000, 1.0000, 1.0000",#FFFFFF,"1.0000, 1.0000, 1.0000",False
4,594.95996,841.91998,rect,115.74936439310962,161.43990296933708,229.46821472682393,259.9285737776421,45.69053857622747,30.46035905081817,True,False,"0.9569, 0.9686, 0.9725",#F4F7F8,"0.9569, 0.9686, 0.9725",False
4,594.95996,841.91998,rect,115.74936439310962,116.76470969480356,229.46821472682393,259.9285737776421,1.0153453016939409,30.46035905081817,True,False,"1.0000, 1.0000, 1.0000",#FFFFFF,"1.0000, 1.0000, 1.0000",False
4,594.95996,841.91998,rect,161.43990296933708,213.22251335572824,229.46821472682393,259.9285737776421,51.782610386391156,30.46035905081817,True,False,"0.9569, 0.9686, 0.9725",#F4F7F8,"0.9569, 0.9686, 0.9725",False
4,594.95996,841.91998,rect,161.43990296933708,162.45524827103105,229.46821472682393,259.9285737776421,1.0153453016939693,30.46035905081817,True,False,"1.0000, 1.0000, 1.0000",#FFFFFF,"1.0000, 1.0000, 1.0000",False
4,594.95996,841.91998,rect,187.33120816253268,188.34655346422662,229.46821472682393,259.9285737776421,1.0153453016939409,30.46035905081817,True,False,"1.0000, 1.0000, 1.0000",#FFFFFF,"1.0000, 1.0000, 1.0000",False
4,594.95996,841.91998,rect,213.22251335572824,316.7877341285105,229.46821472682393,259.9285737776421,103.56522077278228,30.46035905081817,True,False,"0.9569, 0.9686, 0.9725",#F4F7F8,"0.9569, 0.9686, 0.9725",False
4,594.95996,841.91998,rect,213.22251335572824,214.23785865742218,229.46821472682393,259.9285737776421,1.0153453016939409,30.46035905081817,True,False,"1.0000, 1.0000, 1.0000",#FFFFFF,"1.0000, 1.0000, 1.0000",False
4,594.95996,841.91998,rect,239.1138185489238,240.12916385061774,229.46821472682393,259.9285737776421,1.0153453016939409,30.46035905081817,True,False,"1.0000, 1.0000, 1.0000",#FFFFFF,"1.0000, 1.0000, 1.0000",False
4,594.95996,841.91998,rect,265.0051237421194,266.0204690438133,229.46821472682393,259.9285737776421,1.0153453016939125,30.46035905081817,True,False,"1.0000, 1.0000, 1.0000",#FFFFFF,"1.0000, 1.0000, 1.0000",False
4,594.95996,841.91998,rect,290.89642893531493,291.9117742370089,229.46821472682393,259.9285737776421,1.0153453016939693,30.46035905081817,True,False,"1.0000, 1.0000, 1.0000",#FFFFFF,"1.0000, 1.0000, 1.0000",False
4,594.95996,841.91998,rect,316.7877341285105,420.35295490129283,229.46821472682393,259.9285737776421,103.56522077278231,30.46035905081817,True,False,"0.9569, 0.9686, 0.9725",#F4F7F8,"0.9569, 0.9686, 0.9725",False
4,594.95996,841.91998,rect,316.7877341285105,317.8030794302045,229.46821472682393,259.9285737776421,1.0153453016939693,30.46035905081817,True,False,"1.0000, 1.0000, 1.0000",#FFFFFF,"1.0000, 1.0000, 1.0000",False
4,594.95996,841.91998,rect,342.6790393217061,343.6943846234,229.46821472682393,259.9285737776421,1.0153453016939125,30.46035905081817,True,False,"1.0000, 1.0000, 1.0000",#FFFFFF,"1.0000, 1.0000, 1.0000",False
4,594.95996,841.91998,rect,368.57034451490165,369.5856898165956,229.46821472682393,259.9285737776421,1.0153453016939693,30.46035905081817,True,False,"1.0000, 1.0000, 1.0000",#FFFFFF,"1.0000, 1.0000, 1.0000",False
4,594.95996,841.91998,rect,394.46164970809724,395.4769950097912,229.46821472682393,259.9285737776421,1.0153453016939693,30.46035905081817,True,False,"1.0000, 1.0000, 1.0000",#FFFFFF,"1.0000, 1.0000, 1.0000",False
4,594.95996,841.91998,rect,420.35295490129283,523.9181756740751,229.46821472682393,259.9285737776421,103.56522077278225,30.46035905081817,True,False,"0.9569, 0.9686, 0.9725",#F4F7F8,"0.9569, 0.9686, 0.9725",False
4,594.95996,841.91998,rect,420.35295490129283,421.36830020298675,229.46821472682393,259.9285737776421,1.0153453016939125,30.46035905081817,True,False,"1.0000, 1.0000, 1.0000",#FFFFFF,"1.0000, 1.0000, 1.0000",False
4,594.95996,841.91998,rect,446.24426009448837,447.25960539618234,229.46821472682393,259.9285737776421,1.0153453016939693,30.46035905081817,True,False,"1.0000, 1.0000, 1.0000",#FFFFFF,"1.0000, 1.0000, 1.0000",False
4,594.95996,841.91998,rect,472.13556528768396,473.1509105893779,229.46821472682393,259.9285737776421,1.0153453016939125,30.46035905081817,True,False,"1.0000, 1.0000, 1.0000",#FFFFFF,"1.0000, 1.0000, 1.0000",False
4,594.95996,841.91998,rect,498.02687048087955,499.04221578257346,229.46821472682393,259.9285737776421,1.0153453016939125,30.46035905081817,True,False,"1.0000, 1.0000, 1.0000",#FFFFFF,"1.0000, 1.0000, 1.0000",False
4,594.95996,841.91998,rect,523.9181756740751,575.7007860604663,229.46821472682393,259.9285737776421,51.782610386391184,30.46035905081817,True,False,"0.9569, 0.9686, 0.9725",#F4F7F8,"0.9569, 0.9686, 0.9725",False
4,594.95996,841.91998,rect,523.9181756740751,524.933520975769,229.46821472682393,259.9285737776421,1.0153453016939693,30.46035905081817,True,False,"1.0000, 1.0000, 1.0000",#FFFFFF,"1.0000, 1.0000, 1.0000",False
4,594.95996,841.91998,rect,549.8094808672706,550.8248261689646,229.46821472682393,259.9285737776421,1.0153453016939693,30.46035905081817,True,False,"1.0000, 1.0000, 1.0000",#FFFFFF,"1.0000, 1.0000, 1.0000",False
4,594.95996,841.91998,rect,92.3964224541489,115.74936439310962,260.9439190793363,291.40427813015447,23.35294193896071,30.46035905081817,True,False,"0.9569, 0.9686, 0.9725",#F4F7F8,"0.9569, 0.9686, 0.9725",False
4,594.95996,841.91998,rect,92.3964224541489,93.41176775584285,260.9439190793363,291.40427813015447,1.0153453016939409,30.46035905081817,True,False,"1.0000, 1.0000, 1.0000",#FFFFFF,"1.0000, 1.0000, 1.0000",False
4,594.95996,841.91998,rect,115.74936439310962,161.43990296933708,260.9439190793363,291.40427813015447,45.69053857622747,30.46035905081817,True,False,"0.9569, 0.9686, 0.9725",#F4F7F8,"0.9569, 0.9686, 0.9725",False
4,594.95996,841.91998,rect,115.74936439310962,116.76470969480356,260.9439190793363,291.40427813015447,1.0153453016939409,30.46035905081817,True,False,"1.0000, 1.0000, 1.0000",#FFFFFF,"1.0000, 1.0000, 1.0000",False
4,594.95996,841.91998,rect,161.43990296933708,213.22251335572824,260.9439190793363,291.40427813015447,51.782610386391156,30.46035905081817,True,False,"0.9569, 0.9686, 0.9725",#F4F7F8,"0.9569, 0.9686, 0.9725",False
4,594.95996,841.91998,rect,161.43990296933708,162.45524827103105,260.9439190793363,291.40427813015447,1.0153453016939693,30.46035905081817,True,False,"1.0000, 1.0000, 1.0000",#FFFFFF,"1.0000, 1.0000, 1.0000",False
4,594.95996,841.91998,rect,187.33120816253268,188.34655346422662,260.9439190793363,291.40427813015447,1.0153453016939409,30.46035905081817,True,False,"1.0000, 1.0000, 1.0000",#FFFFFF,"1.0000, 1.0000, 1.0000",False
4,594.95996,841.91998,rect,213.22251335572824,316.7877341285105,260.9439190793363,291.40427813015447,103.56522077278228,30.46035905081817,True,False,"0.9569, 0.9686, 0.9725",#F4F7F8,"0.9569, 0.9686, 0.9725",False
4,594.95996,841.91998,rect,213.22251335572824,214.23785865742218,260.9439190793363,291.40427813015447,1.0153453016939409,30.46035905081817,True,False,"1.0000, 1.0000, 1.0000",#FFFFFF,"1.0000, 1.0000, 1.0000",False
4,594.95996,841.91998,rect,239.1138185489238,240.12916385061774,260.9439190793363,291.40427813015447,1.0153453016939409,30.46035905081817,True,False,"1.0000, 1.0000, 1.0000",#FFFFFF,"1.0000, 1.0000, 1.0000",False
4,594.95996,841.91998,rect,265.0051237421194,266.0204690438133,260.9439190793363,291.40427813015447,1.0153453016939125,30.46035905081817,True,False,"1.0000, 1.0000, 1.0000",#FFFFFF,"1.0000, 1.0000, 1.0000",False
4,594.95996,841.91998,rect,290.89642893531493,291.9117742370089,260.9439190793363,291.40427813015447,1.0153453016939693,30.46035905081817,True,False,"1.0000, 1.0000, 1.0000",#FFFFFF,"1.0000, 1.0000, 1.0000",False
4,594.95996,841.91998,rect,316.7877341285105,420.35295490129283,260.9439190793363,291.40427813015447,103.56522077278231,30.46035905081817,True,False,"0.9569, 0.9686, 0.9725",#F4F7F8,"0.9569, 0.9686, 0.9725",False
4,594.95996,841.91998,rect,316.7877341285105,317.8030794302045,260.9439190793363,291.40427813015447,1.0153453016939693,30.46035905081817,True,False,"1.0000, 1.0000, 1.0000",#FFFFFF,"1.0000, 1.0000, 1.0000",False
4,594.95996,841.91998,rect,342.6790393217061,343.6943846234,260.9439190793363,291.40427813015447,1.0153453016939125,30.46035905081817,True,False,"1.0000, 1.0000, 1.0000",#FFFFFF,"1.0000, 1.0000, 1.0000",False
4,594.95996,841.91998,rect,368.57034451490165,369.5856898165956,260.9439190793363,291.40427813015447,1.0153453016939693,30.46035905081817,True,False,"1.0000, 1.0000, 1.0000",#FFFFFF,"1.0000, 1.0000, 1.0000",False
4,594.95996,841.91998,rect,394.46164970809724,395.4769950097912,260.9439190793363,291.40427813015447,1.0153453016939693,30.46035905081817,True,False,"1.0000, 1.0000, 1.0000",#FFFFFF,"1.0000, 1.0000, 1.0000",False
4,594.95996,841.91998,rect,420.35295490129283,523.9181756740751,260.9439190793363,291.40427813015447,103.56522077278225,30.46035905081817,True,False,"0.9569, 0.9686, 0.9725",#F4F7F8,"0.9569, 0.9686, 0.9725",False
4,594.95996,841.91998,rect,420.35295490129283,421.36830020298675,260.9439190793363,291.40427813015447,1.0153453016939125,30.46035905081817,True,False,"1.0000, 1.0000, 1.0000",#FFFFFF,"1.0000, 1.0000, 1.0000",False
4,594.95996,841.91998,rect,446.24426009448837,447.25960539618234,260.9439190793363,291.40427813015447,1.0153453016939693,30.46035905081817,True,False,"1.0000, 1.0000, 1.0000",#FFFFFF,"1.0000, 1.0000, 1.0000",False
4,594.95996,841.91998,rect,472.13556528768396,473.1509105893779,260.9439190793363,291.40427813015447,1.0153453016939125,30.46035905081817,True,False,"1.0000, 1.0000, 1.0000",#FFFFFF,"1.0000, 1.0000, 1.0000",False
4,594.95996,841.91998,rect,498.02687048087955,499.04221578257346,260.9439190793363,291.40427813015447,1.0153453016939125,30.46035905081817,True,False,"1.0000, 1.0000, 1.0000",#FFFFFF,"1.0000, 1.0000, 1.0000",False
4,594.95996,841.91998,rect,523.9181756740751,575.7007860604663,260.9439190793363,291.40427813015447,51.782610386391184,30.46035905081817,True,False,"0.9569, 0.9686, 0.9725",#F4F7F8,"0.9569, 0.9686, 0.9725",False
4,594.95996,841.91998,rect,523.9181756740751,524.933520975769,260.9439190793363,291.40427813015447,1.0153453016939693,30.46035905081817,True,False,"1.0000, 1.0000, 1.0000",#FFFFFF,"1.0000, 1.0000, 1.0000",False
4,594.95996,841.91998,rect,549.8094808672706,550.8248261689646,260.9439190793363,291.40427813015447,1.0153453016939693,30.46035905081817,True,False,"1.0000, 1.0000, 1.0000",#FFFFFF,"1.0000, 1.0000, 1.0000",False
4,594.95996,841.91998,rect,92.3964224541489,115.74936439310962,332.01809019791233,363.4937945504247,23.35294193896071,31.475704352512366,True,False,"0.9569, 0.9686, 0.9725",#F4F7F8,"0.9569, 0.9686, 0.9725",False
4,594.95996,841.91998,rect,92.3964224541489,93.41176775584285,332.01809019791233,363.4937945504247,1.0153453016939409,31.475704352512366,True,False,"1.0000, 1.0000, 1.0000",#FFFFFF,"1.0000, 1.0000, 1.0000",False
4,594.95996,841.91998,rect,115.74936439310962,161.43990296933708,332.01809019791233,363.4937945504247,45.69053857622747,31.475704352512366,True,False,"0.9569, 0.9686, 0.9725",#F4F7F8,"0.9569, 0.9686, 0.9725",False
4,594.95996,841.91998,rect,115.74936439310962,116.76470969480356,332.01809019791233,363.4937945504247,1.0153453016939409,31.475704352512366,True,False,"1.0000, 1.0000, 1.0000",#FFFFFF,"1.0000, 1.0000, 1.0000",False
4,594.95996,841.91998,rect,161.43990296933708,213.22251335572824,332.01809019791233,363.4937945504247,51.782610386391156,31.475704352512366,True,False,"0.9569, 0.9686, 0.9725",#F4F7F8,"0.9569, 0.9686, 0.9725",False
4,594.95996,841.91998,rect,161.43990296933708,162.45524827103105,332.01809019791233,363.4937945504247,1.0153453016939693,31.475704352512366,True,False,"1.0000, 1.0000, 1.0000",#FFFFFF,"1.0000, 1.0000, 1.0000",False
4,594.95996,841.91998,rect,213.22251335572824,316.7877341285105,332.01809019791233,363.4937945504247,103.56522077278228,31.475704352512366,True,False,"0.9569, 0.9686, 0.9725",#F4F7F8,"0.9569, 0.9686, 0.9725",False
4,594.95996,841.91998,rect,213.22251335572824,214.23785865742218,332.01809019791233,363.4937945504247,1.0153453016939409,31.475704352512366,True,False,"1.0000, 1.0000, 1.0000",#FFFFFF,"1.0000, 1.0000, 1.0000",False
4,594.95996,841.91998,rect,316.7877341285105,420.35295490129283,332.01809019791233,363.4937945504247,103.56522077278231,31.475704352512366,True,False,"0.9569, 0.9686, 0.9725",#F4F7F8,"0.9569, 0.9686, 0.9725",False
4,594.95996,841.91998,rect,316.7877341285105,317.8030794302045,332.01809019791233,363.4937945504247,1.0153453016939693,31.475704352512366,True,False,"1.0000, 1.0000, 1.0000",#FFFFFF,"1.0000, 1.0000, 1.0000",False
4,594.95996,841.91998,rect,420.35295490129283,523.9181756740751,332.01809019791233,363.4937945504247,103.56522077278225,31.475704352512366,True,False,"0.9569, 0.9686, 0.9725",#F4F7F8,"0.9569, 0.9686, 0.9725",False
4,594.95996,841.91998,rect,420.35295490129283,421.36830020298675,332.01809019791233,363.4937945504247,1.0153453016939125,31.475704352512366,True,False,"1.0000, 1.0000, 1.0000",#FFFFFF,"1.0000, 1.0000, 1.0000",False
4,594.95996,841.91998,rect,523.9181756740751,575.7007860604663,332.01809019791233,363.4937945504247,51.782610386391184,31.475704352512366,True,False,"0.9569, 0.9686, 0.9725",#F4F7F8,"0.9569, 0.9686, 0.9725",False
4,594.95996,841.91998,rect,523.9181756740751,524.933520975769,332.01809019791233,363.4937945504247,1.0153453016939693,31.475704352512366,True,False,"1.0000, 1.0000, 1.0000",#FFFFFF,"1.0000, 1.0000, 1.0000",False
4,594.95996,841.91998,rect,92.3964224541489,115.74936439310962,411.2150237300401,441.6753827808583,23.35294193896071,30.46035905081817,True,False,"0.9569, 0.9686, 0.9725",#F4F7F8,"0.9569, 0.9686, 0.9725",False
4,594.95996,841.91998,rect,92.3964224541489,93.41176775584285,411.2150237300401,441.6753827808583,1.0153453016939409,30.46035905081817,True,False,"1.0000, 1.0000, 1.0000",#FFFFFF,"1.0000, 1.0000, 1.0000",False
4,594.95996,841.91998,rect,115.74936439310962,161.43990296933708,411.2150237300401,441.6753827808583,45.69053857622747,30.46035905081817,True,False,"0.9569, 0.9686, 0.9725",#F4F7F8,"0.9569, 0.9686, 0.9725",False
4,594.95996,841.91998,rect,115.74936439310962,116.76470969480356,411.2150237300401,441.6753827808583,1.0153453016939409,30.46035905081817,True,False,"1.0000, 1.0000, 1.0000",#FFFFFF,"1.0000, 1.0000, 1.0000",False
4,594.95996,841.91998,rect,161.43990296933708,213.22251335572824,411.2150237300401,441.6753827808583,51.782610386391156,30.46035905081817,True,False,"0.9569, 0.9686, 0.9725",#F4F7F8,"0.9569, 0.9686, 0.9725",False
4,594.95996,841.91998,rect,161.43990296933708,162.45524827103105,411.2150237300401,441.6753827808583,1.0153453016939693,30.46035905081817,True,False,"1.0000, 1.0000, 1.0000",#FFFFFF,"1.0000, 1.0000, 1.0000",False
4,594.95996,841.91998,rect,187.33120816253268,188.34655346422662,411.2150237300401,441.6753827808583,1.0153453016939409,30.46035905081817,True,False,"1.0000, 1.0000, 1.0000",#FFFFFF,"1.0000, 1.0000, 1.0000",False
4,594.95996,841.91998,rect,213.22251335572824,316.7877341285105,411.2150237300401,441.6753827808583,103.56522077278228,30.46035905081817,True,False,"0.9569, 0.9686, 0.9725",#F4F7F8,"0.9569, 0.9686, 0.9725",False
4,594.95996,841.91998,rect,213.22251335572824,214.23785865742218,411.2150237300401,441.6753827808583,1.0153453016939409,30.46035905081817,True,False,"1.0000, 1.0000, 1.0000",#FFFFFF,"1.0000, 1.0000, 1.0000",False
4,594.95996,841.91998,rect,239.1138185489238,240.12916385061774,411.2150237300401,441.6753827808583,1.0153453016939409,30.46035905081817,True,False,"1.0000, 1.0000, 1.0000",#FFFFFF,"1.0000, 1.0000, 1.0000",False
4,594.95996,841.91998,rect,265.0051237421194,266.0204690438133,411.2150237300401,441.6753827808583,1.0153453016939125,30.46035905081817,True,False,"1.0000, 1.0000, 1.0000",#FFFFFF,"1.0000, 1.0000, 1.0000",False
4,594.95996,841.91998,rect,290.89642893531493,291.9117742370089,411.2150237300401,441.6753827808583,1.0153453016939693,30.46035905081817,True,False,"1.0000, 1.0000, 1.0000",#FFFFFF,"1.0000, 1.0000, 1.0000",False
4,594.95996,841.91998,rect,316.7877341285105,420.35295490129283,411.2150237300401,441.6753827808583,103.56522077278231,30.46035905081817,True,False,"0.9569, 0.9686, 0.9725",#F4F7F8,"0.9569, 0.9686, 0.9725",False
4,594.95996,841.91998,rect,316.7877341285105,317.8030794302045,411.2150237300401,441.6753827808583,1.0153453016939693,30.46035905081817,True,False,"1.0000, 1.0000, 1.0000",#FFFFFF,"1.0000, 1.0000, 1.0000",False
4,594.95996,841.91998,rect,342.6790393217061,343.6943846234,411.2150237300401,441.6753827808583,1.0153453016939125,30.46035905081817,True,False,"1.0000, 1.0000, 1.0000",#FFFFFF,"1.0000, 1.0000, 1.0000",False
4,594.95996,841.91998,rect,368.57034451490165,369.5856898165956,411.2150237300401,441.6753827808583,1.0153453016939693,30.46035905081817,True,False,"1.0000, 1.0000, 1.0000",#FFFFFF,"1.0000, 1.0000, 1.0000",False
4,594.95996,841.91998,rect,394.46164970809724,395.4769950097912,411.2150237300401,441.6753827808583,1.0153453016939693,30.46035905081817,True,False,"1.0000, 1.0000, 1.0000",#FFFFFF,"1.0000, 1.0000, 1.0000",False
4,594.95996,841.91998,rect,420.35295490129283,523.9181756740751,411.2150237300401,441.6753827808583,103.56522077278225,30.46035905081817,True,False,"0.9569, 0.9686, 0.9725",#F4F7F8,"0.9569, 0.9686, 0.9725",False
4,594.95996,841.91998,rect,420.35295490129283,421.36830020298675,411.2150237300401,441.6753827808583,1.0153453016939125,30.46035905081817,True,False,"1.0000, 1.0000, 1.0000",#FFFFFF,"1.0000, 1.0000, 1.0000",False
4,594.95996,841.91998,rect,446.24426009448837,447.25960539618234,411.2150237300401,441.6753827808583,1.0153453016939693,30.46035905081817,True,False,"1.0000, 1.0000, 1.0000",#FFFFFF,"1.0000, 1.0000, 1.0000",False
4,594.95996,841.91998,rect,472.13556528768396,473.1509105893779,411.2150237300401,441.6753827808583,1.0153453016939125,30.46035905081817,True,False,"1.0000, 1.0000, 1.0000",#FFFFFF,"1.0000, 1.0000, 1.0000",False
4,594.95996,841.91998,rect,498.02687048087955,499.04221578257346,411.2150237300401,441.6753827808583,1.0153453016939125,30.46035905081817,True,False,"1.0000, 1.0000, 1.0000",#FFFFFF,"1.0000, 1.0000, 1.0000",False
4,594.95996,841.91998,rect,523.9181756740751,575.7007860604663,411.2150237300401,441.6753827808583,51.782610386391184,30.46035905081817,True,False,"0.9569, 0.9686, 0.9725",#F4F7F8,"0.9569, 0.9686, 0.9725",False
4,594.95996,841.91998,rect,523.9181756740751,524.933520975769,411.2150237300401,441.6753827808583,1.0153453016939693,30.46035905081817,True,False,"1.0000, 1.0000, 1.0000",#FFFFFF,"1.0000, 1.0000, 1.0000",False
4,594.95996,841.91998,rect,549.8094808672706,550.8248261689646,411.2150237300401,441.6753827808583,1.0153453016939693,30.46035905081817,True,False,"1.0000, 1.0000, 1.0000",#FFFFFF,"1.0000, 1.0000, 1.0000",False
4,594.95996,841.91998,rect,92.3964224541489,115.74936439310962,442.690728082552,473.15108713337065,23.35294193896071,30.460359050818624,True,False,"0.9569, 0.9686, 0.9725",#F4F7F8,"0.9569, 0.9686, 0.9725",False
4,594.95996,841.91998,rect,92.3964224541489,93.41176775584285,442.690728082552,473.15108713337065,1.0153453016939409,30.460359050818624,True,False,"1.0000, 1.0000, 1.0000",#FFFFFF,"1.0000, 1.0000, 1.0000",False
4,594.95996,841.91998,rect,115.74936439310962,161.43990296933708,442.690728082552,473.15108713337065,45.69053857622747,30.460359050818624,True,False,"0.9569, 0.9686, 0.9725",#F4F7F8,"0.9569, 0.9686, 0.9725",False
4,594.95996,841.91998,rect,115.74936439310962,116.76470969480356,442.690728082552,473.15108713337065,1.0153453016939409,30.460359050818624,True,False,"1.0000, 1.0000, 1.0000",#FFFFFF,"1.0000, 1.0000, 1.0000",False
4,594.95996,841.91998,rect,161.43990296933708,213.22251335572824,442.690728082552,473.15108713337065,51.782610386391156,30.460359050818624,True,False,"0.9569, 0.9686, 0.9725",#F4F7F8,"0.9569, 0.9686, 0.9725",False
4,594.95996,841.91998,rect,161.43990296933708,162.45524827103105,442.690728082552,473.15108713337065,1.0153453016939693,30.460359050818624,True,False,"1.0000, 1.0000, 1.0000",#FFFFFF,"1.0000, 1.0000, 1.0000",False
4,594.95996,841.91998,rect,187.33120816253268,188.34655346422662,442.690728082552,473.15108713337065,1.0153453016939409,30.460359050818624,True,False,"1.0000, 1.0000, 1.0000",#FFFFFF,"1.0000, 1.0000, 1.0000",False
4,594.95996,841.91998,rect,213.22251335572824,316.7877341285105,442.690728082552,473.15108713337065,103.56522077278228,30.460359050818624,True,False,"0.9569, 0.9686, 0.9725",#F4F7F8,"0.9569, 0.9686, 0.9725",False
4,594.95996,841.91998,rect,213.22251335572824,214.23785865742218,442.690728082552,473.15108713337065,1.0153453016939409,30.460359050818624,True,False,"1.0000, 1.0000, 1.0000",#FFFFFF,"1.0000, 1.0000, 1.0000",False
4,594.95996,841.91998,rect,239.1138185489238,240.12916385061774,442.690728082552,473.15108713337065,1.0153453016939409,30.460359050818624,True,False,"1.0000, 1.0000, 1.0000",#FFFFFF,"1.0000, 1.0000, 1.0000",False
4,594.95996,841.91998,rect,265.0051237421194,266.0204690438133,442.690728082552,473.15108713337065,1.0153453016939125,30.460359050818624,True,False,"1.0000, 1.0000, 1.0000",#FFFFFF,"1.0000, 1.0000, 1.0000",False
4,594.95996,841.91998,rect,290.89642893531493,291.9117742370089,442.690728082552,473.15108713337065,1.0153453016939693,30.460359050818624,True,False,"1.0000, 1.0000, 1.0000",#FFFFFF,"1.0000, 1.0000, 1.0000",False
4,594.95996,841.91998,rect,316.7877341285105,420.35295490129283,442.690728082552,473.15108713337065,103.56522077278231,30.460359050818624,True,False,"0.9569, 0.9686, 0.9725",#F4F7F8,"0.9569, 0.9686, 0.9725",False
4,594.95996,841.91998,rect,316.7877341285105,317.8030794302045,442.690728082552,473.15108713337065,1.0153453016939693,30.460359050818624,True,False,"1.0000, 1.0000, 1.0000",#FFFFFF,"1.0000, 1.0000, 1.0000",False
4,594.95996,841.91998,rect,342.6790393217061,343.6943846234,442.690728082552,473.15108713337065,1.0153453016939125,30.460359050818624,True,False,"1.0000, 1.0000, 1.0000",#FFFFFF,"1.0000, 1.0000, 1.0000",False
4,594.95996,841.91998,rect,368.57034451490165,369.5856898165956,442.690728082552,473.15108713337065,1.0153453016939693,30.460359050818624,True,False,"1.0000, 1.0000, 1.0000",#FFFFFF,"1.0000, 1.0000, 1.0000",False
4,594.95996,841.91998,rect,394.46164970809724,395.4769950097912,442.690728082552,473.15108713337065,1.0153453016939693,30.460359050818624,True,False,"1.0000, 1.0000, 1.0000",#FFFFFF,"1.0000, 1.0000, 1.0000",False
4,594.95996,841.91998,rect,420.35295490129283,523.9181756740751,442.690728082552,473.15108713337065,103.56522077278225,30.460359050818624,True,False,"0.9569, 0.9686, 0.9725",#F4F7F8,"0.9569, 0.9686, 0.9725",False
4,594.95996,841.91998,rect,420.35295490129283,421.36830020298675,442.690728082552,473.15108713337065,1.0153453016939125,30.460359050818624,True,False,"1.0000, 1.0000, 1.0000",#FFFFFF,"1.0000, 1.0000, 1.0000",False
4,594.95996,841.91998,rect,446.24426009448837,447.25960539618234,442.690728082552,473.15108713337065,1.0153453016939693,30.460359050818624,True,False,"1.0000, 1.0000, 1.0000",#FFFFFF,"1.0000, 1.0000, 1.0000",False
4,594.95996,841.91998,rect,472.13556528768396,473.1509105893779,442.690728082552,473.15108713337065,1.0153453016939125,30.460359050818624,True,False,"1.0000, 1.0000, 1.0000",#FFFFFF,"1.0000, 1.0000, 1.0000",False
4,594.95996,841.91998,rect,498.02687048087955,499.04221578257346,442.690728082552,473.15108713337065,1.0153453016939125,30.460359050818624,True,False,"1.0000, 1.0000, 1.0000",#FFFFFF,"1.0000, 1.0000, 1.0000",False
4,594.95996,841.91998,rect,523.9181756740751,575.7007860604663,442.690728082552,473.15108713337065,51.782610386391184,30.460359050818624,True,False,"0.9569, 0.9686, 0.9725",#F4F7F8,"0.9569, 0.9686, 0.9725",False
4,594.95996,841.91998,rect,523.9181756740751,524.933520975769,442.690728082552,473.15108713337065,1.0153453016939693,30.460359050818624,True,False,"1.0000, 1.0000, 1.0000",#FFFFFF,"1.0000, 1.0000, 1.0000",False
4,594.95996,841.91998,rect,549.8094808672706,550.8248261689646,442.690728082552,473.15108713337065,1.0153453016939693,30.460359050818624,True,False,"1.0000, 1.0000, 1.0000",#FFFFFF,"1.0000, 1.0000, 1.0000",False
4,594.95996,841.91998,rect,92.3964224541489,115.74936439310962,474.1664324350644,504.626791485883,23.35294193896071,30.460359050818624,True,False,"0.9569, 0.9686, 0.9725",#F4F7F8,"0.9569, 0.9686, 0.9725",False
4,594.95996,841.91998,rect,92.3964224541489,93.41176775584285,474.1664324350644,504.626791485883,1.0153453016939409,30.460359050818624,True,False,"1.0000, 1.0000, 1.0000",#FFFFFF,"1.0000, 1.0000, 1.0000",False
4,594.95996,841.91998,rect,115.74936439310962,161.43990296933708,474.1664324350644,504.626791485883,45.69053857622747,30.460359050818624,True,False,"0.9569, 0.9686, 0.9725",#F4F7F8,"0.9569, 0.9686, 0.9725",False
4,594.95996,841.91998,rect,115.74936439310962,116.76470969480356,474.1664324350644,504.626791485883,1.0153453016939409,30.460359050818624,True,False,"1.0000, 1.0000, 1.0000",#FFFFFF,"1.0000, 1.0000, 1.0000",False
4,594.95996,841.91998,rect,161.43990296933708,213.22251335572824,474.1664324350644,504.626791485883,51.782610386391156,30.460359050818624,True,False,"0.9569, 0.9686, 0.9725",#F4F7F8,"0.9569, 0.9686, 0.9725",False
4,594.95996,841.91998,rect,161.43990296933708,162.45524827103105,474.1664324350644,504.626791485883,1.0153453016939693,30.460359050818624,True,False,"1.0000, 1.0000, 1.0000",#FFFFFF,"1.0000, 1.0000, 1.0000",False
4,594.95996,841.91998,rect,187.33120816253268,188.34655346422662,474.1664324350644,504.626791485883,1.0153453016939409,30.460359050818624,True,False,"1.0000, 1.0000, 1.0000",#FFFFFF,"1.0000, 1.0000, 1.0000",False
4,594.95996,841.91998,rect,213.22251335572824,316.7877341285105,474.1664324350644,504.626791485883,103.56522077278228,30.460359050818624,True,False,"0.9569, 0.9686, 0.9725",#F4F7F8,"0.9569, 0.9686, 0.9725",False
4,594.95996,841.91998,rect,213.22251335572824,214.23785865742218,474.1664324350644,504.626791485883,1.0153453016939409,30.460359050818624,True,False,"1.0000, 1.0000, 1.0000",#FFFFFF,"1.0000, 1.0000, 1.0000",False
4,594.95996,841.91998,rect,239.1138185489238,240.12916385061774,474.1664324350644,504.626791485883,1.0153453016939409,30.460359050818624,True,False,"1.0000, 1.0000, 1.0000",#FFFFFF,"1.0000, 1.0000, 1.0000",False
4,594.95996,841.91998,rect,265.0051237421194,266.0204690438133,474.1664324350644,504.626791485883,1.0153453016939125,30.460359050818624,True,False,"1.0000, 1.0000, 1.0000",#FFFFFF,"1.0000, 1.0000, 1.0000",False
4,594.95996,841.91998,rect,290.89642893531493,291.9117742370089,474.1664324350644,504.626791485883,1.0153453016939693,30.460359050818624,True,False,"1.0000, 1.0000, 1.0000",#FFFFFF,"1.0000, 1.0000, 1.0000",False
4,594.95996,841.91998,rect,316.7877341285105,420.35295490129283,474.1664324350644,504.626791485883,103.56522077278231,30.460359050818624,True,False,"0.9569, 0.9686, 0.9725",#F4F7F8,"0.9569, 0.9686, 0.9725",False
4,594.95996,841.91998,rect,316.7877341285105,317.8030794302045,474.1664324350644,504.626791485883,1.0153453016939693,30.460359050818624,True,False,"1.0000, 1.0000, 1.0000",#FFFFFF,"1.0000, 1.0000, 1.0000",False
4,594.95996,841.91998,rect,342.6790393217061,343.6943846234,474.1664324350644,504.626791485883,1.0153453016939125,30.460359050818624,True,False,"1.0000, 1.0000, 1.0000",#FFFFFF,"1.0000, 1.0000, 1.0000",False
4,594.95996,841.91998,rect,368.57034451490165,369.5856898165956,474.1664324350644,504.626791485883,1.0153453016939693,30.460359050818624,True,False,"1.0000, 1.0000, 1.0000",#FFFFFF,"1.0000, 1.0000, 1.0000",False
4,594.95996,841.91998,rect,394.46164970809724,395.4769950097912,474.1664324350644,504.626791485883,1.0153453016939693,30.460359050818624,True,False,"1.0000, 1.0000, 1.0000",#FFFFFF,"1.0000, 1.0000, 1.0000",False
4,594.95996,841.91998,rect,420.35295490129283,523.9181756740751,474.1664324350644,504.626791485883,103.56522077278225,30.460359050818624,True,False,"0.9569, 0.9686, 0.9725",#F4F7F8,"0.9569, 0.9686, 0.9725",False
4,594.95996,841.91998,rect,420.35295490129283,421.36830020298675,474.1664324350644,504.626791485883,1.0153453016939125,30.460359050818624,True,False,"1.0000, 1.0000, 1.0000",#FFFFFF,"1.0000, 1.0000, 1.0000",False
4,594.95996,841.91998,rect,446.24426009448837,447.25960539618234,474.1664324350644,504.626791485883,1.0153453016939693,30.460359050818624,True,False,"1.0000, 1.0000, 1.0000",#FFFFFF,"1.0000, 1.0000, 1.0000",False
4,594.95996,841.91998,rect,472.13556528768396,473.1509105893779,474.1664324350644,504.626791485883,1.0153453016939125,30.460359050818624,True,False,"1.0000, 1.0000, 1.0000",#FFFFFF,"1.0000, 1.0000, 1.0000",False
4,594.95996,841.91998,rect,498.02687048087955,499.04221578257346,474.1664324350644,504.626791485883,1.0153453016939125,30.460359050818624,True,False,"1.0000, 1.0000, 1.0000",#FFFFFF,"1.0000, 1.0000, 1.0000",False
4,594.95996,841.91998,rect,523.9181756740751,575.7007860604663,474.1664324350644,504.626791485883,51.782610386391184,30.460359050818624,True,False,"0.9569, 0.9686, 0.9725",#F4F7F8,"0.9569, 0.9686, 0.9725",False
4,594.95996,841.91998,rect,523.9181756740751,524.933520975769,474.1664324350644,504.626791485883,1.0153453016939693,30.460359050818624,True,False,"1.0000, 1.0000, 1.0000",#FFFFFF,"1.0000, 1.0000, 1.0000",False
4,594.95996,841.91998,rect,549.8094808672706,550.8248261689646,474.1664324350644,504.626791485883,1.0153453016939693,30.460359050818624,True,False,"1.0000, 1.0000, 1.0000",#FFFFFF,"1.0000, 1.0000, 1.0000",False
4,594.95996,841.91998,rect,92.3964224541489,115.74936439310962,505.64213678757676,536.1024958383949,23.35294193896071,30.46035905081817,True,False,"0.9569, 0.9686, 0.9725",#F4F7F8,"0.9569, 0.9686, 0.9725",False
4,594.95996,841.91998,rect,92.3964224541489,93.41176775584285,505.64213678757676,536.1024958383949,1.0153453016939409,30.46035905081817,True,False,"1.0000, 1.0000, 1.0000",#FFFFFF,"1.0000, 1.0000, 1.0000",False
4,594.95996,841.91998,rect,115.74936439310962,161.43990296933708,505.64213678757676,536.1024958383949,45.69053857622747,30.46035905081817,True,False,"0.9569, 0.9686, 0.9725",#F4F7F8,"0.9569, 0.9686, 0.9725",False
4,594.95996,841.91998,rect,115.74936439310962,116.76470969480356,505.64213678757676,536.1024958383949,1.0153453016939409,30.46035905081817,True,False,"1.0000, 1.0000, 1.0000",#FFFFFF,"1.0000, 1.0000, 1.0000",False
4,594.95996,841.91998,rect,161.43990296933708,213.22251335572824,505.64213678757676,536.1024958383949,51.782610386391156,30.46035905081817,True,False,"0.9569, 0.9686, 0.9725",#F4F7F8,"0.9569, 0.9686, 0.9725",False
4,594.95996,841.91998,rect,161.43990296933708,162.45524827103105,505.64213678757676,536.1024958383949,1.0153453016939693,30.46035905081817,True,False,"1.0000, 1.0000, 1.0000",#FFFFFF,"1.0000, 1.0000, 1.0000",False
4,594.95996,841.91998,rect,187.33120816253268,188.34655346422662,505.64213678757676,536.1024958383949,1.0153453016939409,30.46035905081817,True,False,"1.0000, 1.0000, 1.0000",#FFFFFF,"1.0000, 1.0000, 1.0000",False
4,594.95996,841.91998,rect,213.22251335572824,316.7877341285105,505.64213678757676,536.1024958383949,103.56522077278228,30.46035905081817,True,False,"0.9569, 0.9686, 0.9725",#F4F7F8,"0.9569, 0.9686, 0.9725",False
4,594.95996,841.91998,rect,213.22251335572824,214.23785865742218,505.64213678757676,536.1024958383949,1.0153453016939409,30.46035905081817,True,False,"1.0000, 1.0000, 1.0000",#FFFFFF,"1.0000, 1.0000, 1.0000",False
4,594.95996,841.91998,rect,239.1138185489238,240.12916385061774,505.64213678757676,536.1024958383949,1.0153453016939409,30.46035905081817,True,False,"1.0000, 1.0000, 1.0000",#FFFFFF,"1.0000, 1.0000, 1.0000",False
4,594.95996,841.91998,rect,265.0051237421194,266.0204690438133,505.64213678757676,536.1024958383949,1.0153453016939125,30.46035905081817,True,False,"1.0000, 1.0000, 1.0000",#FFFFFF,"1.0000, 1.0000, 1.0000",False
4,594.95996,841.91998,rect,290.89642893531493,291.9117742370089,505.64213678757676,536.1024958383949,1.0153453016939693,30.46035905081817,True,False,"1.0000, 1.0000, 1.0000",#FFFFFF,"1.0000, 1.0000, 1.0000",False
4,594.95996,841.91998,rect,316.7877341285105,420.35295490129283,505.64213678757676,536.1024958383949,103.56522077278231,30.46035905081817,True,False,"0.9569, 0.9686, 0.9725",#F4F7F8,"0.9569, 0.9686, 0.9725",False
4,594.95996,841.91998,rect,316.7877341285105,317.8030794302045,505.64213678757676,536.1024958383949,1.0153453016939693,30.46035905081817,True,False,"1.0000, 1.0000, 1.0000",#FFFFFF,"1.0000, 1.0000, 1.0000",False
4,594.95996,841.91998,rect,342.6790393217061,343.6943846234,505.64213678757676,536.1024958383949,1.0153453016939125,30.46035905081817,True,False,"1.0000, 1.0000, 1.0000",#FFFFFF,"1.0000, 1.0000, 1.0000",False
4,594.95996,841.91998,rect,368.57034451490165,369.5856898165956,505.64213678757676,536.1024958383949,1.0153453016939693,30.46035905081817,True,False,"1.0000, 1.0000, 1.0000",#FFFFFF,"1.0000, 1.0000, 1.0000",False
4,594.95996,841.91998,rect,394.46164970809724,395.4769950097912,505.64213678757676,536.1024958383949,1.0153453016939693,30.46035905081817,True,False,"1.0000, 1.0000, 1.0000",#FFFFFF,"1.0000, 1.0000, 1.0000",False
4,594.95996,841.91998,rect,420.35295490129283,523.9181756740751,505.64213678757676,536.1024958383949,103.56522077278225,30.46035905081817,True,False,"0.9569, 0.9686, 0.9725",#F4F7F8,"0.9569, 0.9686, 0.9725",False
4,594.95996,841.91998,rect,420.35295490129283,421.36830020298675,505.64213678757676,536.1024958383949,1.0153453016939125,30.46035905081817,True,False,"1.0000, 1.0000, 1.0000",#FFFFFF,"1.0000, 1.0000, 1.0000",False
4,594.95996,841.91998,rect,446.24426009448837,447.25960539618234,505.64213678757676,536.1024958383949,1.0153453016939693,30.46035905081817,True,False,"1.0000, 1.0000, 1.0000",#FFFFFF,"1.0000, 1.0000, 1.0000",False
4,594.95996,841.91998,rect,472.13556528768396,473.1509105893779,505.64213678757676,536.1024958383949,1.0153453016939125,30.46035905081817,True,False,"1.0000, 1.0000, 1.0000",#FFFFFF,"1.0000, 1.0000, 1.0000",False
4,594.95996,841.91998,rect,498.02687048087955,499.04221578257346,505.64213678757676,536.1024958383949,1.0153453016939125,30.46035905081817,True,False,"1.0000, 1.0000, 1.0000",#FFFFFF,"1.0000, 1.0000, 1.0000",False
4,594.95996,841.91998,rect,523.9181756740751,575.7007860604663,505.64213678757676,536.1024958383949,51.782610386391184,30.46035905081817,True,False,"0.9569, 0.9686, 0.9725",#F4F7F8,"0.9569, 0.9686, 0.9725",False
4,594.95996,841.91998,rect,523.9181756740751,524.933520975769,505.64213678757676,536.1024958383949,1.0153453016939693,30.46035905081817,True,False,"1.0000, 1.0000, 1.0000",#FFFFFF,"1.0000, 1.0000, 1.0000",False
4,594.95996,841.91998,rect,549.8094808672706,550.8248261689646,505.64213678757676,536.1024958383949,1.0153453016939693,30.46035905081817,True,False,"1.0000, 1.0000, 1.0000",#FFFFFF,"1.0000, 1.0000, 1.0000",False
4,594.95996,841.91998,rect,92.3964224541489,115.74936439310962,537.1178411400891,567.5782001909073,23.35294193896071,30.46035905081817,True,False,"0.9569, 0.9686, 0.9725",#F4F7F8,"0.9569, 0.9686, 0.9725",False
4,594.95996,841.91998,rect,92.3964224541489,93.41176775584285,537.1178411400891,567.5782001909073,1.0153453016939409,30.46035905081817,True,False,"1.0000, 1.0000, 1.0000",#FFFFFF,"1.0000, 1.0000, 1.0000",False
4,594.95996,841.91998,rect,115.74936439310962,161.43990296933708,537.1178411400891,567.5782001909073,45.69053857622747,30.46035905081817,True,False,"0.9569, 0.9686, 0.9725",#F4F7F8,"0.9569, 0.9686, 0.9725",False
4,594.95996,841.91998,rect,115.74936439310962,116.76470969480356,537.1178411400891,567.5782001909073,1.0153453016939409,30.46035905081817,True,False,"1.0000, 1.0000, 1.0000",#FFFFFF,"1.0000, 1.0000, 1.0000",False
4,594.95996,841.91998,rect,161.43990296933708,213.22251335572824,537.1178411400891,567.5782001909073,51.782610386391156,30.46035905081817,True,False,"0.9569, 0.9686, 0.9725",#F4F7F8,"0.9569, 0.9686, 0.9725",False
4,594.95996,841.91998,rect,161.43990296933708,162.45524827103105,537.1178411400891,567.5782001909073,1.0153453016939693,30.46035905081817,True,False,"1.0000, 1.0000, 1.0000",#FFFFFF,"1.0000, 1.0000, 1.0000",False
4,594.95996,841.91998,rect,187.33120816253268,188.34655346422662,537.1178411400891,567.5782001909073,1.0153453016939409,30.46035905081817,True,False,"1.0000, 1.0000, 1.0000",#FFFFFF,"1.0000, 1.0000, 1.0000",False
4,594.95996,841.91998,rect,213.22251335572824,316.7877341285105,537.1178411400891,567.5782001909073,103.56522077278228,30.46035905081817,True,False,"0.9569, 0.9686, 0.9725",#F4F7F8,"0.9569, 0.9686, 0.9725",False
4,594.95996,841.91998,rect,213.22251335572824,214.23785865742218,537.1178411400891,567.5782001909073,1.0153453016939409,30.46035905081817,True,False,"1.0000, 1.0000, 1.0000",#FFFFFF,"1.0000, 1.0000, 1.0000",False
4,594.95996,841.91998,rect,239.1138185489238,240.12916385061774,537.1178411400891,567.5782001909073,1.0153453016939409,30.46035905081817,True,False,"1.0000, 1.0000, 1.0000",#FFFFFF,"1.0000, 1.0000, 1.0000",False
4,594.95996,841.91998,rect,265.0051237421194,266.0204690438133,537.1178411400891,567.5782001909073,1.0153453016939125,30.46035905081817,True,False,"1.0000, 1.0000, 1.0000",#FFFFFF,"1.0000, 1.0000, 1.0000",False
4,594.95996,841.91998,rect,290.89642893531493,291.9117742370089,537.1178411400891,567.5782001909073,1.0153453016939693,30.46035905081817,True,False,"1.0000, 1.0000, 1.0000",#FFFFFF,"1.0000, 1.0000, 1.0000",False
4,594.95996,841.91998,rect,316.7877341285105,420.35295490129283,537.1178411400891,567.5782001909073,103.56522077278231,30.46035905081817,True,False,"0.9569, 0.9686, 0.9725",#F4F7F8,"0.9569, 0.9686, 0.9725",False
4,594.95996,841.91998,rect,316.7877341285105,317.8030794302045,537.1178411400891,567.5782001909073,1.0153453016939693,30.46035905081817,True,False,"1.0000, 1.0000, 1.0000",#FFFFFF,"1.0000, 1.0000, 1.0000",False
4,594.95996,841.91998,rect,342.6790393217061,343.6943846234,537.1178411400891,567.5782001909073,1.0153453016939125,30.46035905081817,True,False,"1.0000, 1.0000, 1.0000",#FFFFFF,"1.0000, 1.0000, 1.0000",False
4,594.95996,841.91998,rect,368.57034451490165,369.5856898165956,537.1178411400891,567.5782001909073,1.0153453016939693,30.46035905081817,True,False,"1.0000, 1.0000, 1.0000",#FFFFFF,"1.0000, 1.0000, 1.0000",False
4,594.95996,841.91998,rect,394.46164970809724,395.4769950097912,537.1178411400891,567.5782001909073,1.0153453016939693,30.46035905081817,True,False,"1.0000, 1.0000, 1.0000",#FFFFFF,"1.0000, 1.0000, 1.0000",False
4,594.95996,841.91998,rect,420.35295490129283,523.9181756740751,537.1178411400891,567.5782001909073,103.56522077278225,30.46035905081817,True,False,"0.9569, 0.9686, 0.9725",#F4F7F8,"0.9569, 0.9686, 0.9725",False
4,594.95996,841.91998,rect,420.35295490129283,421.36830020298675,537.1178411400891,567.5782001909073,1.0153453016939125,30.46035905081817,True,False,"1.0000, 1.0000, 1.0000",#FFFFFF,"1.0000, 1.0000, 1.0000",False
4,594.95996,841.91998,rect,446.24426009448837,447.25960539618234,537.1178411400891,567.5782001909073,1.0153453016939693,30.46035905081817,True,False,"1.0000, 1.0000, 1.0000",#FFFFFF,"1.0000, 1.0000, 1.0000",False
4,594.95996,841.91998,rect,472.13556528768396,473.1509105893779,537.1178411400891,567.5782001909073,1.0153453016939125,30.46035905081817,True,False,"1.0000, 1.0000, 1.0000",#FFFFFF,"1.0000, 1.0000, 1.0000",False
4,594.95996,841.91998,rect,498.02687048087955,499.04221578257346,537.1178411400891,567.5782001909073,1.0153453016939125,30.46035905081817,True,False,"1.0000, 1.0000, 1.0000",#FFFFFF,"1.0000, 1.0000, 1.0000",False
4,594.95996,841.91998,rect,523.9181756740751,575.7007860604663,537.1178411400891,567.5782001909073,51.782610386391184,30.46035905081817,True,False,"0.9569, 0.9686, 0.9725",#F4F7F8,"0.9569, 0.9686, 0.9725",False
4,594.95996,841.91998,rect,523.9181756740751,524.933520975769,537.1178411400891,567.5782001909073,1.0153453016939693,30.46035905081817,True,False,"1.0000, 1.0000, 1.0000",#FFFFFF,"1.0000, 1.0000, 1.0000",False
4,594.95996,841.91998,rect,549.8094808672706,550.8248261689646,537.1178411400891,567.5782001909073,1.0153453016939693,30.46035905081817,True,False,"1.0000, 1.0000, 1.0000",#FFFFFF,"1.0000, 1.0000, 1.0000",False
4,594.95996,841.91998,rect,92.3964224541489,115.74936439310962,615.2994293705227,645.7597884213409,23.35294193896071,30.46035905081817,True,False,"0.9569, 0.9686, 0.9725",#F4F7F8,"0.9569, 0.9686, 0.9725",False
4,594.95996,841.91998,rect,92.3964224541489,93.41176775584285,615.2994293705227,645.7597884213409,1.0153453016939409,30.46035905081817,True,False,"1.0000, 1.0000, 1.0000",#FFFFFF,"1.0000, 1.0000, 1.0000",False
4,594.95996,841.91998,rect,115.74936439310962,161.43990296933708,615.2994293705227,645.7597884213409,45.69053857622747,30.46035905081817,True,False,"0.9569, 0.9686, 0.9725",#F4F7F8,"0.9569, 0.9686, 0.9725",False
4,594.95996,841.91998,rect,115.74936439310962,116.76470969480356,615.2994293705227,645.7597884213409,1.0153453016939409,30.46035905081817,True,False,"1.0000, 1.0000, 1.0000",#FFFFFF,"1.0000, 1.0000, 1.0000",False
4,594.95996,841.91998,rect,161.43990296933708,213.22251335572824,615.2994293705227,645.7597884213409,51.782610386391156,30.46035905081817,True,False,"0.9569, 0.9686, 0.9725",#F4F7F8,"0.9569, 0.9686, 0.9725",False
4,594.95996,841.91998,rect,161.43990296933708,162.45524827103105,615.2994293705227,645.7597884213409,1.0153453016939693,30.46035905081817,True,False,"1.0000, 1.0000, 1.0000",#FFFFFF,"1.0000, 1.0000, 1.0000",False
4,594.95996,841.91998,rect,187.33120816253268,188.34655346422662,615.2994293705227,645.7597884213409,1.0153453016939409,30.46035905081817,True,False,"1.0000, 1.0000, 1.0000",#FFFFFF,"1.0000, 1.0000, 1.0000",False
4,594.95996,841.91998,rect,213.22251335572824,316.7877341285105,615.2994293705227,645.7597884213409,103.56522077278228,30.46035905081817,True,False,"0.9569, 0.9686, 0.9725",#F4F7F8,"0.9569, 0.9686, 0.9725",False
4,594.95996,841.91998,rect,213.22251335572824,214.23785865742218,615.2994293705227,645.7597884213409,1.0153453016939409,30.46035905081817,True,False,"1.0000, 1.0000, 1.0000",#FFFFFF,"1.0000, 1.0000, 1.0000",False
4,594.95996,841.91998,rect,239.1138185489238,240.12916385061774,615.2994293705227,645.7597884213409,1.0153453016939409,30.46035905081817,True,False,"1.0000, 1.0000, 1.0000",#FFFFFF,"1.0000, 1.0000, 1.0000",False
4,594.95996,841.91998,rect,265.0051237421194,266.0204690438133,615.2994293705227,645.7597884213409,1.0153453016939125,30.46035905081817,True,False,"1.0000, 1.0000, 1.0000",#FFFFFF,"1.0000, 1.0000, 1.0000",False
4,594.95996,841.91998,rect,290.89642893531493,291.9117742370089,615.2994293705227,645.7597884213409,1.0153453016939693,30.46035905081817,True,False,"1.0000, 1.0000, 1.0000",#FFFFFF,"1.0000, 1.0000, 1.0000",False
4,594.95996,841.91998,rect,316.7877341285105,420.35295490129283,615.2994293705227,645.7597884213409,103.56522077278231,30.46035905081817,True,False,"0.9569, 0.9686, 0.9725",#F4F7F8,"0.9569, 0.9686, 0.9725",False
4,594.95996,841.91998,rect,316.7877341285105,317.8030794302045,615.2994293705227,645.7597884213409,1.0153453016939693,30.46035905081817,True,False,"1.0000, 1.0000, 1.0000",#FFFFFF,"1.0000, 1.0000, 1.0000",False
4,594.95996,841.91998,rect,342.6790393217061,343.6943846234,615.2994293705227,645.7597884213409,1.0153453016939125,30.46035905081817,True,False,"1.0000, 1.0000, 1.0000",#FFFFFF,"1.0000, 1.0000, 1.0000",False
4,594.95996,841.91998,rect,368.57034451490165,369.5856898165956,615.2994293705227,645.7597884213409,1.0153453016939693,30.46035905081817,True,False,"1.0000, 1.0000, 1.0000",#FFFFFF,"1.0000, 1.0000, 1.0000",False
4,594.95996,841.91998,rect,394.46164970809724,395.4769950097912,615.2994293705227,645.7597884213409,1.0153453016939693,30.46035905081817,True,False,"1.0000, 1.0000, 1.0000",#FFFFFF,"1.0000, 1.0000, 1.0000",False
4,594.95996,841.91998,rect,420.35295490129283,523.9181756740751,615.2994293705227,645.7597884213409,103.56522077278225,30.46035905081817,True,False,"0.9569, 0.9686, 0.9725",#F4F7F8,"0.9569, 0.9686, 0.9725",False
4,594.95996,841.91998,rect,420.35295490129283,421.36830020298675,615.2994293705227,645.7597884213409,1.0153453016939125,30.46035905081817,True,False,"1.0000, 1.0000, 1.0000",#FFFFFF,"1.0000, 1.0000, 1.0000",False
4,594.95996,841.91998,rect,446.24426009448837,447.25960539618234,615.2994293705227,645.7597884213409,1.0153453016939693,30.46035905081817,True,False,"1.0000, 1.0000, 1.0000",#FFFFFF,"1.0000, 1.0000, 1.0000",False
4,594.95996,841.91998,rect,472.13556528768396,473.1509105893779,615.2994293705227,645.7597884213409,1.0153453016939125,30.46035905081817,True,False,"1.0000, 1.0000, 1.0000",#FFFFFF,"1.0000, 1.0000, 1.0000",False
4,594.95996,841.91998,rect,498.02687048087955,499.04221578257346,615.2994293705227,645.7597884213409,1.0153453016939125,30.46035905081817,True,False,"1.0000, 1.0000, 1.0000",#FFFFFF,"1.0000, 1.0000, 1.0000",False
4,594.95996,841.91998,rect,523.9181756740751,575.7007860604663,615.2994293705227,645.7597884213409,51.782610386391184,30.46035905081817,True,False,"0.9569, 0.9686, 0.9725",#F4F7F8,"0.9569, 0.9686, 0.9725",False
4,594.95996,841.91998,rect,523.9181756740751,524.933520975769,615.2994293705227,645.7597884213409,1.0153453016939693,30.46035905081817,True,False,"1.0000, 1.0000, 1.0000",#FFFFFF,"1.0000, 1.0000, 1.0000",False
4,594.95996,841.91998,rect,549.8094808672706,550.8248261689646,615.2994293705227,645.7597884213409,1.0153453016939693,30.46035905081817,True,False,"1.0000, 1.0000, 1.0000",#FFFFFF,"1.0000, 1.0000, 1.0000",False
4,594.95996,841.91998,rect,92.3964224541489,115.74936439310962,693.4810176009563,723.9413766517749,23.35294193896071,30.460359050818624,True,False,"0.9569, 0.9686, 0.9725",#F4F7F8,"0.9569, 0.9686, 0.9725",False
4,594.95996,841.91998,rect,92.3964224541489,93.41176775584285,693.4810176009563,723.9413766517749,1.0153453016939409,30.460359050818624,True,False,"1.0000, 1.0000, 1.0000",#FFFFFF,"1.0000, 1.0000, 1.0000",False
4,594.95996,841.91998,rect,115.74936439310962,161.43990296933708,693.4810176009563,723.9413766517749,45.69053857622747,30.460359050818624,True,False,"0.9569, 0.9686, 0.9725",#F4F7F8,"0.9569, 0.9686, 0.9725",False
4,594.95996,841.91998,rect,115.74936439310962,116.76470969480356,693.4810176009563,723.9413766517749,1.0153453016939409,30.460359050818624,True,False,"1.0000, 1.0000, 1.0000",#FFFFFF,"1.0000, 1.0000, 1.0000",False
4,594.95996,841.91998,rect,161.43990296933708,213.22251335572824,693.4810176009563,723.9413766517749,51.782610386391156,30.460359050818624,True,False,"0.9569, 0.9686, 0.9725",#F4F7F8,"0.9569, 0.9686, 0.9725",False
4,594.95996,841.91998,rect,161.43990296933708,162.45524827103105,693.4810176009563,723.9413766517749,1.0153453016939693,30.460359050818624,True,False,"1.0000, 1.0000, 1.0000",#FFFFFF,"1.0000, 1.0000, 1.0000",False
4,594.95996,841.91998,rect,187.33120816253268,188.34655346422662,693.4810176009563,723.9413766517749,1.0153453016939409,30.460359050818624,True,False,"1.0000, 1.0000, 1.0000",#FFFFFF,"1.0000, 1.0000, 1.0000",False
4,594.95996,841.91998,rect,213.22251335572824,316.7877341285105,693.4810176009563,723.9413766517749,103.56522077278228,30.460359050818624,True,False,"0.9569, 0.9686, 0.9725",#F4F7F8,"0.9569, 0.9686, 0.9725",False
4,594.95996,841.91998,rect,213.22251335572824,214.23785865742218,693.4810176009563,723.9413766517749,1.0153453016939409,30.460359050818624,True,False,"1.0000, 1.0000, 1.0000",#FFFFFF,"1.0000, 1.0000, 1.0000",False
4,594.95996,841.91998,rect,239.1138185489238,240.12916385061774,693.4810176009563,723.9413766517749,1.0153453016939409,30.460359050818624,True,False,"1.0000, 1.0000, 1.0000",#FFFFFF,"1.0000, 1.0000, 1.0000",False
4,594.95996,841.91998,rect,265.0051237421194,266.0204690438133,693.4810176009563,723.9413766517749,1.0153453016939125,30.460359050818624,True,False,"1.0000, 1.0000, 1.0000",#FFFFFF,"1.0000, 1.0000, 1.0000",False
4,594.95996,841.91998,rect,290.89642893531493,291.9117742370089,693.4810176009563,723.9413766517749,1.0153453016939693,30.460359050818624,True,False,"1.0000, 1.0000, 1.0000",#FFFFFF,"1.0000, 1.0000, 1.0000",False
4,594.95996,841.91998,rect,316.7877341285105,420.35295490129283,693.4810176009563,723.9413766517749,103.56522077278231,30.460359050818624,True,False,"0.9569, 0.9686, 0.9725",#F4F7F8,"0.9569, 0.9686, 0.9725",False
4,594.95996,841.91998,rect,316.7877341285105,317.8030794302045,693.4810176009563,723.9413766517749,1.0153453016939693,30.460359050818624,True,False,"1.0000, 1.0000, 1.0000",#FFFFFF,"1.0000, 1.0000, 1.0000",False
4,594.95996,841.91998,rect,342.6790393217061,343.6943846234,693.4810176009563,723.9413766517749,1.0153453016939125,30.460359050818624,True,False,"1.0000, 1.0000, 1.0000",#FFFFFF,"1.0000, 1.0000, 1.0000",False
4,594.95996,841.91998,rect,368.57034451490165,369.5856898165956,693.4810176009563,723.9413766517749,1.0153453016939693,30.460359050818624,True,False,"1.0000, 1.0000, 1.0000",#FFFFFF,"1.0000, 1.0000, 1.0000",False
4,594.95996,841.91998,rect,394.46164970809724,395.4769950097912,693.4810176009563,723.9413766517749,1.0153453016939693,30.460359050818624,True,False,"1.0000, 1.0000, 1.0000",#FFFFFF,"1.0000, 1.0000, 1.0000",False
4,594.95996,841.91998,rect,420.35295490129283,523.9181756740751,693.4810176009563,723.9413766517749,103.56522077278225,30.460359050818624,True,False,"0.9569, 0.9686, 0.9725",#F4F7F8,"0.9569, 0.9686, 0.9725",False
4,594.95996,841.91998,rect,420.35295490129283,421.36830020298675,693.4810176009563,723.9413766517749,1.0153453016939125,30.460359050818624,True,False,"1.0000, 1.0000, 1.0000",#FFFFFF,"1.0000, 1.0000, 1.0000",False
4,594.95996,841.91998,rect,446.24426009448837,447.25960539618234,693.4810176009563,723.9413766517749,1.0153453016939693,30.460359050818624,True,False,"1.0000, 1.0000, 1.0000",#FFFFFF,"1.0000, 1.0000, 1.0000",False
4,594.95996,841.91998,rect,472.13556528768396,473.1509105893779,693.4810176009563,723.9413766517749,1.0153453016939125,30.460359050818624,True,False,"1.0000, 1.0000, 1.0000",#FFFFFF,"1.0000, 1.0000, 1.0000",False
4,594.95996,841.91998,rect,498.02687048087955,499.04221578257346,693.4810176009563,723.9413766517749,1.0153453016939125,30.460359050818624,True,False,"1.0000, 1.0000, 1.0000",#FFFFFF,"1.0000, 1.0000, 1.0000",False
4,594.95996,841.91998,rect,523.9181756740751,575.7007860604663,693.4810176009563,723.9413766517749,51.782610386391184,30.460359050818624,True,False,"0.9569, 0.9686, 0.9725",#F4F7F8,"0.9569, 0.9686, 0.9725",False
4,594.95996,841.91998,rect,523.9181756740751,524.933520975769,693.4810176009563,723.9413766517749,1.0153453016939693,30.460359050818624,True,False,"1.0000, 1.0000, 1.0000",#FFFFFF,"1.0000, 1.0000, 1.0000",False
4,594.95996,841.91998,rect,549.8094808672706,550.8248261689646,693.4810176009563,723.9413766517749,1.0153453016939693,30.460359050818624,True,False,"1.0000, 1.0000, 1.0000",#FFFFFF,"1.0000, 1.0000, 1.0000",False
4,594.95996,841.91998,rect,162.9629236098779,212.71484339288114,453.859445089189,461.98220750274055,49.751919783003245,8.122762413551527,True,False,"0.8667, 0.0000, 0.1882",#DD0030,"0.8667, 0.0000, 0.1882",True
4,594.95996,841.91998,rect,162.9629236098779,212.71484339288114,453.859445089189,461.98220750274055,49.751919783003245,8.122762413551527,True,False,"0.8667, 0.0000, 0.1882",#DD0030,"0.8667, 0.0000, 0.1882",True
4,594.95996,841.91998,rect,162.9629236098779,212.71484339288114,453.859445089189,461.98220750274055,49.751919783003245,8.122762413551527,True,False,"0.8667, 0.0000, 0.1882",#DD0030,"0.8667, 0.0000, 0.1882",True
4,594.95996,841.91998,rect,162.9629236098779,212.71484339288114,454.113269078613,464.7743955143994,49.751919783003245,10.6611264357864,True,False,"0.9490, 0.9647, 0.9686",#F2F6F7,"0.9490, 0.9647, 0.9686",False
4,594.95996,841.91998,rect,214.2378414734229,522.9028131883819,454.113269078613,464.7743955143994,308.66497171495894,10.6611264357864,True,False,"0.9490, 0.9647, 0.9686",#F2F6F7,"0.9490, 0.9647, 0.9686",False
4,594.95996,841.91998,rect,214.2378414734229,263.98976125642616,485.58912376711896,496.25025020290536,49.751919783003274,10.6611264357864,True,False,"0.9490, 0.9647, 0.9686",#F2F6F7,"0.9490, 0.9647, 0.9686",False
4,594.95996,841.91998,rect,266.020476915813,367.5550070852074,485.58912376711896,496.25025020290536,101.53453016939443,10.6611264357864,True,False,"0.9490, 0.9647, 0.9686",#F2F6F7,"0.9490, 0.9647, 0.9686",False
4,594.95996,841.91998,rect,188.34655375222658,263.9897787284254,626.722005886582,637.3831323223684,75.64322497619881,10.661126435786372,True,False,"0.9490, 0.9647, 0.9686",#F2F6F7,"0.9490, 0.9647, 0.9686",False
4,594.95996,841.91998,rect,162.4552516310309,212.20717141403415,704.9036346290139,715.5647610648003,49.751919783003245,10.661126435786386,True,False,"0.9490, 0.9647, 0.9686",#F2F6F7,"0.9490, 0.9647, 0.9686",False
4,594.95996,841.91998,rect,214.2378414734229,574.685423574773,704.9036346290139,715.5647610648003,360.4475821013501,10.661126435786386,True,False,"0.9490, 0.9647, 0.9686",#F2F6F7,"0.9490, 0.9647, 0.9686",False
4,594.95996,841.91998,rect,16.245524827103104,92.3964224541489,72.08969296426255,73.10503826595675,76.1508976270458,1.0153453016941967,True,False,"1.0000, 1.0000, 1.0000",#FFFFFF,"1.0000, 1.0000, 1.0000",False
4,594.95996,841.91998,rect,16.245524827103104,92.3964224541489,93.41194429983568,118.79557684218423,76.1508976270458,25.38363254234855,True,False,"0.5333, 0.5451, 0.5529",#888B8D,"0.5333, 0.5451, 0.5529",False
4,594.95996,841.91998,rect,16.245524827103104,92.3964224541489,118.79557684218423,119.81092214387797,76.1508976270458,1.015345301693742,True,False,"1.0000, 1.0000, 1.0000",#FFFFFF,"1.0000, 1.0000, 1.0000",False
4,594.95996,841.91998,rect,16.245524827103104,92.3964224541489,150.27128119469614,151.28662649639034,76.1508976270458,1.0153453016941967,True,False,"1.0000, 1.0000, 1.0000",#FFFFFF,"1.0000, 1.0000, 1.0000",False
4,594.95996,841.91998,rect,16.245524827103104,92.3964224541489,181.7469855472085,182.7623308489027,76.1508976270458,1.0153453016941967,True,False,"1.0000, 1.0000, 1.0000",#FFFFFF,"1.0000, 1.0000, 1.0000",False
4,594.95996,841.91998,rect,16.245524827103104,92.3964224541489,203.06923688278164,228.4528694251302,76.1508976270458,25.38363254234855,True,False,"0.5333, 0.5451, 0.5529",#888B8D,"0.5333, 0.5451, 0.5529",False
4,594.95996,841.91998,rect,16.245524827103104,92.3964224541489,228.4528694251302,229.46821472682393,76.1508976270458,1.015345301693742,True,False,"1.0000, 1.0000, 1.0000",#FFFFFF,"1.0000, 1.0000, 1.0000",False
4,594.95996,841.91998,rect,16.245524827103104,92.3964224541489,259.9285737776421,260.9439190793363,76.1508976270458,1.0153453016941967,True,False,"1.0000, 1.0000, 1.0000",#FFFFFF,"1.0000, 1.0000, 1.0000",False
4,594.95996,841.91998,rect,16.245524827103104,92.3964224541489,363.4937945504247,364.50913985211844,76.1508976270458,1.015345301693742,True,False,"1.0000, 1.0000, 1.0000",#FFFFFF,"1.0000, 1.0000, 1.0000",False
4,594.95996,841.91998,rect,16.245524827103104,92.3964224541489,384.81604588599737,410.1996784283459,76.1508976270458,25.38363254234855,True,False,"0.5333, 0.5451, 0.5529",#888B8D,"0.5333, 0.5451, 0.5529",False
4,594.95996,841.91998,rect,16.245524827103104,92.3964224541489,410.1996784283459,411.2150237300401,76.1508976270458,1.0153453016941967,True,False,"1.0000, 1.0000, 1.0000",#FFFFFF,"1.0000, 1.0000, 1.0000",False
4,594.95996,841.91998,rect,16.245524827103104,92.3964224541489,441.6753827808583,442.690728082552,76.1508976270458,1.015345301693742,True,False,"1.0000, 1.0000, 1.0000",#FFFFFF,"1.0000, 1.0000, 1.0000",False
4,594.95996,841.91998,rect,16.245524827103104,92.3964224541489,473.15108713337065,474.1664324350644,76.1508976270458,1.015345301693742,True,False,"1.0000, 1.0000, 1.0000",#FFFFFF,"1.0000, 1.0000, 1.0000",False
4,594.95996,841.91998,rect,16.245524827103104,92.3964224541489,504.626791485883,505.64213678757676,76.1508976270458,1.015345301693742,True,False,"1.0000, 1.0000, 1.0000",#FFFFFF,"1.0000, 1.0000, 1.0000",False
4,594.95996,841.91998,rect,16.245524827103104,92.3964224541489,536.1024958383949,537.1178411400891,76.1508976270458,1.0153453016941967,True,False,"1.0000, 1.0000, 1.0000",#FFFFFF,"1.0000, 1.0000, 1.0000",False
4,594.95996,841.91998,rect,16.245524827103104,92.3964224541489,567.5782001909073,568.5935454926015,76.1508976270458,1.0153453016941967,True,False,"1.0000, 1.0000, 1.0000",#FFFFFF,"1.0000, 1.0000, 1.0000",False
4,594.95996,841.91998,rect,16.245524827103104,92.3964224541489,588.90045152648,614.284084068829,76.1508976270458,25.383632542349005,True,False,"0.5333, 0.5451, 0.5529",#888B8D,"0.5333, 0.5451, 0.5529",False
4,594.95996,841.91998,rect,16.245524827103104,92.3964224541489,614.284084068829,615.2994293705227,76.1508976270458,1.015345301693742,True,False,"1.0000, 1.0000, 1.0000",#FFFFFF,"1.0000, 1.0000, 1.0000",False
4,594.95996,841.91998,rect,16.245524827103104,92.3964224541489,645.7597884213409,646.7751337230351,76.1508976270458,1.0153453016941967,True,False,"1.0000, 1.0000, 1.0000",#FFFFFF,"1.0000, 1.0000, 1.0000",False
4,594.95996,841.91998,rect,16.245524827103104,92.3964224541489,667.082039756914,692.4656722992626,76.1508976270458,25.38363254234855,True,False,"0.5333, 0.5451, 0.5529",#888B8D,"0.5333, 0.5451, 0.5529",False
4,594.95996,841.91998,rect,16.245524827103104,92.3964224541489,692.4656722992626,693.4810176009563,76.1508976270458,1.015345301693742,True,False,"1.0000, 1.0000, 1.0000",#FFFFFF,"1.0000, 1.0000, 1.0000",False
4,594.95996,841.91998,rect,16.245524827103104,92.3964224541489,40.61398861175064,72.08969296426255,76.1508976270458,31.47570435251191,True,False,"0.9569, 0.9686, 0.9725",#F4F7F8,"0.9569, 0.9686, 0.9725",False
4,594.95996,841.91998,rect,16.245524827103104,92.3964224541489,119.81092214387797,150.27128119469614,76.1508976270458,30.46035905081817,True,False,"0.9569, 0.9686, 0.9725",#F4F7F8,"0.9569, 0.9686, 0.9725",False
4,594.95996,841.91998,rect,16.245524827103104,92.3964224541489,151.28662649639034,181.7469855472085,76.1508976270458,30.46035905081817,True,False,"0.9569, 0.9686, 0.9725",#F4F7F8,"0.9569, 0.9686, 0.9725",False
4,594.95996,841.91998,rect,16.245524827103104,92.3964224541489,229.46821472682393,259.9285737776421,76.1508976270458,30.46035905081817,True,False,"0.9569, 0.9686, 0.9725",#F4F7F8,"0.9569, 0.9686, 0.9725",False
4,594.95996,841.91998,rect,16.245524827103104,92.3964224541489,260.9439190793363,291.40427813015447,76.1508976270458,30.46035905081817,True,False,"0.9569, 0.9686, 0.9725",#F4F7F8,"0.9569, 0.9686, 0.9725",False
4,594.95996,841.91998,rect,16.245524827103104,92.3964224541489,332.01809019791233,363.4937945504247,76.1508976270458,31.475704352512366,True,False,"0.9569, 0.9686, 0.9725",#F4F7F8,"0.9569, 0.9686, 0.9725",False
4,594.95996,841.91998,rect,16.245524827103104,92.3964224541489,411.2150237300401,441.6753827808583,76.1508976270458,30.46035905081817,True,False,"0.9569, 0.9686, 0.9725",#F4F7F8,"0.9569, 0.9686, 0.9725",False
4,594.95996,841.91998,rect,16.245524827103104,92.3964224541489,442.690728082552,473.15108713337065,76.1508976270458,30.460359050818624,True,False,"0.9569, 0.9686, 0.9725",#F4F7F8,"0.9569, 0.9686, 0.9725",False
4,594.95996,841.91998,rect,16.245524827103104,92.3964224541489,474.1664324350644,504.626791485883,76.1508976270458,30.460359050818624,True,False,"0.9569, 0.9686, 0.9725",#F4F7F8,"0.9569, 0.9686, 0.9725",False
4,594.95996,841.91998,rect,16.245524827103104,92.3964224541489,505.64213678757676,536.1024958383949,76.1508976270458,30.46035905081817,True,False,"0.9569, 0.9686, 0.9725",#F4F7F8,"0.9569, 0.9686, 0.9725",False
4,594.95996,841.91998,rect,16.245524827103104,92.3964224541489,537.1178411400891,567.5782001909073,76.1508976270458,30.46035905081817,True,False,"0.9569, 0.9686, 0.9725",#F4F7F8,"0.9569, 0.9686, 0.9725",False
4,594.95996,841.91998,rect,16.245524827103104,92.3964224541489,615.2994293705227,645.7597884213409,76.1508976270458,30.46035905081817,True,False,"0.9569, 0.9686, 0.9725",#F4F7F8,"0.9569, 0.9686, 0.9725",False
4,594.95996,841.91998,rect,16.245524827103104,92.3964224541489,693.4810176009563,723.9413766517749,76.1508976270458,30.460359050818624,True,False,"0.9569, 0.9686, 0.9725",#F4F7F8,"0.9569, 0.9686, 0.9725",False
4,594.95996,841.91998,curve,163.21675993530138,445.48275380621783,131.23359566793317,138.84868543063783,282.2659938709164,7.615089762704656,True,False,"0.2000, 0.2196, 0.2392",#33383D,"0.2000, 0.2196, 0.2392",True
4,594.95996,841.91998,curve,163.21675993530138,445.48275380621783,131.23359566793317,138.84868543063783,282.2659938709164,7.615089762704656,False,True,"0.0000, 0.0000, 0.0000",#000000,"0.0000, 0.0000, 0.0000",False
4,594.95996,841.91998,curve,162.9629236098779,471.6278953248369,162.45538363102537,170.5781460445769,308.66497171495905,8.122762413551527,True,False,"0.7647, 0.6667, 0.8235",#C3AAD2,"0.7647, 0.6667, 0.8235",True
4,594.95996,841.91998,curve,162.9629236098779,445.73659013164126,240.63702197345697,248.7597843870085,282.7736665217634,8.122762413551527,True,False,"0.7647, 0.6667, 0.8235",#C3AAD2,"0.7647, 0.6667, 0.8235",True
4,594.95996,841.91998,curve,162.9629236098779,445.73659013164126,272.11264386197274,280.23540627552427,282.7736665217634,8.122762413551527,True,False,"0.7647, 0.6667, 0.8235",#C3AAD2,"0.7647, 0.6667, 0.8235",True
4,594.95996,841.91998,curve,162.9629236098779,497.51920051803245,422.383806400674,430.50656881422555,334.5562769081546,8.122762413551527,True,False,"0.7647, 0.6667, 0.8235",#C3AAD2,"0.7647, 0.6667, 0.8235",True
4,594.95996,841.91998,curve,163.21675993530138,212.46100706745767,453.859445089189,461.7283711773171,49.24424713215629,7.868926088128092,True,False,"0.9529, 0.6824, 0.6392",#F3AEA3,"0.9529, 0.6824, 0.6392",True
4,594.95996,841.91998,curve,162.9629236098779,212.71484339288114,454.37976506750897,461.84255357255944,49.751919783003245,7.462788505050469,True,False,"0.9529, 0.6824, 0.6392",#F3AEA3,"0.9529, 0.6824, 0.6392",True
4,594.95996,841.91998,curve,162.9629236098779,212.71484339288114,454.37976506750897,461.84255357255944,49.751919783003245,7.462788505050469,False,True,"0.8667, 0.0000, 0.1882",#DD0030,"0.8667, 0.0000, 0.1882",False
4,594.95996,841.91998,curve,214.74552785226928,523.4104995672283,453.859445089189,461.98220750274055,308.664971714959,8.122762413551527,True,False,"0.7647, 0.6667, 0.8235",#C3AAD2,"0.7647, 0.6667, 0.8235",True
4,594.95996,841.91998,curve,214.2378414734229,522.9028131883819,454.37976506750897,461.84255357255944,308.66497171495894,7.462788505050469,True,False,"0.6118, 0.6157, 0.7725",#9C9DC5,"0.6118, 0.6157, 0.7725",True
4,594.95996,841.91998,curve,214.2378414734229,522.9028131883819,454.37976506750897,461.84255357255944,308.66497171495894,7.462788505050469,False,True,"0.0902, 0.1882, 0.4667",#173077,"0.0902, 0.1882, 0.4667",False
4,594.95996,841.91998,curve,163.21675993530138,212.46100706745767,485.58913610311845,493.20422586582305,49.24424713215629,7.615089762704599,True,False,"0.4824, 0.6824, 0.1529",#7BAE27,"0.4824, 0.6824, 0.1529",True
4,594.95996,841.91998,curve,163.21675993530138,212.46100706745767,485.58913610311845,493.20422586582305,49.24424713215629,7.615089762704599,False,True,"0.4824, 0.6824, 0.1529",#7BAE27,"0.4824, 0.6824, 0.1529",False
4,594.95996,841.91998,curve,214.74552785226928,264.4974476352725,485.33529977769496,493.4580621912465,49.751919783003245,8.122762413551527,True,False,"0.7647, 0.6667, 0.8235",#C3AAD2,"0.7647, 0.6667, 0.8235",True
4,594.95996,841.91998,curve,214.2378414734229,263.98976125642616,485.855643756014,493.31843226106446,49.751919783003274,7.462788505050469,True,False,"0.8667, 0.0000, 0.1882",#DD0030,"0.8667, 0.0000, 0.1882",True
4,594.95996,841.91998,curve,214.2378414734229,263.98976125642616,485.855643756014,493.31843226106446,49.751919783003274,7.462788505050469,False,True,"0.8667, 0.0000, 0.1882",#DD0030,"0.8667, 0.0000, 0.1882",False
4,594.95996,841.91998,curve,266.5281344946606,368.062664664055,485.33529977769496,493.4580621912465,101.53453016939437,8.122762413551527,True,False,"0.7647, 0.6667, 0.8235",#C3AAD2,"0.7647, 0.6667, 0.8235",True
4,594.95996,841.91998,curve,266.020476915813,367.5550070852074,485.855643756014,493.31843226106446,101.53453016939443,7.462788505050469,True,False,"0.0902, 0.1882, 0.4667",#173077,"0.0902, 0.1882, 0.4667",True
4,594.95996,841.91998,curve,266.020476915813,367.5550070852074,485.855643756014,493.31843226106446,101.53453016939443,7.462788505050469,False,True,"0.0902, 0.1882, 0.4667",#173077,"0.0902, 0.1882, 0.4667",False
4,594.95996,841.91998,curve,163.21675993530138,445.48275380621783,517.0647507916344,524.6798405543391,282.2659938709164,7.615089762704599,True,False,"0.2000, 0.2196, 0.2392",#33383D,"0.2000, 0.2196, 0.2392",True
4,594.95996,841.91998,curve,163.21675993530138,445.48275380621783,517.0647507916344,524.6798405543391,282.2659938709164,7.615089762704599,False,True,"0.0000, 0.0000, 0.0000",#000000,"0.0000, 0.0000, 0.0000",False
4,594.95996,841.91998,curve,163.21675993530138,186.56970187426208,548.5403654801505,556.1554552428552,23.352941938960697,7.615089762704599,True,False,"0.1255, 0.6588, 0.8824",#20A8E1,"0.1255, 0.6588, 0.8824",True
4,594.95996,841.91998,curve,163.21675993530138,186.56970187426208,548.5403654801505,556.1554552428552,23.352941938960697,7.615089762704599,False,True,"0.1255, 0.6588, 0.8824",#20A8E1,"0.1255, 0.6588, 0.8824",False
4,594.95996,841.91998,curve,188.8542257310736,445.7365870596414,548.2865291547271,556.4092915682786,256.8823613285678,8.122762413551527,True,False,"0.7647, 0.6667, 0.8235",#C3AAD2,"0.7647, 0.6667, 0.8235",True
4,594.95996,841.91998,curve,163.21675993530138,186.56970187426208,626.7220182225815,634.3371079852861,23.352941938960697,7.615089762704571,True,False,"0.4824, 0.6824, 0.1529",#7BAE27,"0.4824, 0.6824, 0.1529",True
4,594.95996,841.91998,curve,163.21675993530138,186.56970187426208,626.7220182225815,634.3371079852861,23.352941938960697,7.615089762704571,False,True,"0.4824, 0.6824, 0.1529",#7BAE27,"0.4824, 0.6824, 0.1529",False
4,594.95996,841.91998,curve,188.8542257310736,264.49745070727244,626.468181897158,634.5909443107096,75.64322497619884,8.122762413551555,True,False,"0.7647, 0.6667, 0.8235",#C3AAD2,"0.7647, 0.6667, 0.8235",True
4,594.95996,841.91998,curve,188.34655375222658,263.9897787284254,626.988549875476,634.4513383805265,75.64322497619881,7.462788505050469,True,False,"0.6118, 0.6157, 0.7725",#9C9DC5,"0.6118, 0.6157, 0.7725",True
4,594.95996,841.91998,curve,188.34655375222658,263.9897787284254,626.988549875476,634.4513383805265,75.64322497619881,7.462788505050469,False,True,"0.0902, 0.1882, 0.4667",#173077,"0.0902, 0.1882, 0.4667",False
4,594.95996,841.91998,curve,162.9629236098779,212.71484339288114,704.64981063959,712.7725730531415,49.751919783003245,8.122762413551555,True,False,"0.7647, 0.6667, 0.8235",#C3AAD2,"0.7647, 0.6667, 0.8235",True
4,594.95996,841.91998,curve,162.4552516310309,212.20717141403415,705.1701786179079,712.6329671229585,49.751919783003245,7.462788505050469,True,False,"0.8667, 0.0000, 0.1882",#DD0030,"0.8667, 0.0000, 0.1882",True
4,594.95996,841.91998,curve,162.4552516310309,212.20717141403415,705.1701786179079,712.6329671229585,49.751919783003245,7.462788505050469,False,True,"0.8667, 0.0000, 0.1882",#DD0030,"0.8667, 0.0000, 0.1882",False
4,594.95996,841.91998,curve,214.74552785226928,575.1931099536193,704.64981063959,712.7725730531415,360.44758210135006,8.122762413551555,True,False,"0.7647, 0.6667, 0.8235",#C3AAD2,"0.7647, 0.6667, 0.8235",True
4,594.95996,841.91998,curve,214.2378414734229,574.685423574773,705.1701786179079,712.6329671229585,360.4475821013501,7.462788505050469,True,False,"0.6118, 0.6157, 0.7725",#9C9DC5,"0.6118, 0.6157, 0.7725",True
4,594.95996,841.91998,curve,214.2378414734229,574.685423574773,705.1701786179079,712.6329671229585,360.4475821013501,7.462788505050469,False,True,"0.0902, 0.1882, 0.4667",#173077,"0.0902, 0.1882, 0.4667",False
5,594.95996,841.91998,rect,0.0,594.9923467926512,0.0,842.2289277551265,594.9923467926512,842.2289277551265,True,False,"1.0000, 1.0000, 1.0000",#FFFFFF,"1.0000, 1.0000, 1.0000",False
5,594.95996,841.91998,rect,0.0,595.5000194434981,-4.608000040207116e-06,842.2289231471262,595.5000194434981,842.2289277551263,True,False,"1.0000, 1.0000, 1.0000",#FFFFFF,"1.0000, 1.0000, 1.0000",False
5,594.95996,841.91998,rect,92.3964224541489,583.3158758231708,-4.608000040207116e-06,1.0153406936941565,490.9194533690219,1.0153453016941967,True,False,"1.0000, 1.0000, 1.0000",#FFFFFF,"1.0000, 1.0000, 1.0000",False
5,594.95996,841.91998,rect,92.3964224541489,583.3158758231708,21.322246727573088,46.70587926992164,490.9194533690219,25.38363254234855,True,False,"0.5333, 0.5451, 0.5529",#888B8D,"0.5333, 0.5451, 0.5529",False
5,594.95996,841.91998,rect,92.3964224541489,583.3158758231708,46.70587926992164,47.72122457161538,490.9194533690219,1.015345301693742,True,False,"1.0000, 1.0000, 1.0000",#FFFFFF,"1.0000, 1.0000, 1.0000",False
5,594.95996,841.91998,rect,92.3964224541489,583.3158758231708,78.181583622434,79.19692892412775,490.9194533690219,1.015345301693742,True,False,"1.0000, 1.0000, 1.0000",#FFFFFF,"1.0000, 1.0000, 1.0000",False
5,594.95996,841.91998,rect,92.3964224541489,583.3158758231708,109.65728797494592,110.67263327664011,490.9194533690219,1.0153453016941967,True,False,"1.0000, 1.0000, 1.0000",#FFFFFF,"1.0000, 1.0000, 1.0000",False
5,594.95996,841.91998,rect,92.3964224541489,583.3158758231708,213.2225087477285,214.23785404942225,490.9194533690219,1.015345301693742,True,False,"1.0000, 1.0000, 1.0000",#FFFFFF,"1.0000, 1.0000, 1.0000",False
5,594.95996,841.91998,rect,92.3964224541489,583.3158758231708,234.54476008330118,259.92839262564974,490.9194533690219,25.38363254234855,True,False,"0.5333, 0.5451, 0.5529",#888B8D,"0.5333, 0.5451, 0.5529",False
5,594.95996,841.91998,rect,92.3964224541489,583.3158758231708,259.92839262564974,260.94373792734393,490.9194533690219,1.0153453016941967,True,False,"1.0000, 1.0000, 1.0000",#FFFFFF,"1.0000, 1.0000, 1.0000",False
5,594.95996,841.91998,rect,92.3964224541489,583.3158758231708,291.4040969781621,292.41944227985584,490.9194533690219,1.015345301693742,True,False,"1.0000, 1.0000, 1.0000",#FFFFFF,"1.0000, 1.0000, 1.0000",False
5,594.95996,841.91998,rect,92.3964224541489,583.3158758231708,312.7263483137348,338.1099808560833,490.9194533690219,25.38363254234855,True,False,"0.5333, 0.5451, 0.5529",#888B8D,"0.5333, 0.5451, 0.5529",False
5,594.95996,841.91998,rect,92.3964224541489,583.3158758231708,338.1099808560833,339.1253261577775,490.9194533690219,1.0153453016941967,True,False,"1.0000, 1.0000, 1.0000",#FFFFFF,"1.0000, 1.0000, 1.0000",False
5,594.95996,841.91998,rect,92.3964224541489,583.3158758231708,369.5856852085957,370.60103051028943,490.9194533690219,1.015345301693742,True,False,"1.0000, 1.0000, 1.0000",#FFFFFF,"1.0000, 1.0000, 1.0000",False
5,594.95996,841.91998,rect,92.3964224541489,583.3158758231708,401.06138956110806,402.0767348628018,490.9194533690219,1.015345301693742,True,False,"1.0000, 1.0000, 1.0000",#FFFFFF,"1.0000, 1.0000, 1.0000",False
5,594.95996,841.91998,rect,92.3964224541489,583.3158758231708,504.6266103338902,505.6419556355844,490.9194533690219,1.0153453016941967,True,False,"1.0000, 1.0000, 1.0000",#FFFFFF,"1.0000, 1.0000, 1.0000",False
5,594.95996,841.91998,rect,92.3964224541489,583.3158758231708,525.9488616694629,551.3324942118119,490.9194533690219,25.383632542349005,True,False,"0.5333, 0.5451, 0.5529",#888B8D,"0.5333, 0.5451, 0.5529",False
5,594.95996,841.91998,rect,92.3964224541489,583.3158758231708,551.3324942118119,552.3478395135056,490.9194533690219,1.015345301693742,True,False,"1.0000, 1.0000, 1.0000",#FFFFFF,"1.0000, 1.0000, 1.0000",False
5,594.95996,841.91998,rect,92.3964224541489,583.3158758231708,582.8081985643238,583.823543866018,490.9194533690219,1.0153453016941967,True,False,"1.0000, 1.0000, 1.0000",#FFFFFF,"1.0000, 1.0000, 1.0000",False
5,594.95996,841.91998,rect,92.3964224541489,583.3158758231708,614.2839029168362,615.2992482185304,490.9194533690219,1.0153453016941967,True,False,"1.0000, 1.0000, 1.0000",#FFFFFF,"1.0000, 1.0000, 1.0000",False
5,594.95996,841.91998,rect,92.3964224541489,583.3158758231708,645.7596072693485,646.7749525710423,490.9194533690219,1.015345301693742,True,False,"1.0000, 1.0000, 1.0000",#FFFFFF,"1.0000, 1.0000, 1.0000",False
5,594.95996,841.91998,rect,92.3964224541489,583.3158758231708,677.2353116218609,678.2506569235546,490.9194533690219,1.015345301693742,True,False,"1.0000, 1.0000, 1.0000",#FFFFFF,"1.0000, 1.0000, 1.0000",False
5,594.95996,841.91998,rect,92.3964224541489,583.3158758231708,708.7110159743728,709.726361276067,490.9194533690219,1.0153453016941967,True,False,"1.0000, 1.0000, 1.0000",#FFFFFF,"1.0000, 1.0000, 1.0000",False
5,594.95996,841.91998,rect,92.3964224541489,583.3158758231708,740.1867203268852,741.2020656285789,490.9194533690219,1.015345301693742,True,False,"1.0000, 1.0000, 1.0000",#FFFFFF,"1.0000, 1.0000, 1.0000",False
5,594.95996,841.91998,rect,92.3964224541489,583.3158758231708,771.6624246793975,772.6777699810913,490.9194533690219,1.015345301693742,True,False,"1.0000, 1.0000, 1.0000",#FFFFFF,"1.0000, 1.0000, 1.0000",False
5,594.95996,841.91998,rect,92.3964224541489,583.3158758231708,803.1381290319099,804.1534743336036,490.9194533690219,1.015345301693742,True,False,"1.0000, 1.0000, 1.0000",#FFFFFF,"1.0000, 1.0000, 1.0000",False
5,594.95996,841.91998,rect,92.3964224541489,115.74936439310962,47.72122457161538,78.181583622434,23.35294193896071,30.460359050818624,True,False,"0.9569, 0.9686, 0.9725",#F4F7F8,"0.9569, 0.9686, 0.9725",False
5,594.95996,841.91998,rect,92.3964224541489,93.41176775584285,47.72122457161538,78.181583622434,1.0153453016939409,30.460359050818624,True,False,"1.0000, 1.0000, 1.0000",#FFFFFF,"1.0000, 1.0000, 1.0000",False
5,594.95996,841.91998,rect,115.74936439310962,161.43990296933708,47.72122457161538,78.181583622434,45.69053857622747,30.460359050818624,True,False,"0.9569, 0.9686, 0.9725",#F4F7F8,"0.9569, 0.9686, 0.9725",False
5,594.95996,841.91998,rect,115.74936439310962,116.76470969480356,47.72122457161538,78.181583622434,1.0153453016939409,30.460359050818624,True,False,"1.0000, 1.0000, 1.0000",#FFFFFF,"1.0000, 1.0000, 1.0000",False
5,594.95996,841.91998,rect,161.43990296933708,213.22251335572824,47.72122457161538,78.181583622434,51.782610386391156,30.460359050818624,True,False,"0.9569, 0.9686, 0.9725",#F4F7F8,"0.9569, 0.9686, 0.9725",False
5,594.95996,841.91998,rect,161.43990296933708,162.45524827103105,47.72122457161538,78.181583622434,1.0153453016939693,30.460359050818624,True,False,"1.0000, 1.0000, 1.0000",#FFFFFF,"1.0000, 1.0000, 1.0000",False
5,594.95996,841.91998,rect,187.33120816253268,188.34655346422662,47.72122457161538,78.181583622434,1.0153453016939409,30.460359050818624,True,False,"1.0000, 1.0000, 1.0000",#FFFFFF,"1.0000, 1.0000, 1.0000",False
5,594.95996,841.91998,rect,213.22251335572824,316.7877341285105,47.72122457161538,78.181583622434,103.56522077278228,30.460359050818624,True,False,"0.9569, 0.9686, 0.9725",#F4F7F8,"0.9569, 0.9686, 0.9725",False
5,594.95996,841.91998,rect,213.22251335572824,214.23785865742218,47.72122457161538,78.181583622434,1.0153453016939409,30.460359050818624,True,False,"1.0000, 1.0000, 1.0000",#FFFFFF,"1.0000, 1.0000, 1.0000",False
5,594.95996,841.91998,rect,239.1138185489238,240.12916385061774,47.72122457161538,78.181583622434,1.0153453016939409,30.460359050818624,True,False,"1.0000, 1.0000, 1.0000",#FFFFFF,"1.0000, 1.0000, 1.0000",False
5,594.95996,841.91998,rect,265.0051237421194,266.0204690438133,47.72122457161538,78.181583622434,1.0153453016939125,30.460359050818624,True,False,"1.0000, 1.0000, 1.0000",#FFFFFF,"1.0000, 1.0000, 1.0000",False
5,594.95996,841.91998,rect,290.89642893531493,291.9117742370089,47.72122457161538,78.181583622434,1.0153453016939693,30.460359050818624,True,False,"1.0000, 1.0000, 1.0000",#FFFFFF,"1.0000, 1.0000, 1.0000",False
5,594.95996,841.91998,rect,316.7877341285105,420.35295490129283,47.72122457161538,78.181583622434,103.56522077278231,30.460359050818624,True,False,"0.9569, 0.9686, 0.9725",#F4F7F8,"0.9569, 0.9686, 0.9725",False
5,594.95996,841.91998,rect,316.7877341285105,317.8030794302045,47.72122457161538,78.181583622434,1.0153453016939693,30.460359050818624,True,False,"1.0000, 1.0000, 1.0000",#FFFFFF,"1.0000, 1.0000, 1.0000",False
5,594.95996,841.91998,rect,342.6790393217061,343.6943846234,47.72122457161538,78.181583622434,1.0153453016939125,30.460359050818624,True,False,"1.0000, 1.0000, 1.0000",#FFFFFF,"1.0000, 1.0000, 1.0000",False
5,594.95996,841.91998,rect,368.57034451490165,369.5856898165956,47.72122457161538,78.181583622434,1.0153453016939693,30.460359050818624,True,False,"1.0000, 1.0000, 1.0000",#FFFFFF,"1.0000, 1.0000, 1.0000",False
5,594.95996,841.91998,rect,394.46164970809724,395.4769950097912,47.72122457161538,78.181583622434,1.0153453016939693,30.460359050818624,True,False,"1.0000, 1.0000, 1.0000",#FFFFFF,"1.0000, 1.0000, 1.0000",False
5,594.95996,841.91998,rect,420.35295490129283,523.9181756740751,47.72122457161538,78.181583622434,103.56522077278225,30.460359050818624,True,False,"0.9569, 0.9686, 0.9725",#F4F7F8,"0.9569, 0.9686, 0.9725",False
5,594.95996,841.91998,rect,420.35295490129283,421.36830020298675,47.72122457161538,78.181583622434,1.0153453016939125,30.460359050818624,True,False,"1.0000, 1.0000, 1.0000",#FFFFFF,"1.0000, 1.0000, 1.0000",False
5,594.95996,841.91998,rect,446.24426009448837,447.25960539618234,47.72122457161538,78.181583622434,1.0153453016939693,30.460359050818624,True,False,"1.0000, 1.0000, 1.0000",#FFFFFF,"1.0000, 1.0000, 1.0000",False
5,594.95996,841.91998,rect,472.13556528768396,473.1509105893779,47.72122457161538,78.181583622434,1.0153453016939125,30.460359050818624,True,False,"1.0000, 1.0000, 1.0000",#FFFFFF,"1.0000, 1.0000, 1.0000",False
5,594.95996,841.91998,rect,498.02687048087955,499.04221578257346,47.72122457161538,78.181583622434,1.0153453016939125,30.460359050818624,True,False,"1.0000, 1.0000, 1.0000",#FFFFFF,"1.0000, 1.0000, 1.0000",False
5,594.95996,841.91998,rect,523.9181756740751,575.7007860604663,47.72122457161538,78.181583622434,51.782610386391184,30.460359050818624,True,False,"0.9569, 0.9686, 0.9725",#F4F7F8,"0.9569, 0.9686, 0.9725",False
5,594.95996,841.91998,rect,523.9181756740751,524.933520975769,47.72122457161538,78.181583622434,1.0153453016939693,30.460359050818624,True,False,"1.0000, 1.0000, 1.0000",#FFFFFF,"1.0000, 1.0000, 1.0000",False
5,594.95996,841.91998,rect,549.8094808672706,550.8248261689646,47.72122457161538,78.181583622434,1.0153453016939693,30.460359050818624,True,False,"1.0000, 1.0000, 1.0000",#FFFFFF,"1.0000, 1.0000, 1.0000",False
5,594.95996,841.91998,rect,92.3964224541489,115.74936439310962,79.19692892412775,109.65728797494592,23.35294193896071,30.46035905081817,True,False,"0.9569, 0.9686, 0.9725",#F4F7F8,"0.9569, 0.9686, 0.9725",False
5,594.95996,841.91998,rect,92.3964224541489,93.41176775584285,79.19692892412775,109.65728797494592,1.0153453016939409,30.46035905081817,True,False,"1.0000, 1.0000, 1.0000",#FFFFFF,"1.0000, 1.0000, 1.0000",False
5,594.95996,841.91998,rect,115.74936439310962,161.43990296933708,79.19692892412775,109.65728797494592,45.69053857622747,30.46035905081817,True,False,"0.9569, 0.9686, 0.9725",#F4F7F8,"0.9569, 0.9686, 0.9725",False
5,594.95996,841.91998,rect,115.74936439310962,116.76470969480356,79.19692892412775,109.65728797494592,1.0153453016939409,30.46035905081817,True,False,"1.0000, 1.0000, 1.0000",#FFFFFF,"1.0000, 1.0000, 1.0000",False
5,594.95996,841.91998,rect,161.43990296933708,213.22251335572824,79.19692892412775,109.65728797494592,51.782610386391156,30.46035905081817,True,False,"0.9569, 0.9686, 0.9725",#F4F7F8,"0.9569, 0.9686, 0.9725",False
5,594.95996,841.91998,rect,161.43990296933708,162.45524827103105,79.19692892412775,109.65728797494592,1.0153453016939693,30.46035905081817,True,False,"1.0000, 1.0000, 1.0000",#FFFFFF,"1.0000, 1.0000, 1.0000",False
5,594.95996,841.91998,rect,187.33120816253268,188.34655346422662,79.19692892412775,109.65728797494592,1.0153453016939409,30.46035905081817,True,False,"1.0000, 1.0000, 1.0000",#FFFFFF,"1.0000, 1.0000, 1.0000",False
5,594.95996,841.91998,rect,213.22251335572824,316.7877341285105,79.19692892412775,109.65728797494592,103.56522077278228,30.46035905081817,True,False,"0.9569, 0.9686, 0.9725",#F4F7F8,"0.9569, 0.9686, 0.9725",False
5,594.95996,841.91998,rect,213.22251335572824,214.23785865742218,79.19692892412775,109.65728797494592,1.0153453016939409,30.46035905081817,True,False,"1.0000, 1.0000, 1.0000",#FFFFFF,"1.0000, 1.0000, 1.0000",False
5,594.95996,841.91998,rect,239.1138185489238,240.12916385061774,79.19692892412775,109.65728797494592,1.0153453016939409,30.46035905081817,True,False,"1.0000, 1.0000, 1.0000",#FFFFFF,"1.0000, 1.0000, 1.0000",False
5,594.95996,841.91998,rect,265.0051237421194,266.0204690438133,79.19692892412775,109.65728797494592,1.0153453016939125,30.46035905081817,True,False,"1.0000, 1.0000, 1.0000",#FFFFFF,"1.0000, 1.0000, 1.0000",False
5,594.95996,841.91998,rect,290.89642893531493,291.9117742370089,79.19692892412775,109.65728797494592,1.0153453016939693,30.46035905081817,True,False,"1.0000, 1.0000, 1.0000",#FFFFFF,"1.0000, 1.0000, 1.0000",False
5,594.95996,841.91998,rect,316.7877341285105,420.35295490129283,79.19692892412775,109.65728797494592,103.56522077278231,30.46035905081817,True,False,"0.9569, 0.9686, 0.9725",#F4F7F8,"0.9569, 0.9686, 0.9725",False
5,594.95996,841.91998,rect,316.7877341285105,317.8030794302045,79.19692892412775,109.65728797494592,1.0153453016939693,30.46035905081817,True,False,"1.0000, 1.0000, 1.0000",#FFFFFF,"1.0000, 1.0000, 1.0000",False
5,594.95996,841.91998,rect,342.6790393217061,343.6943846234,79.19692892412775,109.65728797494592,1.0153453016939125,30.46035905081817,True,False,"1.0000, 1.0000, 1.0000",#FFFFFF,"1.0000, 1.0000, 1.0000",False
5,594.95996,841.91998,rect,368.57034451490165,369.5856898165956,79.19692892412775,109.65728797494592,1.0153453016939693,30.46035905081817,True,False,"1.0000, 1.0000, 1.0000",#FFFFFF,"1.0000, 1.0000, 1.0000",False
5,594.95996,841.91998,rect,394.46164970809724,395.4769950097912,79.19692892412775,109.65728797494592,1.0153453016939693,30.46035905081817,True,False,"1.0000, 1.0000, 1.0000",#FFFFFF,"1.0000, 1.0000, 1.0000",False
5,594.95996,841.91998,rect,420.35295490129283,523.9181756740751,79.19692892412775,109.65728797494592,103.56522077278225,30.46035905081817,True,False,"0.9569, 0.9686, 0.9725",#F4F7F8,"0.9569, 0.9686, 0.9725",False
5,594.95996,841.91998,rect,420.35295490129283,421.36830020298675,79.19692892412775,109.65728797494592,1.0153453016939125,30.46035905081817,True,False,"1.0000, 1.0000, 1.0000",#FFFFFF,"1.0000, 1.0000, 1.0000",False
5,594.95996,841.91998,rect,446.24426009448837,447.25960539618234,79.19692892412775,109.65728797494592,1.0153453016939693,30.46035905081817,True,False,"1.0000, 1.0000, 1.0000",#FFFFFF,"1.0000, 1.0000, 1.0000",False
5,594.95996,841.91998,rect,472.13556528768396,473.1509105893779,79.19692892412775,109.65728797494592,1.0153453016939125,30.46035905081817,True,False,"1.0000, 1.0000, 1.0000",#FFFFFF,"1.0000, 1.0000, 1.0000",False
5,594.95996,841.91998,rect,498.02687048087955,499.04221578257346,79.19692892412775,109.65728797494592,1.0153453016939125,30.46035905081817,True,False,"1.0000, 1.0000, 1.0000",#FFFFFF,"1.0000, 1.0000, 1.0000",False
5,594.95996,841.91998,rect,523.9181756740751,575.7007860604663,79.19692892412775,109.65728797494592,51.782610386391184,30.46035905081817,True,False,"0.9569, 0.9686, 0.9725",#F4F7F8,"0.9569, 0.9686, 0.9725",False
5,594.95996,841.91998,rect,523.9181756740751,524.933520975769,79.19692892412775,109.65728797494592,1.0153453016939693,30.46035905081817,True,False,"1.0000, 1.0000, 1.0000",#FFFFFF,"1.0000, 1.0000, 1.0000",False
5,594.95996,841.91998,rect,549.8094808672706,550.8248261689646,79.19692892412775,109.65728797494592,1.0153453016939693,30.46035905081817,True,False,"1.0000, 1.0000, 1.0000",#FFFFFF,"1.0000, 1.0000, 1.0000",False
5,594.95996,841.91998,rect,92.3964224541489,115.74936439310962,110.67263327664011,141.13299232745828,23.35294193896071,30.46035905081817,True,False,"0.9569, 0.9686, 0.9725",#F4F7F8,"0.9569, 0.9686, 0.9725",False
5,594.95996,841.91998,rect,92.3964224541489,93.41176775584285,110.67263327664011,141.13299232745828,1.0153453016939409,30.46035905081817,True,False,"1.0000, 1.0000, 1.0000",#FFFFFF,"1.0000, 1.0000, 1.0000",False
5,594.95996,841.91998,rect,115.74936439310962,161.43990296933708,110.67263327664011,141.13299232745828,45.69053857622747,30.46035905081817,True,False,"0.9569, 0.9686, 0.9725",#F4F7F8,"0.9569, 0.9686, 0.9725",False
5,594.95996,841.91998,rect,115.74936439310962,116.76470969480356,110.67263327664011,141.13299232745828,1.0153453016939409,30.46035905081817,True,False,"1.0000, 1.0000, 1.0000",#FFFFFF,"1.0000, 1.0000, 1.0000",False
5,594.95996,841.91998,rect,161.43990296933708,213.22251335572824,110.67263327664011,141.13299232745828,51.782610386391156,30.46035905081817,True,False,"0.9569, 0.9686, 0.9725",#F4F7F8,"0.9569, 0.9686, 0.9725",False
5,594.95996,841.91998,rect,161.43990296933708,162.45524827103105,110.67263327664011,141.13299232745828,1.0153453016939693,30.46035905081817,True,False,"1.0000, 1.0000, 1.0000",#FFFFFF,"1.0000, 1.0000, 1.0000",False
5,594.95996,841.91998,rect,187.33120816253268,188.34655346422662,110.67263327664011,141.13299232745828,1.0153453016939409,30.46035905081817,True,False,"1.0000, 1.0000, 1.0000",#FFFFFF,"1.0000, 1.0000, 1.0000",False
5,594.95996,841.91998,rect,213.22251335572824,316.7877341285105,110.67263327664011,141.13299232745828,103.56522077278228,30.46035905081817,True,False,"0.9569, 0.9686, 0.9725",#F4F7F8,"0.9569, 0.9686, 0.9725",False
5,594.95996,841.91998,rect,213.22251335572824,214.23785865742218,110.67263327664011,141.13299232745828,1.0153453016939409,30.46035905081817,True,False,"1.0000, 1.0000, 1.0000",#FFFFFF,"1.0000, 1.0000, 1.0000",False
5,594.95996,841.91998,rect,239.1138185489238,240.12916385061774,110.67263327664011,141.13299232745828,1.0153453016939409,30.46035905081817,True,False,"1.0000, 1.0000, 1.0000",#FFFFFF,"1.0000, 1.0000, 1.0000",False
5,594.95996,841.91998,rect,265.0051237421194,266.0204690438133,110.67263327664011,141.13299232745828,1.0153453016939125,30.46035905081817,True,False,"1.0000, 1.0000, 1.0000",#FFFFFF,"1.0000, 1.0000, 1.0000",False
5,594.95996,841.91998,rect,290.89642893531493,291.9117742370089,110.67263327664011,141.13299232745828,1.0153453016939693,30.46035905081817,True,False,"1.0000, 1.0000, 1.0000",#FFFFFF,"1.0000, 1.0000, 1.0000",False
5,594.95996,841.91998,rect,316.7877341285105,420.35295490129283,110.67263327664011,141.13299232745828,103.56522077278231,30.46035905081817,True,False,"0.9569, 0.9686, 0.9725",#F4F7F8,"0.9569, 0.9686, 0.9725",False
5,594.95996,841.91998,rect,316.7877341285105,317.8030794302045,110.67263327664011,141.13299232745828,1.0153453016939693,30.46035905081817,True,False,"1.0000, 1.0000, 1.0000",#FFFFFF,"1.0000, 1.0000, 1.0000",False
5,594.95996,841.91998,rect,342.6790393217061,343.6943846234,110.67263327664011,141.13299232745828,1.0153453016939125,30.46035905081817,True,False,"1.0000, 1.0000, 1.0000",#FFFFFF,"1.0000, 1.0000, 1.0000",False
5,594.95996,841.91998,rect,368.57034451490165,369.5856898165956,110.67263327664011,141.13299232745828,1.0153453016939693,30.46035905081817,True,False,"1.0000, 1.0000, 1.0000",#FFFFFF,"1.0000, 1.0000, 1.0000",False
5,594.95996,841.91998,rect,394.46164970809724,395.4769950097912,110.67263327664011,141.13299232745828,1.0153453016939693,30.46035905081817,True,False,"1.0000, 1.0000, 1.0000",#FFFFFF,"1.0000, 1.0000, 1.0000",False
5,594.95996,841.91998,rect,420.35295490129283,523.9181756740751,110.67263327664011,141.13299232745828,103.56522077278225,30.46035905081817,True,False,"0.9569, 0.9686, 0.9725",#F4F7F8,"0.9569, 0.9686, 0.9725",False
5,594.95996,841.91998,rect,420.35295490129283,421.36830020298675,110.67263327664011,141.13299232745828,1.0153453016939125,30.46035905081817,True,False,"1.0000, 1.0000, 1.0000",#FFFFFF,"1.0000, 1.0000, 1.0000",False
5,594.95996,841.91998,rect,446.24426009448837,447.25960539618234,110.67263327664011,141.13299232745828,1.0153453016939693,30.46035905081817,True,False,"1.0000, 1.0000, 1.0000",#FFFFFF,"1.0000, 1.0000, 1.0000",False
5,594.95996,841.91998,rect,472.13556528768396,473.1509105893779,110.67263327664011,141.13299232745828,1.0153453016939125,30.46035905081817,True,False,"1.0000, 1.0000, 1.0000",#FFFFFF,"1.0000, 1.0000, 1.0000",False
5,594.95996,841.91998,rect,498.02687048087955,499.04221578257346,110.67263327664011,141.13299232745828,1.0153453016939125,30.46035905081817,True,False,"1.0000, 1.0000, 1.0000",#FFFFFF,"1.0000, 1.0000, 1.0000",False
5,594.95996,841.91998,rect,523.9181756740751,575.7007860604663,110.67263327664011,141.13299232745828,51.782610386391184,30.46035905081817,True,False,"0.9569, 0.9686, 0.9725",#F4F7F8,"0.9569, 0.9686, 0.9725",False
5,594.95996,841.91998,rect,523.9181756740751,524.933520975769,110.67263327664011,141.13299232745828,1.0153453016939693,30.46035905081817,True,False,"1.0000, 1.0000, 1.0000",#FFFFFF,"1.0000, 1.0000, 1.0000",False
5,594.95996,841.91998,rect,549.8094808672706,550.8248261689646,110.67263327664011,141.13299232745828,1.0153453016939693,30.46035905081817,True,False,"1.0000, 1.0000, 1.0000",#FFFFFF,"1.0000, 1.0000, 1.0000",False
5,594.95996,841.91998,rect,92.3964224541489,115.74936439310962,181.74680439521615,213.2225087477285,23.35294193896071,31.475704352512366,True,False,"0.9569, 0.9686, 0.9725",#F4F7F8,"0.9569, 0.9686, 0.9725",False
5,594.95996,841.91998,rect,92.3964224541489,93.41176775584285,181.74680439521615,213.2225087477285,1.0153453016939409,31.475704352512366,True,False,"1.0000, 1.0000, 1.0000",#FFFFFF,"1.0000, 1.0000, 1.0000",False
5,594.95996,841.91998,rect,115.74936439310962,161.43990296933708,181.74680439521615,213.2225087477285,45.69053857622747,31.475704352512366,True,False,"0.9569, 0.9686, 0.9725",#F4F7F8,"0.9569, 0.9686, 0.9725",False
5,594.95996,841.91998,rect,115.74936439310962,116.76470969480356,181.74680439521615,213.2225087477285,1.0153453016939409,31.475704352512366,True,False,"1.0000, 1.0000, 1.0000",#FFFFFF,"1.0000, 1.0000, 1.0000",False
5,594.95996,841.91998,rect,161.43990296933708,213.22251335572824,181.74680439521615,213.2225087477285,51.782610386391156,31.475704352512366,True,False,"0.9569, 0.9686, 0.9725",#F4F7F8,"0.9569, 0.9686, 0.9725",False
5,594.95996,841.91998,rect,161.43990296933708,162.45524827103105,181.74680439521615,213.2225087477285,1.0153453016939693,31.475704352512366,True,False,"1.0000, 1.0000, 1.0000",#FFFFFF,"1.0000, 1.0000, 1.0000",False
5,594.95996,841.91998,rect,213.22251335572824,316.7877341285105,181.74680439521615,213.2225087477285,103.56522077278228,31.475704352512366,True,False,"0.9569, 0.9686, 0.9725",#F4F7F8,"0.9569, 0.9686, 0.9725",False
5,594.95996,841.91998,rect,213.22251335572824,214.23785865742218,181.74680439521615,213.2225087477285,1.0153453016939409,31.475704352512366,True,False,"1.0000, 1.0000, 1.0000",#FFFFFF,"1.0000, 1.0000, 1.0000",False
5,594.95996,841.91998,rect,316.7877341285105,420.35295490129283,181.74680439521615,213.2225087477285,103.56522077278231,31.475704352512366,True,False,"0.9569, 0.9686, 0.9725",#F4F7F8,"0.9569, 0.9686, 0.9725",False
5,594.95996,841.91998,rect,316.7877341285105,317.8030794302045,181.74680439521615,213.2225087477285,1.0153453016939693,31.475704352512366,True,False,"1.0000, 1.0000, 1.0000",#FFFFFF,"1.0000, 1.0000, 1.0000",False
5,594.95996,841.91998,rect,420.35295490129283,523.9181756740751,181.74680439521615,213.2225087477285,103.56522077278225,31.475704352512366,True,False,"0.9569, 0.9686, 0.9725",#F4F7F8,"0.9569, 0.9686, 0.9725",False
5,594.95996,841.91998,rect,420.35295490129283,421.36830020298675,181.74680439521615,213.2225087477285,1.0153453016939125,31.475704352512366,True,False,"1.0000, 1.0000, 1.0000",#FFFFFF,"1.0000, 1.0000, 1.0000",False
5,594.95996,841.91998,rect,523.9181756740751,575.7007860604663,181.74680439521615,213.2225087477285,51.782610386391184,31.475704352512366,True,False,"0.9569, 0.9686, 0.9725",#F4F7F8,"0.9569, 0.9686, 0.9725",False
5,594.95996,841.91998,rect,523.9181756740751,524.933520975769,181.74680439521615,213.2225087477285,1.0153453016939693,31.475704352512366,True,False,"1.0000, 1.0000, 1.0000",#FFFFFF,"1.0000, 1.0000, 1.0000",False
5,594.95996,841.91998,rect,92.3964224541489,115.74936439310962,260.94373792734393,291.4040969781621,23.35294193896071,30.46035905081817,True,False,"0.9569, 0.9686, 0.9725",#F4F7F8,"0.9569, 0.9686, 0.9725",False
5,594.95996,841.91998,rect,92.3964224541489,93.41176775584285,260.94373792734393,291.4040969781621,1.0153453016939409,30.46035905081817,True,False,"1.0000, 1.0000, 1.0000",#FFFFFF,"1.0000, 1.0000, 1.0000",False
5,594.95996,841.91998,rect,115.74936439310962,161.43990296933708,260.94373792734393,291.4040969781621,45.69053857622747,30.46035905081817,True,False,"0.9569, 0.9686, 0.9725",#F4F7F8,"0.9569, 0.9686, 0.9725",False
5,594.95996,841.91998,rect,115.74936439310962,116.76470969480356,260.94373792734393,291.4040969781621,1.0153453016939409,30.46035905081817,True,False,"1.0000, 1.0000, 1.0000",#FFFFFF,"1.0000, 1.0000, 1.0000",False
5,594.95996,841.91998,rect,161.43990296933708,213.22251335572824,260.94373792734393,291.4040969781621,51.782610386391156,30.46035905081817,True,False,"0.9569, 0.9686, 0.9725",#F4F7F8,"0.9569, 0.9686, 0.9725",False
5,594.95996,841.91998,rect,161.43990296933708,162.45524827103105,260.94373792734393,291.4040969781621,1.0153453016939693,30.46035905081817,True,False,"1.0000, 1.0000, 1.0000",#FFFFFF,"1.0000, 1.0000, 1.0000",False
5,594.95996,841.91998,rect,187.33120816253268,188.34655346422662,260.94373792734393,291.4040969781621,1.0153453016939409,30.46035905081817,True,False,"1.0000, 1.0000, 1.0000",#FFFFFF,"1.0000, 1.0000, 1.0000",False
5,594.95996,841.91998,rect,213.22251335572824,316.7877341285105,260.94373792734393,291.4040969781621,103.56522077278228,30.46035905081817,True,False,"0.9569, 0.9686, 0.9725",#F4F7F8,"0.9569, 0.9686, 0.9725",False
5,594.95996,841.91998,rect,213.22251335572824,214.23785865742218,260.94373792734393,291.4040969781621,1.0153453016939409,30.46035905081817,True,False,"1.0000, 1.0000, 1.0000",#FFFFFF,"1.0000, 1.0000, 1.0000",False
5,594.95996,841.91998,rect,239.1138185489238,240.12916385061774,260.94373792734393,291.4040969781621,1.0153453016939409,30.46035905081817,True,False,"1.0000, 1.0000, 1.0000",#FFFFFF,"1.0000, 1.0000, 1.0000",False
5,594.95996,841.91998,rect,265.0051237421194,266.0204690438133,260.94373792734393,291.4040969781621,1.0153453016939125,30.46035905081817,True,False,"1.0000, 1.0000, 1.0000",#FFFFFF,"1.0000, 1.0000, 1.0000",False
5,594.95996,841.91998,rect,290.89642893531493,291.9117742370089,260.94373792734393,291.4040969781621,1.0153453016939693,30.46035905081817,True,False,"1.0000, 1.0000, 1.0000",#FFFFFF,"1.0000, 1.0000, 1.0000",False
5,594.95996,841.91998,rect,316.7877341285105,420.35295490129283,260.94373792734393,291.4040969781621,103.56522077278231,30.46035905081817,True,False,"0.9569, 0.9686, 0.9725",#F4F7F8,"0.9569, 0.9686, 0.9725",False
5,594.95996,841.91998,rect,316.7877341285105,317.8030794302045,260.94373792734393,291.4040969781621,1.0153453016939693,30.46035905081817,True,False,"1.0000, 1.0000, 1.0000",#FFFFFF,"1.0000, 1.0000, 1.0000",False
5,594.95996,841.91998,rect,342.6790393217061,343.6943846234,260.94373792734393,291.4040969781621,1.0153453016939125,30.46035905081817,True,False,"1.0000, 1.0000, 1.0000",#FFFFFF,"1.0000, 1.0000, 1.0000",False
5,594.95996,841.91998,rect,368.57034451490165,369.5856898165956,260.94373792734393,291.4040969781621,1.0153453016939693,30.46035905081817,True,False,"1.0000, 1.0000, 1.0000",#FFFFFF,"1.0000, 1.0000, 1.0000",False
5,594.95996,841.91998,rect,394.46164970809724,395.4769950097912,260.94373792734393,291.4040969781621,1.0153453016939693,30.46035905081817,True,False,"1.0000, 1.0000, 1.0000",#FFFFFF,"1.0000, 1.0000, 1.0000",False
5,594.95996,841.91998,rect,420.35295490129283,523.9181756740751,260.94373792734393,291.4040969781621,103.56522077278225,30.46035905081817,True,False,"0.9569, 0.9686, 0.9725",#F4F7F8,"0.9569, 0.9686, 0.9725",False
5,594.95996,841.91998,rect,420.35295490129283,421.36830020298675,260.94373792734393,291.4040969781621,1.0153453016939125,30.46035905081817,True,False,"1.0000, 1.0000, 1.0000",#FFFFFF,"1.0000, 1.0000, 1.0000",False
5,594.95996,841.91998,rect,446.24426009448837,447.25960539618234,260.94373792734393,291.4040969781621,1.0153453016939693,30.46035905081817,True,False,"1.0000, 1.0000, 1.0000",#FFFFFF,"1.0000, 1.0000, 1.0000",False
5,594.95996,841.91998,rect,472.13556528768396,473.1509105893779,260.94373792734393,291.4040969781621,1.0153453016939125,30.46035905081817,True,False,"1.0000, 1.0000, 1.0000",#FFFFFF,"1.0000, 1.0000, 1.0000",False
5,594.95996,841.91998,rect,498.02687048087955,499.04221578257346,260.94373792734393,291.4040969781621,1.0153453016939125,30.46035905081817,True,False,"1.0000, 1.0000, 1.0000",#FFFFFF,"1.0000, 1.0000, 1.0000",False
5,594.95996,841.91998,rect,523.9181756740751,575.7007860604663,260.94373792734393,291.4040969781621,51.782610386391184,30.46035905081817,True,False,"0.9569, 0.9686, 0.9725",#F4F7F8,"0.9569, 0.9686, 0.9725",False
5,594.95996,841.91998,rect,523.9181756740751,524.933520975769,260.94373792734393,291.4040969781621,1.0153453016939693,30.46035905081817,True,False,"1.0000, 1.0000, 1.0000",#FFFFFF,"1.0000, 1.0000, 1.0000",False
5,594.95996,841.91998,rect,549.8094808672706,550.8248261689646,260.94373792734393,291.4040969781621,1.0153453016939693,30.46035905081817,True,False,"1.0000, 1.0000, 1.0000",#FFFFFF,"1.0000, 1.0000, 1.0000",False
5,594.95996,841.91998,rect,92.3964224541489,115.74936439310962,339.1253261577775,369.5856852085957,23.35294193896071,30.46035905081817,True,False,"0.9569, 0.9686, 0.9725",#F4F7F8,"0.9569, 0.9686, 0.9725",False
5,594.95996,841.91998,rect,92.3964224541489,93.41176775584285,339.1253261577775,369.5856852085957,1.0153453016939409,30.46035905081817,True,False,"1.0000, 1.0000, 1.0000",#FFFFFF,"1.0000, 1.0000, 1.0000",False
5,594.95996,841.91998,rect,115.74936439310962,161.43990296933708,339.1253261577775,369.5856852085957,45.69053857622747,30.46035905081817,True,False,"0.9569, 0.9686, 0.9725",#F4F7F8,"0.9569, 0.9686, 0.9725",False
5,594.95996,841.91998,rect,115.74936439310962,116.76470969480356,339.1253261577775,369.5856852085957,1.0153453016939409,30.46035905081817,True,False,"1.0000, 1.0000, 1.0000",#FFFFFF,"1.0000, 1.0000, 1.0000",False
5,594.95996,841.91998,rect,161.43990296933708,213.22251335572824,339.1253261577775,369.5856852085957,51.782610386391156,30.46035905081817,True,False,"0.9569, 0.9686, 0.9725",#F4F7F8,"0.9569, 0.9686, 0.9725",False
5,594.95996,841.91998,rect,161.43990296933708,162.45524827103105,339.1253261577775,369.5856852085957,1.0153453016939693,30.46035905081817,True,False,"1.0000, 1.0000, 1.0000",#FFFFFF,"1.0000, 1.0000, 1.0000",False
5,594.95996,841.91998,rect,187.33120816253268,188.34655346422662,339.1253261577775,369.5856852085957,1.0153453016939409,30.46035905081817,True,False,"1.0000, 1.0000, 1.0000",#FFFFFF,"1.0000, 1.0000, 1.0000",False
5,594.95996,841.91998,rect,213.22251335572824,316.7877341285105,339.1253261577775,369.5856852085957,103.56522077278228,30.46035905081817,True,False,"0.9569, 0.9686, 0.9725",#F4F7F8,"0.9569, 0.9686, 0.9725",False
5,594.95996,841.91998,rect,213.22251335572824,214.23785865742218,339.1253261577775,369.5856852085957,1.0153453016939409,30.46035905081817,True,False,"1.0000, 1.0000, 1.0000",#FFFFFF,"1.0000, 1.0000, 1.0000",False
5,594.95996,841.91998,rect,239.1138185489238,240.12916385061774,339.1253261577775,369.5856852085957,1.0153453016939409,30.46035905081817,True,False,"1.0000, 1.0000, 1.0000",#FFFFFF,"1.0000, 1.0000, 1.0000",False
5,594.95996,841.91998,rect,265.0051237421194,266.0204690438133,339.1253261577775,369.5856852085957,1.0153453016939125,30.46035905081817,True,False,"1.0000, 1.0000, 1.0000",#FFFFFF,"1.0000, 1.0000, 1.0000",False
5,594.95996,841.91998,rect,290.89642893531493,291.9117742370089,339.1253261577775,369.5856852085957,1.0153453016939693,30.46035905081817,True,False,"1.0000, 1.0000, 1.0000",#FFFFFF,"1.0000, 1.0000, 1.0000",False
5,594.95996,841.91998,rect,316.7877341285105,420.35295490129283,339.1253261577775,369.5856852085957,103.56522077278231,30.46035905081817,True,False,"0.9569, 0.9686, 0.9725",#F4F7F8,"0.9569, 0.9686, 0.9725",False
5,594.95996,841.91998,rect,316.7877341285105,317.8030794302045,339.1253261577775,369.5856852085957,1.0153453016939693,30.46035905081817,True,False,"1.0000, 1.0000, 1.0000",#FFFFFF,"1.0000, 1.0000, 1.0000",False
5,594.95996,841.91998,rect,342.6790393217061,343.6943846234,339.1253261577775,369.5856852085957,1.0153453016939125,30.46035905081817,True,False,"1.0000, 1.0000, 1.0000",#FFFFFF,"1.0000, 1.0000, 1.0000",False
5,594.95996,841.91998,rect,368.57034451490165,369.5856898165956,339.1253261577775,369.5856852085957,1.0153453016939693,30.46035905081817,True,False,"1.0000, 1.0000, 1.0000",#FFFFFF,"1.0000, 1.0000, 1.0000",False
5,594.95996,841.91998,rect,394.46164970809724,395.4769950097912,339.1253261577775,369.5856852085957,1.0153453016939693,30.46035905081817,True,False,"1.0000, 1.0000, 1.0000",#FFFFFF,"1.0000, 1.0000, 1.0000",False
5,594.95996,841.91998,rect,420.35295490129283,523.9181756740751,339.1253261577775,369.5856852085957,103.56522077278225,30.46035905081817,True,False,"0.9569, 0.9686, 0.9725",#F4F7F8,"0.9569, 0.9686, 0.9725",False
5,594.95996,841.91998,rect,420.35295490129283,421.36830020298675,339.1253261577775,369.5856852085957,1.0153453016939125,30.46035905081817,True,False,"1.0000, 1.0000, 1.0000",#FFFFFF,"1.0000, 1.0000, 1.0000",False
5,594.95996,841.91998,rect,446.24426009448837,447.25960539618234,339.1253261577775,369.5856852085957,1.0153453016939693,30.46035905081817,True,False,"1.0000, 1.0000, 1.0000",#FFFFFF,"1.0000, 1.0000, 1.0000",False
5,594.95996,841.91998,rect,472.13556528768396,473.1509105893779,339.1253261577775,369.5856852085957,1.0153453016939125,30.46035905081817,True,False,"1.0000, 1.0000, 1.0000",#FFFFFF,"1.0000, 1.0000, 1.0000",False
5,594.95996,841.91998,rect,498.02687048087955,499.04221578257346,339.1253261577775,369.5856852085957,1.0153453016939125,30.46035905081817,True,False,"1.0000, 1.0000, 1.0000",#FFFFFF,"1.0000, 1.0000, 1.0000",False
5,594.95996,841.91998,rect,523.9181756740751,575.7007860604663,339.1253261577775,369.5856852085957,51.782610386391184,30.46035905081817,True,False,"0.9569, 0.9686, 0.9725",#F4F7F8,"0.9569, 0.9686, 0.9725",False
5,594.95996,841.91998,rect,523.9181756740751,524.933520975769,339.1253261577775,369.5856852085957,1.0153453016939693,30.46035905081817,True,False,"1.0000, 1.0000, 1.0000",#FFFFFF,"1.0000, 1.0000, 1.0000",False
5,594.95996,841.91998,rect,549.8094808672706,550.8248261689646,339.1253261577775,369.5856852085957,1.0153453016939693,30.46035905081817,True,False,"1.0000, 1.0000, 1.0000",#FFFFFF,"1.0000, 1.0000, 1.0000",False
5,594.95996,841.91998,rect,92.3964224541489,115.74936439310962,370.60103051028943,401.06138956110806,23.35294193896071,30.460359050818624,True,False,"0.9569, 0.9686, 0.9725",#F4F7F8,"0.9569, 0.9686, 0.9725",False
5,594.95996,841.91998,rect,92.3964224541489,93.41176775584285,370.60103051028943,401.06138956110806,1.0153453016939409,30.460359050818624,True,False,"1.0000, 1.0000, 1.0000",#FFFFFF,"1.0000, 1.0000, 1.0000",False
5,594.95996,841.91998,rect,115.74936439310962,161.43990296933708,370.60103051028943,401.06138956110806,45.69053857622747,30.460359050818624,True,False,"0.9569, 0.9686, 0.9725",#F4F7F8,"0.9569, 0.9686, 0.9725",False
5,594.95996,841.91998,rect,115.74936439310962,116.76470969480356,370.60103051028943,401.06138956110806,1.0153453016939409,30.460359050818624,True,False,"1.0000, 1.0000, 1.0000",#FFFFFF,"1.0000, 1.0000, 1.0000",False
5,594.95996,841.91998,rect,161.43990296933708,213.22251335572824,370.60103051028943,401.06138956110806,51.782610386391156,30.460359050818624,True,False,"0.9569, 0.9686, 0.9725",#F4F7F8,"0.9569, 0.9686, 0.9725",False
5,594.95996,841.91998,rect,161.43990296933708,162.45524827103105,370.60103051028943,401.06138956110806,1.0153453016939693,30.460359050818624,True,False,"1.0000, 1.0000, 1.0000",#FFFFFF,"1.0000, 1.0000, 1.0000",False
5,594.95996,841.91998,rect,187.33120816253268,188.34655346422662,370.60103051028943,401.06138956110806,1.0153453016939409,30.460359050818624,True,False,"1.0000, 1.0000, 1.0000",#FFFFFF,"1.0000, 1.0000, 1.0000",False
5,594.95996,841.91998,rect,213.22251335572824,316.7877341285105,370.60103051028943,401.06138956110806,103.56522077278228,30.460359050818624,True,False,"0.9569, 0.9686, 0.9725",#F4F7F8,"0.9569, 0.9686, 0.9725",False
5,594.95996,841.91998,rect,213.22251335572824,214.23785865742218,370.60103051028943,401.06138956110806,1.0153453016939409,30.460359050818624,True,False,"1.0000, 1.0000, 1.0000",#FFFFFF,"1.0000, 1.0000, 1.0000",False
5,594.95996,841.91998,rect,239.1138185489238,240.12916385061774,370.60103051028943,401.06138956110806,1.0153453016939409,30.460359050818624,True,False,"1.0000, 1.0000, 1.0000",#FFFFFF,"1.0000, 1.0000, 1.0000",False
5,594.95996,841.91998,rect,265.0051237421194,266.0204690438133,370.60103051028943,401.06138956110806,1.0153453016939125,30.460359050818624,True,False,"1.0000, 1.0000, 1.0000",#FFFFFF,"1.0000, 1.0000, 1.0000",False
5,594.95996,841.91998,rect,290.89642893531493,291.9117742370089,370.60103051028943,401.06138956110806,1.0153453016939693,30.460359050818624,True,False,"1.0000, 1.0000, 1.0000",#FFFFFF,"1.0000, 1.0000, 1.0000",False
5,594.95996,841.91998,rect,316.7877341285105,420.35295490129283,370.60103051028943,401.06138956110806,103.56522077278231,30.460359050818624,True,False,"0.9569, 0.9686, 0.9725",#F4F7F8,"0.9569, 0.9686, 0.9725",False
5,594.95996,841.91998,rect,316.7877341285105,317.8030794302045,370.60103051028943,401.06138956110806,1.0153453016939693,30.460359050818624,True,False,"1.0000, 1.0000, 1.0000",#FFFFFF,"1.0000, 1.0000, 1.0000",False
5,594.95996,841.91998,rect,342.6790393217061,343.6943846234,370.60103051028943,401.06138956110806,1.0153453016939125,30.460359050818624,True,False,"1.0000, 1.0000, 1.0000",#FFFFFF,"1.0000, 1.0000, 1.0000",False
5,594.95996,841.91998,rect,368.57034451490165,369.5856898165956,370.60103051028943,401.06138956110806,1.0153453016939693,30.460359050818624,True,False,"1.0000, 1.0000, 1.0000",#FFFFFF,"1.0000, 1.0000, 1.0000",False
5,594.95996,841.91998,rect,394.46164970809724,395.4769950097912,370.60103051028943,401.06138956110806,1.0153453016939693,30.460359050818624,True,False,"1.0000, 1.0000, 1.0000",#FFFFFF,"1.0000, 1.0000, 1.0000",False
5,594.95996,841.91998,rect,420.35295490129283,523.9181756740751,370.60103051028943,401.06138956110806,103.56522077278225,30.460359050818624,True,False,"0.9569, 0.9686, 0.9725",#F4F7F8,"0.9569, 0.9686, 0.9725",False
5,594.95996,841.91998,rect,420.35295490129283,421.36830020298675,370.60103051028943,401.06138956110806,1.0153453016939125,30.460359050818624,True,False,"1.0000, 1.0000, 1.0000",#FFFFFF,"1.0000, 1.0000, 1.0000",False
5,594.95996,841.91998,rect,446.24426009448837,447.25960539618234,370.60103051028943,401.06138956110806,1.0153453016939693,30.460359050818624,True,False,"1.0000, 1.0000, 1.0000",#FFFFFF,"1.0000, 1.0000, 1.0000",False
5,594.95996,841.91998,rect,472.13556528768396,473.1509105893779,370.60103051028943,401.06138956110806,1.0153453016939125,30.460359050818624,True,False,"1.0000, 1.0000, 1.0000",#FFFFFF,"1.0000, 1.0000, 1.0000",False
5,594.95996,841.91998,rect,498.02687048087955,499.04221578257346,370.60103051028943,401.06138956110806,1.0153453016939125,30.460359050818624,True,False,"1.0000, 1.0000, 1.0000",#FFFFFF,"1.0000, 1.0000, 1.0000",False
5,594.95996,841.91998,rect,523.9181756740751,575.7007860604663,370.60103051028943,401.06138956110806,51.782610386391184,30.460359050818624,True,False,"0.9569, 0.9686, 0.9725",#F4F7F8,"0.9569, 0.9686, 0.9725",False
5,594.95996,841.91998,rect,523.9181756740751,524.933520975769,370.60103051028943,401.06138956110806,1.0153453016939693,30.460359050818624,True,False,"1.0000, 1.0000, 1.0000",#FFFFFF,"1.0000, 1.0000, 1.0000",False
5,594.95996,841.91998,rect,549.8094808672706,550.8248261689646,370.60103051028943,401.06138956110806,1.0153453016939693,30.460359050818624,True,False,"1.0000, 1.0000, 1.0000",#FFFFFF,"1.0000, 1.0000, 1.0000",False
5,594.95996,841.91998,rect,92.3964224541489,115.74936439310962,402.0767348628018,432.5370939136204,23.35294193896071,30.460359050818624,True,False,"0.9569, 0.9686, 0.9725",#F4F7F8,"0.9569, 0.9686, 0.9725",False
5,594.95996,841.91998,rect,92.3964224541489,93.41176775584285,402.0767348628018,432.5370939136204,1.0153453016939409,30.460359050818624,True,False,"1.0000, 1.0000, 1.0000",#FFFFFF,"1.0000, 1.0000, 1.0000",False
5,594.95996,841.91998,rect,115.74936439310962,161.43990296933708,402.0767348628018,432.5370939136204,45.69053857622747,30.460359050818624,True,False,"0.9569, 0.9686, 0.9725",#F4F7F8,"0.9569, 0.9686, 0.9725",False
5,594.95996,841.91998,rect,115.74936439310962,116.76470969480356,402.0767348628018,432.5370939136204,1.0153453016939409,30.460359050818624,True,False,"1.0000, 1.0000, 1.0000",#FFFFFF,"1.0000, 1.0000, 1.0000",False
5,594.95996,841.91998,rect,161.43990296933708,213.22251335572824,402.0767348628018,432.5370939136204,51.782610386391156,30.460359050818624,True,False,"0.9569, 0.9686, 0.9725",#F4F7F8,"0.9569, 0.9686, 0.9725",False
5,594.95996,841.91998,rect,161.43990296933708,162.45524827103105,402.0767348628018,432.5370939136204,1.0153453016939693,30.460359050818624,True,False,"1.0000, 1.0000, 1.0000",#FFFFFF,"1.0000, 1.0000, 1.0000",False
5,594.95996,841.91998,rect,187.33120816253268,188.34655346422662,402.0767348628018,432.5370939136204,1.0153453016939409,30.460359050818624,True,False,"1.0000, 1.0000, 1.0000",#FFFFFF,"1.0000, 1.0000, 1.0000",False
5,594.95996,841.91998,rect,213.22251335572824,316.7877341285105,402.0767348628018,432.5370939136204,103.56522077278228,30.460359050818624,True,False,"0.9569, 0.9686, 0.9725",#F4F7F8,"0.9569, 0.9686, 0.9725",False
5,594.95996,841.91998,rect,213.22251335572824,214.23785865742218,402.0767348628018,432.5370939136204,1.0153453016939409,30.460359050818624,True,False,"1.0000, 1.0000, 1.0000",#FFFFFF,"1.0000, 1.0000, 1.0000",False
5,594.95996,841.91998,rect,239.1138185489238,240.12916385061774,402.0767348628018,432.5370939136204,1.0153453016939409,30.460359050818624,True,False,"1.0000, 1.0000, 1.0000",#FFFFFF,"1.0000, 1.0000, 1.0000",False
5,594.95996,841.91998,rect,265.0051237421194,266.0204690438133,402.0767348628018,432.5370939136204,1.0153453016939125,30.460359050818624,True,False,"1.0000, 1.0000, 1.0000",#FFFFFF,"1.0000, 1.0000, 1.0000",False
5,594.95996,841.91998,rect,290.89642893531493,291.9117742370089,402.0767348628018,432.5370939136204,1.0153453016939693,30.460359050818624,True,False,"1.0000, 1.0000, 1.0000",#FFFFFF,"1.0000, 1.0000, 1.0000",False
5,594.95996,841.91998,rect,316.7877341285105,420.35295490129283,402.0767348628018,432.5370939136204,103.56522077278231,30.460359050818624,True,False,"0.9569, 0.9686, 0.9725",#F4F7F8,"0.9569, 0.9686, 0.9725",False
5,594.95996,841.91998,rect,316.7877341285105,317.8030794302045,402.0767348628018,432.5370939136204,1.0153453016939693,30.460359050818624,True,False,"1.0000, 1.0000, 1.0000",#FFFFFF,"1.0000, 1.0000, 1.0000",False
5,594.95996,841.91998,rect,342.6790393217061,343.6943846234,402.0767348628018,432.5370939136204,1.0153453016939125,30.460359050818624,True,False,"1.0000, 1.0000, 1.0000",#FFFFFF,"1.0000, 1.0000, 1.0000",False
5,594.95996,841.91998,rect,368.57034451490165,369.5856898165956,402.0767348628018,432.5370939136204,1.0153453016939693,30.460359050818624,True,False,"1.0000, 1.0000, 1.0000",#FFFFFF,"1.0000, 1.0000, 1.0000",False
5,594.95996,841.91998,rect,394.46164970809724,395.4769950097912,402.0767348628018,432.5370939136204,1.0153453016939693,30.460359050818624,True,False,"1.0000, 1.0000, 1.0000",#FFFFFF,"1.0000, 1.0000, 1.0000",False
5,594.95996,841.91998,rect,420.35295490129283,523.9181756740751,402.0767348628018,432.5370939136204,103.56522077278225,30.460359050818624,True,False,"0.9569, 0.9686, 0.9725",#F4F7F8,"0.9569, 0.9686, 0.9725",False
5,594.95996,841.91998,rect,420.35295490129283,421.36830020298675,402.0767348628018,432.5370939136204,1.0153453016939125,30.460359050818624,True,False,"1.0000, 1.0000, 1.0000",#FFFFFF,"1.0000, 1.0000, 1.0000",False
5,594.95996,841.91998,rect,446.24426009448837,447.25960539618234,402.0767348628018,432.5370939136204,1.0153453016939693,30.460359050818624,True,False,"1.0000, 1.0000, 1.0000",#FFFFFF,"1.0000, 1.0000, 1.0000",False
5,594.95996,841.91998,rect,472.13556528768396,473.1509105893779,402.0767348628018,432.5370939136204,1.0153453016939125,30.460359050818624,True,False,"1.0000, 1.0000, 1.0000",#FFFFFF,"1.0000, 1.0000, 1.0000",False
5,594.95996,841.91998,rect,498.02687048087955,499.04221578257346,402.0767348628018,432.5370939136204,1.0153453016939125,30.460359050818624,True,False,"1.0000, 1.0000, 1.0000",#FFFFFF,"1.0000, 1.0000, 1.0000",False
5,594.95996,841.91998,rect,523.9181756740751,575.7007860604663,402.0767348628018,432.5370939136204,51.782610386391184,30.460359050818624,True,False,"0.9569, 0.9686, 0.9725",#F4F7F8,"0.9569, 0.9686, 0.9725",False
5,594.95996,841.91998,rect,523.9181756740751,524.933520975769,402.0767348628018,432.5370939136204,1.0153453016939693,30.460359050818624,True,False,"1.0000, 1.0000, 1.0000",#FFFFFF,"1.0000, 1.0000, 1.0000",False
5,594.95996,841.91998,rect,549.8094808672706,550.8248261689646,402.0767348628018,432.5370939136204,1.0153453016939693,30.460359050818624,True,False,"1.0000, 1.0000, 1.0000",#FFFFFF,"1.0000, 1.0000, 1.0000",False
5,594.95996,841.91998,rect,92.3964224541489,115.74936439310962,473.15090598137783,504.6266103338902,23.35294193896071,31.475704352512366,True,False,"0.9569, 0.9686, 0.9725",#F4F7F8,"0.9569, 0.9686, 0.9725",False
5,594.95996,841.91998,rect,92.3964224541489,93.41176775584285,473.15090598137783,504.6266103338902,1.0153453016939409,31.475704352512366,True,False,"1.0000, 1.0000, 1.0000",#FFFFFF,"1.0000, 1.0000, 1.0000",False
5,594.95996,841.91998,rect,115.74936439310962,161.43990296933708,473.15090598137783,504.6266103338902,45.69053857622747,31.475704352512366,True,False,"0.9569, 0.9686, 0.9725",#F4F7F8,"0.9569, 0.9686, 0.9725",False
5,594.95996,841.91998,rect,115.74936439310962,116.76470969480356,473.15090598137783,504.6266103338902,1.0153453016939409,31.475704352512366,True,False,"1.0000, 1.0000, 1.0000",#FFFFFF,"1.0000, 1.0000, 1.0000",False
5,594.95996,841.91998,rect,161.43990296933708,213.22251335572824,473.15090598137783,504.6266103338902,51.782610386391156,31.475704352512366,True,False,"0.9569, 0.9686, 0.9725",#F4F7F8,"0.9569, 0.9686, 0.9725",False
5,594.95996,841.91998,rect,161.43990296933708,162.45524827103105,473.15090598137783,504.6266103338902,1.0153453016939693,31.475704352512366,True,False,"1.0000, 1.0000, 1.0000",#FFFFFF,"1.0000, 1.0000, 1.0000",False
5,594.95996,841.91998,rect,213.22251335572824,316.7877341285105,473.15090598137783,504.6266103338902,103.56522077278228,31.475704352512366,True,False,"0.9569, 0.9686, 0.9725",#F4F7F8,"0.9569, 0.9686, 0.9725",False
5,594.95996,841.91998,rect,213.22251335572824,214.23785865742218,473.15090598137783,504.6266103338902,1.0153453016939409,31.475704352512366,True,False,"1.0000, 1.0000, 1.0000",#FFFFFF,"1.0000, 1.0000, 1.0000",False
5,594.95996,841.91998,rect,316.7877341285105,420.35295490129283,473.15090598137783,504.6266103338902,103.56522077278231,31.475704352512366,True,False,"0.9569, 0.9686, 0.9725",#F4F7F8,"0.9569, 0.9686, 0.9725",False
5,594.95996,841.91998,rect,316.7877341285105,317.8030794302045,473.15090598137783,504.6266103338902,1.0153453016939693,31.475704352512366,True,False,"1.0000, 1.0000, 1.0000",#FFFFFF,"1.0000, 1.0000, 1.0000",False
5,594.95996,841.91998,rect,420.35295490129283,523.9181756740751,473.15090598137783,504.6266103338902,103.56522077278225,31.475704352512366,True,False,"0.9569, 0.9686, 0.9725",#F4F7F8,"0.9569, 0.9686, 0.9725",False
5,594.95996,841.91998,rect,420.35295490129283,421.36830020298675,473.15090598137783,504.6266103338902,1.0153453016939125,31.475704352512366,True,False,"1.0000, 1.0000, 1.0000",#FFFFFF,"1.0000, 1.0000, 1.0000",False
5,594.95996,841.91998,rect,523.9181756740751,575.7007860604663,473.15090598137783,504.6266103338902,51.782610386391184,31.475704352512366,True,False,"0.9569, 0.9686, 0.9725",#F4F7F8,"0.9569, 0.9686, 0.9725",False
5,594.95996,841.91998,rect,523.9181756740751,524.933520975769,473.15090598137783,504.6266103338902,1.0153453016939693,31.475704352512366,True,False,"1.0000, 1.0000, 1.0000",#FFFFFF,"1.0000, 1.0000, 1.0000",False
5,594.95996,841.91998,rect,92.3964224541489,115.74936439310962,552.3478395135056,582.8081985643238,23.35294193896071,30.46035905081817,True,False,"0.9569, 0.9686, 0.9725",#F4F7F8,"0.9569, 0.9686, 0.9725",False
5,594.95996,841.91998,rect,92.3964224541489,93.41176775584285,552.3478395135056,582.8081985643238,1.0153453016939409,30.46035905081817,True,False,"1.0000, 1.0000, 1.0000",#FFFFFF,"1.0000, 1.0000, 1.0000",False
5,594.95996,841.91998,rect,115.74936439310962,161.43990296933708,552.3478395135056,582.8081985643238,45.69053857622747,30.46035905081817,True,False,"0.9569, 0.9686, 0.9725",#F4F7F8,"0.9569, 0.9686, 0.9725",False
5,594.95996,841.91998,rect,115.74936439310962,116.76470969480356,552.3478395135056,582.8081985643238,1.0153453016939409,30.46035905081817,True,False,"1.0000, 1.0000, 1.0000",#FFFFFF,"1.0000, 1.0000, 1.0000",False
5,594.95996,841.91998,rect,161.43990296933708,213.22251335572824,552.3478395135056,582.8081985643238,51.782610386391156,30.46035905081817,True,False,"0.9569, 0.9686, 0.9725",#F4F7F8,"0.9569, 0.9686, 0.9725",False
5,594.95996,841.91998,rect,161.43990296933708,162.45524827103105,552.3478395135056,582.8081985643238,1.0153453016939693,30.46035905081817,True,False,"1.0000, 1.0000, 1.0000",#FFFFFF,"1.0000, 1.0000, 1.0000",False
5,594.95996,841.91998,rect,187.33120816253268,188.34655346422662,552.3478395135056,582.8081985643238,1.0153453016939409,30.46035905081817,True,False,"1.0000, 1.0000, 1.0000",#FFFFFF,"1.0000, 1.0000, 1.0000",False
5,594.95996,841.91998,rect,213.22251335572824,316.7877341285105,552.3478395135056,582.8081985643238,103.56522077278228,30.46035905081817,True,False,"0.9569, 0.9686, 0.9725",#F4F7F8,"0.9569, 0.9686, 0.9725",False
5,594.95996,841.91998,rect,213.22251335572824,214.23785865742218,552.3478395135056,582.8081985643238,1.0153453016939409,30.46035905081817,True,False,"1.0000, 1.0000, 1.0000",#FFFFFF,"1.0000, 1.0000, 1.0000",False
5,594.95996,841.91998,rect,239.1138185489238,240.12916385061774,552.3478395135056,582.8081985643238,1.0153453016939409,30.46035905081817,True,False,"1.0000, 1.0000, 1.0000",#FFFFFF,"1.0000, 1.0000, 1.0000",False
5,594.95996,841.91998,rect,265.0051237421194,266.0204690438133,552.3478395135056,582.8081985643238,1.0153453016939125,30.46035905081817,True,False,"1.0000, 1.0000, 1.0000",#FFFFFF,"1.0000, 1.0000, 1.0000",False
5,594.95996,841.91998,rect,290.89642893531493,291.9117742370089,552.3478395135056,582.8081985643238,1.0153453016939693,30.46035905081817,True,False,"1.0000, 1.0000, 1.0000",#FFFFFF,"1.0000, 1.0000, 1.0000",False
5,594.95996,841.91998,rect,316.7877341285105,420.35295490129283,552.3478395135056,582.8081985643238,103.56522077278231,30.46035905081817,True,False,"0.9569, 0.9686, 0.9725",#F4F7F8,"0.9569, 0.9686, 0.9725",False
5,594.95996,841.91998,rect,316.7877341285105,317.8030794302045,552.3478395135056,582.8081985643238,1.0153453016939693,30.46035905081817,True,False,"1.0000, 1.0000, 1.0000",#FFFFFF,"1.0000, 1.0000, 1.0000",False
5,594.95996,841.91998,rect,342.6790393217061,343.6943846234,552.3478395135056,582.8081985643238,1.0153453016939125,30.46035905081817,True,False,"1.0000, 1.0000, 1.0000",#FFFFFF,"1.0000, 1.0000, 1.0000",False
5,594.95996,841.91998,rect,368.57034451490165,369.5856898165956,552.3478395135056,582.8081985643238,1.0153453016939693,30.46035905081817,True,False,"1.0000, 1.0000, 1.0000",#FFFFFF,"1.0000, 1.0000, 1.0000",False
5,594.95996,841.91998,rect,394.46164970809724,395.4769950097912,552.3478395135056,582.8081985643238,1.0153453016939693,30.46035905081817,True,False,"1.0000, 1.0000, 1.0000",#FFFFFF,"1.0000, 1.0000, 1.0000",False
5,594.95996,841.91998,rect,420.35295490129283,523.9181756740751,552.3478395135056,582.8081985643238,103.56522077278225,30.46035905081817,True,False,"0.9569, 0.9686, 0.9725",#F4F7F8,"0.9569, 0.9686, 0.9725",False
5,594.95996,841.91998,rect,420.35295490129283,421.36830020298675,552.3478395135056,582.8081985643238,1.0153453016939125,30.46035905081817,True,False,"1.0000, 1.0000, 1.0000",#FFFFFF,"1.0000, 1.0000, 1.0000",False
5,594.95996,841.91998,rect,446.24426009448837,447.25960539618234,552.3478395135056,582.8081985643238,1.0153453016939693,30.46035905081817,True,False,"1.0000, 1.0000, 1.0000",#FFFFFF,"1.0000, 1.0000, 1.0000",False
5,594.95996,841.91998,rect,472.13556528768396,473.1509105893779,552.3478395135056,582.8081985643238,1.0153453016939125,30.46035905081817,True,False,"1.0000, 1.0000, 1.0000",#FFFFFF,"1.0000, 1.0000, 1.0000",False
5,594.95996,841.91998,rect,498.02687048087955,499.04221578257346,552.3478395135056,582.8081985643238,1.0153453016939125,30.46035905081817,True,False,"1.0000, 1.0000, 1.0000",#FFFFFF,"1.0000, 1.0000, 1.0000",False
5,594.95996,841.91998,rect,523.9181756740751,575.7007860604663,552.3478395135056,582.8081985643238,51.782610386391184,30.46035905081817,True,False,"0.9569, 0.9686, 0.9725",#F4F7F8,"0.9569, 0.9686, 0.9725",False
5,594.95996,841.91998,rect,523.9181756740751,524.933520975769,552.3478395135056,582.8081985643238,1.0153453016939693,30.46035905081817,True,False,"1.0000, 1.0000, 1.0000",#FFFFFF,"1.0000, 1.0000, 1.0000",False
5,594.95996,841.91998,rect,549.8094808672706,550.8248261689646,552.3478395135056,582.8081985643238,1.0153453016939693,30.46035905081817,True,False,"1.0000, 1.0000, 1.0000",#FFFFFF,"1.0000, 1.0000, 1.0000",False
5,594.95996,841.91998,rect,92.3964224541489,115.74936439310962,583.823543866018,614.2839029168362,23.35294193896071,30.46035905081817,True,False,"0.9569, 0.9686, 0.9725",#F4F7F8,"0.9569, 0.9686, 0.9725",False
5,594.95996,841.91998,rect,92.3964224541489,93.41176775584285,583.823543866018,614.2839029168362,1.0153453016939409,30.46035905081817,True,False,"1.0000, 1.0000, 1.0000",#FFFFFF,"1.0000, 1.0000, 1.0000",False
5,594.95996,841.91998,rect,115.74936439310962,161.43990296933708,583.823543866018,614.2839029168362,45.69053857622747,30.46035905081817,True,False,"0.9569, 0.9686, 0.9725",#F4F7F8,"0.9569, 0.9686, 0.9725",False
5,594.95996,841.91998,rect,115.74936439310962,116.76470969480356,583.823543866018,614.2839029168362,1.0153453016939409,30.46035905081817,True,False,"1.0000, 1.0000, 1.0000",#FFFFFF,"1.0000, 1.0000, 1.0000",False
5,594.95996,841.91998,rect,161.43990296933708,213.22251335572824,583.823543866018,614.2839029168362,51.782610386391156,30.46035905081817,True,False,"0.9569, 0.9686, 0.9725",#F4F7F8,"0.9569, 0.9686, 0.9725",False
5,594.95996,841.91998,rect,161.43990296933708,162.45524827103105,583.823543866018,614.2839029168362,1.0153453016939693,30.46035905081817,True,False,"1.0000, 1.0000, 1.0000",#FFFFFF,"1.0000, 1.0000, 1.0000",False
5,594.95996,841.91998,rect,187.33120816253268,188.34655346422662,583.823543866018,614.2839029168362,1.0153453016939409,30.46035905081817,True,False,"1.0000, 1.0000, 1.0000",#FFFFFF,"1.0000, 1.0000, 1.0000",False
5,594.95996,841.91998,rect,213.22251335572824,316.7877341285105,583.823543866018,614.2839029168362,103.56522077278228,30.46035905081817,True,False,"0.9569, 0.9686, 0.9725",#F4F7F8,"0.9569, 0.9686, 0.9725",False
5,594.95996,841.91998,rect,213.22251335572824,214.23785865742218,583.823543866018,614.2839029168362,1.0153453016939409,30.46035905081817,True,False,"1.0000, 1.0000, 1.0000",#FFFFFF,"1.0000, 1.0000, 1.0000",False
5,594.95996,841.91998,rect,239.1138185489238,240.12916385061774,583.823543866018,614.2839029168362,1.0153453016939409,30.46035905081817,True,False,"1.0000, 1.0000, 1.0000",#FFFFFF,"1.0000, 1.0000, 1.0000",False
5,594.95996,841.91998,rect,265.0051237421194,266.0204690438133,583.823543866018,614.2839029168362,1.0153453016939125,30.46035905081817,True,False,"1.0000, 1.0000, 1.0000",#FFFFFF,"1.0000, 1.0000, 1.0000",False
5,594.95996,841.91998,rect,290.89642893531493,291.9117742370089,583.823543866018,614.2839029168362,1.0153453016939693,30.46035905081817,True,False,"1.0000, 1.0000, 1.0000",#FFFFFF,"1.0000, 1.0000, 1.0000",False
5,594.95996,841.91998,rect,316.7877341285105,420.35295490129283,583.823543866018,614.2839029168362,103.56522077278231,30.46035905081817,True,False,"0.9569, 0.9686, 0.9725",#F4F7F8,"0.9569, 0.9686, 0.9725",False
5,594.95996,841.91998,rect,316.7877341285105,317.8030794302045,583.823543866018,614.2839029168362,1.0153453016939693,30.46035905081817,True,False,"1.0000, 1.0000, 1.0000",#FFFFFF,"1.0000, 1.0000, 1.0000",False
5,594.95996,841.91998,rect,342.6790393217061,343.6943846234,583.823543866018,614.2839029168362,1.0153453016939125,30.46035905081817,True,False,"1.0000, 1.0000, 1.0000",#FFFFFF,"1.0000, 1.0000, 1.0000",False
5,594.95996,841.91998,rect,368.57034451490165,369.5856898165956,583.823543866018,614.2839029168362,1.0153453016939693,30.46035905081817,True,False,"1.0000, 1.0000, 1.0000",#FFFFFF,"1.0000, 1.0000, 1.0000",False
5,594.95996,841.91998,rect,394.46164970809724,395.4769950097912,583.823543866018,614.2839029168362,1.0153453016939693,30.46035905081817,True,False,"1.0000, 1.0000, 1.0000",#FFFFFF,"1.0000, 1.0000, 1.0000",False
5,594.95996,841.91998,rect,420.35295490129283,523.9181756740751,583.823543866018,614.2839029168362,103.56522077278225,30.46035905081817,True,False,"0.9569, 0.9686, 0.9725",#F4F7F8,"0.9569, 0.9686, 0.9725",False
5,594.95996,841.91998,rect,420.35295490129283,421.36830020298675,583.823543866018,614.2839029168362,1.0153453016939125,30.46035905081817,True,False,"1.0000, 1.0000, 1.0000",#FFFFFF,"1.0000, 1.0000, 1.0000",False
5,594.95996,841.91998,rect,446.24426009448837,447.25960539618234,583.823543866018,614.2839029168362,1.0153453016939693,30.46035905081817,True,False,"1.0000, 1.0000, 1.0000",#FFFFFF,"1.0000, 1.0000, 1.0000",False
5,594.95996,841.91998,rect,472.13556528768396,473.1509105893779,583.823543866018,614.2839029168362,1.0153453016939125,30.46035905081817,True,False,"1.0000, 1.0000, 1.0000",#FFFFFF,"1.0000, 1.0000, 1.0000",False
5,594.95996,841.91998,rect,498.02687048087955,499.04221578257346,583.823543866018,614.2839029168362,1.0153453016939125,30.46035905081817,True,False,"1.0000, 1.0000, 1.0000",#FFFFFF,"1.0000, 1.0000, 1.0000",False
5,594.95996,841.91998,rect,523.9181756740751,575.7007860604663,583.823543866018,614.2839029168362,51.782610386391184,30.46035905081817,True,False,"0.9569, 0.9686, 0.9725",#F4F7F8,"0.9569, 0.9686, 0.9725",False
5,594.95996,841.91998,rect,523.9181756740751,524.933520975769,583.823543866018,614.2839029168362,1.0153453016939693,30.46035905081817,True,False,"1.0000, 1.0000, 1.0000",#FFFFFF,"1.0000, 1.0000, 1.0000",False
5,594.95996,841.91998,rect,549.8094808672706,550.8248261689646,583.823543866018,614.2839029168362,1.0153453016939693,30.46035905081817,True,False,"1.0000, 1.0000, 1.0000",#FFFFFF,"1.0000, 1.0000, 1.0000",False
5,594.95996,841.91998,rect,92.3964224541489,115.74936439310962,615.2992482185304,645.7596072693485,23.35294193896071,30.46035905081817,True,False,"0.9569, 0.9686, 0.9725",#F4F7F8,"0.9569, 0.9686, 0.9725",False
5,594.95996,841.91998,rect,92.3964224541489,93.41176775584285,615.2992482185304,645.7596072693485,1.0153453016939409,30.46035905081817,True,False,"1.0000, 1.0000, 1.0000",#FFFFFF,"1.0000, 1.0000, 1.0000",False
5,594.95996,841.91998,rect,115.74936439310962,161.43990296933708,615.2992482185304,645.7596072693485,45.69053857622747,30.46035905081817,True,False,"0.9569, 0.9686, 0.9725",#F4F7F8,"0.9569, 0.9686, 0.9725",False
5,594.95996,841.91998,rect,115.74936439310962,116.76470969480356,615.2992482185304,645.7596072693485,1.0153453016939409,30.46035905081817,True,False,"1.0000, 1.0000, 1.0000",#FFFFFF,"1.0000, 1.0000, 1.0000",False
5,594.95996,841.91998,rect,161.43990296933708,213.22251335572824,615.2992482185304,645.7596072693485,51.782610386391156,30.46035905081817,True,False,"0.9569, 0.9686, 0.9725",#F4F7F8,"0.9569, 0.9686, 0.9725",False
5,594.95996,841.91998,rect,161.43990296933708,162.45524827103105,615.2992482185304,645.7596072693485,1.0153453016939693,30.46035905081817,True,False,"1.0000, 1.0000, 1.0000",#FFFFFF,"1.0000, 1.0000, 1.0000",False
5,594.95996,841.91998,rect,187.33120816253268,188.34655346422662,615.2992482185304,645.7596072693485,1.0153453016939409,30.46035905081817,True,False,"1.0000, 1.0000, 1.0000",#FFFFFF,"1.0000, 1.0000, 1.0000",False
5,594.95996,841.91998,rect,213.22251335572824,316.7877341285105,615.2992482185304,645.7596072693485,103.56522077278228,30.46035905081817,True,False,"0.9569, 0.9686, 0.9725",#F4F7F8,"0.9569, 0.9686, 0.9725",False
5,594.95996,841.91998,rect,213.22251335572824,214.23785865742218,615.2992482185304,645.7596072693485,1.0153453016939409,30.46035905081817,True,False,"1.0000, 1.0000, 1.0000",#FFFFFF,"1.0000, 1.0000, 1.0000",False
5,594.95996,841.91998,rect,239.1138185489238,240.12916385061774,615.2992482185304,645.7596072693485,1.0153453016939409,30.46035905081817,True,False,"1.0000, 1.0000, 1.0000",#FFFFFF,"1.0000, 1.0000, 1.0000",False
5,594.95996,841.91998,rect,265.0051237421194,266.0204690438133,615.2992482185304,645.7596072693485,1.0153453016939125,30.46035905081817,True,False,"1.0000, 1.0000, 1.0000",#FFFFFF,"1.0000, 1.0000, 1.0000",False
5,594.95996,841.91998,rect,290.89642893531493,291.9117742370089,615.2992482185304,645.7596072693485,1.0153453016939693,30.46035905081817,True,False,"1.0000, 1.0000, 1.0000",#FFFFFF,"1.0000, 1.0000, 1.0000",False
5,594.95996,841.91998,rect,316.7877341285105,420.35295490129283,615.2992482185304,645.7596072693485,103.56522077278231,30.46035905081817,True,False,"0.9569, 0.9686, 0.9725",#F4F7F8,"0.9569, 0.9686, 0.9725",False
5,594.95996,841.91998,rect,316.7877341285105,317.8030794302045,615.2992482185304,645.7596072693485,1.0153453016939693,30.46035905081817,True,False,"1.0000, 1.0000, 1.0000",#FFFFFF,"1.0000, 1.0000, 1.0000",False
5,594.95996,841.91998,rect,342.6790393217061,343.6943846234,615.2992482185304,645.7596072693485,1.0153453016939125,30.46035905081817,True,False,"1.0000, 1.0000, 1.0000",#FFFFFF,"1.0000, 1.0000, 1.0000",False
5,594.95996,841.91998,rect,368.57034451490165,369.5856898165956,615.2992482185304,645.7596072693485,1.0153453016939693,30.46035905081817,True,False,"1.0000, 1.0000, 1.0000",#FFFFFF,"1.0000, 1.0000, 1.0000",False
5,594.95996,841.91998,rect,394.46164970809724,395.4769950097912,615.2992482185304,645.7596072693485,1.0153453016939693,30.46035905081817,True,False,"1.0000, 1.0000, 1.0000",#FFFFFF,"1.0000, 1.0000, 1.0000",False
5,594.95996,841.91998,rect,420.35295490129283,523.9181756740751,615.2992482185304,645.7596072693485,103.56522077278225,30.46035905081817,True,False,"0.9569, 0.9686, 0.9725",#F4F7F8,"0.9569, 0.9686, 0.9725",False
5,594.95996,841.91998,rect,420.35295490129283,421.36830020298675,615.2992482185304,645.7596072693485,1.0153453016939125,30.46035905081817,True,False,"1.0000, 1.0000, 1.0000",#FFFFFF,"1.0000, 1.0000, 1.0000",False
5,594.95996,841.91998,rect,446.24426009448837,447.25960539618234,615.2992482185304,645.7596072693485,1.0153453016939693,30.46035905081817,True,False,"1.0000, 1.0000, 1.0000",#FFFFFF,"1.0000, 1.0000, 1.0000",False
5,594.95996,841.91998,rect,472.13556528768396,473.1509105893779,615.2992482185304,645.7596072693485,1.0153453016939125,30.46035905081817,True,False,"1.0000, 1.0000, 1.0000",#FFFFFF,"1.0000, 1.0000, 1.0000",False
5,594.95996,841.91998,rect,498.02687048087955,499.04221578257346,615.2992482185304,645.7596072693485,1.0153453016939125,30.46035905081817,True,False,"1.0000, 1.0000, 1.0000",#FFFFFF,"1.0000, 1.0000, 1.0000",False
5,594.95996,841.91998,rect,523.9181756740751,575.7007860604663,615.2992482185304,645.7596072693485,51.782610386391184,30.46035905081817,True,False,"0.9569, 0.9686, 0.9725",#F4F7F8,"0.9569, 0.9686, 0.9725",False
5,594.95996,841.91998,rect,523.9181756740751,524.933520975769,615.2992482185304,645.7596072693485,1.0153453016939693,30.46035905081817,True,False,"1.0000, 1.0000, 1.0000",#FFFFFF,"1.0000, 1.0000, 1.0000",False
5,594.95996,841.91998,rect,549.8094808672706,550.8248261689646,615.2992482185304,645.7596072693485,1.0153453016939693,30.46035905081817,True,False,"1.0000, 1.0000, 1.0000",#FFFFFF,"1.0000, 1.0000, 1.0000",False
5,594.95996,841.91998,rect,92.3964224541489,115.74936439310962,646.7749525710423,677.2353116218609,23.35294193896071,30.460359050818624,True,False,"0.9569, 0.9686, 0.9725",#F4F7F8,"0.9569, 0.9686, 0.9725",False
5,594.95996,841.91998,rect,92.3964224541489,93.41176775584285,646.7749525710423,677.2353116218609,1.0153453016939409,30.460359050818624,True,False,"1.0000, 1.0000, 1.0000",#FFFFFF,"1.0000, 1.0000, 1.0000",False
5,594.95996,841.91998,rect,115.74936439310962,161.43990296933708,646.7749525710423,677.2353116218609,45.69053857622747,30.460359050818624,True,False,"0.9569, 0.9686, 0.9725",#F4F7F8,"0.9569, 0.9686, 0.9725",False
5,594.95996,841.91998,rect,115.74936439310962,116.76470969480356,646.7749525710423,677.2353116218609,1.0153453016939409,30.460359050818624,True,False,"1.0000, 1.0000, 1.0000",#FFFFFF,"1.0000, 1.0000, 1.0000",False
5,594.95996,841.91998,rect,161.43990296933708,213.22251335572824,646.7749525710423,677.2353116218609,51.782610386391156,30.460359050818624,True,False,"0.9569, 0.9686, 0.9725",#F4F7F8,"0.9569, 0.9686, 0.9725",False
5,594.95996,841.91998,rect,161.43990296933708,162.45524827103105,646.7749525710423,677.2353116218609,1.0153453016939693,30.460359050818624,True,False,"1.0000, 1.0000, 1.0000",#FFFFFF,"1.0000, 1.0000, 1.0000",False
5,594.95996,841.91998,rect,187.33120816253268,188.34655346422662,646.7749525710423,677.2353116218609,1.0153453016939409,30.460359050818624,True,False,"1.0000, 1.0000, 1.0000",#FFFFFF,"1.0000, 1.0000, 1.0000",False
5,594.95996,841.91998,rect,213.22251335572824,316.7877341285105,646.7749525710423,677.2353116218609,103.56522077278228,30.460359050818624,True,False,"0.9569, 0.9686, 0.9725",#F4F7F8,"0.9569, 0.9686, 0.9725",False
5,594.95996,841.91998,rect,213.22251335572824,214.23785865742218,646.7749525710423,677.2353116218609,1.0153453016939409,30.460359050818624,True,False,"1.0000, 1.0000, 1.0000",#FFFFFF,"1.0000, 1.0000, 1.0000",False
5,594.95996,841.91998,rect,239.1138185489238,240.12916385061774,646.7749525710423,677.2353116218609,1.0153453016939409,30.460359050818624,True,False,"1.0000, 1.0000, 1.0000",#FFFFFF,"1.0000, 1.0000, 1.0000",False
5,594.95996,841.91998,rect,265.0051237421194,266.0204690438133,646.7749525710423,677.2353116218609,1.0153453016939125,30.460359050818624,True,False,"1.0000, 1.0000, 1.0000",#FFFFFF,"1.0000, 1.0000, 1.0000",False
5,594.95996,841.91998,rect,290.89642893531493,291.9117742370089,646.7749525710423,677.2353116218609,1.0153453016939693,30.460359050818624,True,False,"1.0000, 1.0000, 1.0000",#FFFFFF,"1.0000, 1.0000, 1.0000",False
5,594.95996,841.91998,rect,316.7877341285105,420.35295490129283,646.7749525710423,677.2353116218609,103.56522077278231,30.460359050818624,True,False,"0.9569, 0.9686, 0.9725",#F4F7F8,"0.9569, 0.9686, 0.9725",False
5,594.95996,841.91998,rect,316.7877341285105,317.8030794302045,646.7749525710423,677.2353116218609,1.0153453016939693,30.460359050818624,True,False,"1.0000, 1.0000, 1.0000",#FFFFFF,"1.0000, 1.0000, 1.0000",False
5,594.95996,841.91998,rect,342.6790393217061,343.6943846234,646.7749525710423,677.2353116218609,1.0153453016939125,30.460359050818624,True,False,"1.0000, 1.0000, 1.0000",#FFFFFF,"1.0000, 1.0000, 1.0000",False
5,594.95996,841.91998,rect,368.57034451490165,369.5856898165956,646.7749525710423,677.2353116218609,1.0153453016939693,30.460359050818624,True,False,"1.0000, 1.0000, 1.0000",#FFFFFF,"1.0000, 1.0000, 1.0000",False
5,594.95996,841.91998,rect,394.46164970809724,395.4769950097912,646.7749525710423,677.2353116218609,1.0153453016939693,30.460359050818624,True,False,"1.0000, 1.0000, 1.0000",#FFFFFF,"1.0000, 1.0000, 1.0000",False
5,594.95996,841.91998,rect,420.35295490129283,523.9181756740751,646.7749525710423,677.2353116218609,103.56522077278225,30.460359050818624,True,False,"0.9569, 0.9686, 0.9725",#F4F7F8,"0.9569, 0.9686, 0.9725",False
5,594.95996,841.91998,rect,420.35295490129283,421.36830020298675,646.7749525710423,677.2353116218609,1.0153453016939125,30.460359050818624,True,False,"1.0000, 1.0000, 1.0000",#FFFFFF,"1.0000, 1.0000, 1.0000",False
5,594.95996,841.91998,rect,446.24426009448837,447.25960539618234,646.7749525710423,677.2353116218609,1.0153453016939693,30.460359050818624,True,False,"1.0000, 1.0000, 1.0000",#FFFFFF,"1.0000, 1.0000, 1.0000",False
5,594.95996,841.91998,rect,472.13556528768396,473.1509105893779,646.7749525710423,677.2353116218609,1.0153453016939125,30.460359050818624,True,False,"1.0000, 1.0000, 1.0000",#FFFFFF,"1.0000, 1.0000, 1.0000",False
5,594.95996,841.91998,rect,498.02687048087955,499.04221578257346,646.7749525710423,677.2353116218609,1.0153453016939125,30.460359050818624,True,False,"1.0000, 1.0000, 1.0000",#FFFFFF,"1.0000, 1.0000, 1.0000",False
5,594.95996,841.91998,rect,523.9181756740751,575.7007860604663,646.7749525710423,677.2353116218609,51.782610386391184,30.460359050818624,True,False,"0.9569, 0.9686, 0.9725",#F4F7F8,"0.9569, 0.9686, 0.9725",False
5,594.95996,841.91998,rect,523.9181756740751,524.933520975769,646.7749525710423,677.2353116218609,1.0153453016939693,30.460359050818624,True,False,"1.0000, 1.0000, 1.0000",#FFFFFF,"1.0000, 1.0000, 1.0000",False
5,594.95996,841.91998,rect,549.8094808672706,550.8248261689646,646.7749525710423,677.2353116218609,1.0153453016939693,30.460359050818624,True,False,"1.0000, 1.0000, 1.0000",#FFFFFF,"1.0000, 1.0000, 1.0000",False
5,594.95996,841.91998,rect,92.3964224541489,115.74936439310962,678.2506569235546,708.7110159743728,23.35294193896071,30.46035905081817,True,False,"0.9569, 0.9686, 0.9725",#F4F7F8,"0.9569, 0.9686, 0.9725",False
5,594.95996,841.91998,rect,92.3964224541489,93.41176775584285,678.2506569235546,708.7110159743728,1.0153453016939409,30.46035905081817,True,False,"1.0000, 1.0000, 1.0000",#FFFFFF,"1.0000, 1.0000, 1.0000",False
5,594.95996,841.91998,rect,115.74936439310962,161.43990296933708,678.2506569235546,708.7110159743728,45.69053857622747,30.46035905081817,True,False,"0.9569, 0.9686, 0.9725",#F4F7F8,"0.9569, 0.9686, 0.9725",False
5,594.95996,841.91998,rect,115.74936439310962,116.76470969480356,678.2506569235546,708.7110159743728,1.0153453016939409,30.46035905081817,True,False,"1.0000, 1.0000, 1.0000",#FFFFFF,"1.0000, 1.0000, 1.0000",False
5,594.95996,841.91998,rect,161.43990296933708,213.22251335572824,678.2506569235546,708.7110159743728,51.782610386391156,30.46035905081817,True,False,"0.9569, 0.9686, 0.9725",#F4F7F8,"0.9569, 0.9686, 0.9725",False
5,594.95996,841.91998,rect,161.43990296933708,162.45524827103105,678.2506569235546,708.7110159743728,1.0153453016939693,30.46035905081817,True,False,"1.0000, 1.0000, 1.0000",#FFFFFF,"1.0000, 1.0000, 1.0000",False
5,594.95996,841.91998,rect,187.33120816253268,188.34655346422662,678.2506569235546,708.7110159743728,1.0153453016939409,30.46035905081817,True,False,"1.0000, 1.0000, 1.0000",#FFFFFF,"1.0000, 1.0000, 1.0000",False
5,594.95996,841.91998,rect,213.22251335572824,316.7877341285105,678.2506569235546,708.7110159743728,103.56522077278228,30.46035905081817,True,False,"0.9569, 0.9686, 0.9725",#F4F7F8,"0.9569, 0.9686, 0.9725",False
5,594.95996,841.91998,rect,213.22251335572824,214.23785865742218,678.2506569235546,708.7110159743728,1.0153453016939409,30.46035905081817,True,False,"1.0000, 1.0000, 1.0000",#FFFFFF,"1.0000, 1.0000, 1.0000",False
5,594.95996,841.91998,rect,239.1138185489238,240.12916385061774,678.2506569235546,708.7110159743728,1.0153453016939409,30.46035905081817,True,False,"1.0000, 1.0000, 1.0000",#FFFFFF,"1.0000, 1.0000, 1.0000",False
5,594.95996,841.91998,rect,265.0051237421194,266.0204690438133,678.2506569235546,708.7110159743728,1.0153453016939125,30.46035905081817,True,False,"1.0000, 1.0000, 1.0000",#FFFFFF,"1.0000, 1.0000, 1.0000",False
5,594.95996,841.91998,rect,290.89642893531493,291.9117742370089,678.2506569235546,708.7110159743728,1.0153453016939693,30.46035905081817,True,False,"1.0000, 1.0000, 1.0000",#FFFFFF,"1.0000, 1.0000, 1.0000",False
5,594.95996,841.91998,rect,316.7877341285105,420.35295490129283,678.2506569235546,708.7110159743728,103.56522077278231,30.46035905081817,True,False,"0.9569, 0.9686, 0.9725",#F4F7F8,"0.9569, 0.9686, 0.9725",False
5,594.95996,841.91998,rect,316.7877341285105,317.8030794302045,678.2506569235546,708.7110159743728,1.0153453016939693,30.46035905081817,True,False,"1.0000, 1.0000, 1.0000",#FFFFFF,"1.0000, 1.0000, 1.0000",False
5,594.95996,841.91998,rect,342.6790393217061,343.6943846234,678.2506569235546,708.7110159743728,1.0153453016939125,30.46035905081817,True,False,"1.0000, 1.0000, 1.0000",#FFFFFF,"1.0000, 1.0000, 1.0000",False
5,594.95996,841.91998,rect,368.57034451490165,369.5856898165956,678.2506569235546,708.7110159743728,1.0153453016939693,30.46035905081817,True,False,"1.0000, 1.0000, 1.0000",#FFFFFF,"1.0000, 1.0000, 1.0000",False
5,594.95996,841.91998,rect,394.46164970809724,395.4769950097912,678.2506569235546,708.7110159743728,1.0153453016939693,30.46035905081817,True,False,"1.0000, 1.0000, 1.0000",#FFFFFF,"1.0000, 1.0000, 1.0000",False
5,594.95996,841.91998,rect,420.35295490129283,523.9181756740751,678.2506569235546,708.7110159743728,103.56522077278225,30.46035905081817,True,False,"0.9569, 0.9686, 0.9725",#F4F7F8,"0.9569, 0.9686, 0.9725",False
5,594.95996,841.91998,rect,420.35295490129283,421.36830020298675,678.2506569235546,708.7110159743728,1.0153453016939125,30.46035905081817,True,False,"1.0000, 1.0000, 1.0000",#FFFFFF,"1.0000, 1.0000, 1.0000",False
5,594.95996,841.91998,rect,446.24426009448837,447.25960539618234,678.2506569235546,708.7110159743728,1.0153453016939693,30.46035905081817,True,False,"1.0000, 1.0000, 1.0000",#FFFFFF,"1.0000, 1.0000, 1.0000",False
5,594.95996,841.91998,rect,472.13556528768396,473.1509105893779,678.2506569235546,708.7110159743728,1.0153453016939125,30.46035905081817,True,False,"1.0000, 1.0000, 1.0000",#FFFFFF,"1.0000, 1.0000, 1.0000",False
5,594.95996,841.91998,rect,498.02687048087955,499.04221578257346,678.2506569235546,708.7110159743728,1.0153453016939125,30.46035905081817,True,False,"1.0000, 1.0000, 1.0000",#FFFFFF,"1.0000, 1.0000, 1.0000",False
5,594.95996,841.91998,rect,523.9181756740751,575.7007860604663,678.2506569235546,708.7110159743728,51.782610386391184,30.46035905081817,True,False,"0.9569, 0.9686, 0.9725",#F4F7F8,"0.9569, 0.9686, 0.9725",False
5,594.95996,841.91998,rect,523.9181756740751,524.933520975769,678.2506569235546,708.7110159743728,1.0153453016939693,30.46035905081817,True,False,"1.0000, 1.0000, 1.0000",#FFFFFF,"1.0000, 1.0000, 1.0000",False
5,594.95996,841.91998,rect,549.8094808672706,550.8248261689646,678.2506569235546,708.7110159743728,1.0153453016939693,30.46035905081817,True,False,"1.0000, 1.0000, 1.0000",#FFFFFF,"1.0000, 1.0000, 1.0000",False
5,594.95996,841.91998,rect,92.3964224541489,115.74936439310962,709.726361276067,740.1867203268852,23.35294193896071,30.46035905081817,True,False,"0.9569, 0.9686, 0.9725",#F4F7F8,"0.9569, 0.9686, 0.9725",False
5,594.95996,841.91998,rect,92.3964224541489,93.41176775584285,709.726361276067,740.1867203268852,1.0153453016939409,30.46035905081817,True,False,"1.0000, 1.0000, 1.0000",#FFFFFF,"1.0000, 1.0000, 1.0000",False
5,594.95996,841.91998,rect,115.74936439310962,161.43990296933708,709.726361276067,740.1867203268852,45.69053857622747,30.46035905081817,True,False,"0.9569, 0.9686, 0.9725",#F4F7F8,"0.9569, 0.9686, 0.9725",False
5,594.95996,841.91998,rect,115.74936439310962,116.76470969480356,709.726361276067,740.1867203268852,1.0153453016939409,30.46035905081817,True,False,"1.0000, 1.0000, 1.0000",#FFFFFF,"1.0000, 1.0000, 1.0000",False
5,594.95996,841.91998,rect,161.43990296933708,213.22251335572824,709.726361276067,740.1867203268852,51.782610386391156,30.46035905081817,True,False,"0.9569, 0.9686, 0.9725",#F4F7F8,"0.9569, 0.9686, 0.9725",False
5,594.95996,841.91998,rect,161.43990296933708,162.45524827103105,709.726361276067,740.1867203268852,1.0153453016939693,30.46035905081817,True,False,"1.0000, 1.0000, 1.0000",#FFFFFF,"1.0000, 1.0000, 1.0000",False
5,594.95996,841.91998,rect,187.33120816253268,188.34655346422662,709.726361276067,740.1867203268852,1.0153453016939409,30.46035905081817,True,False,"1.0000, 1.0000, 1.0000",#FFFFFF,"1.0000, 1.0000, 1.0000",False
5,594.95996,841.91998,rect,213.22251335572824,316.7877341285105,709.726361276067,740.1867203268852,103.56522077278228,30.46035905081817,True,False,"0.9569, 0.9686, 0.9725",#F4F7F8,"0.9569, 0.9686, 0.9725",False
5,594.95996,841.91998,rect,213.22251335572824,214.23785865742218,709.726361276067,740.1867203268852,1.0153453016939409,30.46035905081817,True,False,"1.0000, 1.0000, 1.0000",#FFFFFF,"1.0000, 1.0000, 1.0000",False
5,594.95996,841.91998,rect,239.1138185489238,240.12916385061774,709.726361276067,740.1867203268852,1.0153453016939409,30.46035905081817,True,False,"1.0000, 1.0000, 1.0000",#FFFFFF,"1.0000, 1.0000, 1.0000",False
5,594.95996,841.91998,rect,265.0051237421194,266.0204690438133,709.726361276067,740.1867203268852,1.0153453016939125,30.46035905081817,True,False,"1.0000, 1.0000, 1.0000",#FFFFFF,"1.0000, 1.0000, 1.0000",False
5,594.95996,841.91998,rect,290.89642893531493,291.9117742370089,709.726361276067,740.1867203268852,1.0153453016939693,30.46035905081817,True,False,"1.0000, 1.0000, 1.0000",#FFFFFF,"1.0000, 1.0000, 1.0000",False
5,594.95996,841.91998,rect,316.7877341285105,420.35295490129283,709.726361276067,740.1867203268852,103.56522077278231,30.46035905081817,True,False,"0.9569, 0.9686, 0.9725",#F4F7F8,"0.9569, 0.9686, 0.9725",False
5,594.95996,841.91998,rect,316.7877341285105,317.8030794302045,709.726361276067,740.1867203268852,1.0153453016939693,30.46035905081817,True,False,"1.0000, 1.0000, 1.0000",#FFFFFF,"1.0000, 1.0000, 1.0000",False
5,594.95996,841.91998,rect,342.6790393217061,343.6943846234,709.726361276067,740.1867203268852,1.0153453016939125,30.46035905081817,True,False,"1.0000, 1.0000, 1.0000",#FFFFFF,"1.0000, 1.0000, 1.0000",False
5,594.95996,841.91998,rect,368.57034451490165,369.5856898165956,709.726361276067,740.1867203268852,1.0153453016939693,30.46035905081817,True,False,"1.0000, 1.0000, 1.0000",#FFFFFF,"1.0000, 1.0000, 1.0000",False
5,594.95996,841.91998,rect,394.46164970809724,395.4769950097912,709.726361276067,740.1867203268852,1.0153453016939693,30.46035905081817,True,False,"1.0000, 1.0000, 1.0000",#FFFFFF,"1.0000, 1.0000, 1.0000",False
5,594.95996,841.91998,rect,420.35295490129283,523.9181756740751,709.726361276067,740.1867203268852,103.56522077278225,30.46035905081817,True,False,"0.9569, 0.9686, 0.9725",#F4F7F8,"0.9569, 0.9686, 0.9725",False
5,594.95996,841.91998,rect,420.35295490129283,421.36830020298675,709.726361276067,740.1867203268852,1.0153453016939125,30.46035905081817,True,False,"1.0000, 1.0000, 1.0000",#FFFFFF,"1.0000, 1.0000, 1.0000",False
5,594.95996,841.91998,rect,446.24426009448837,447.25960539618234,709.726361276067,740.1867203268852,1.0153453016939693,30.46035905081817,True,False,"1.0000, 1.0000, 1.0000",#FFFFFF,"1.0000, 1.0000, 1.0000",False
5,594.95996,841.91998,rect,472.13556528768396,473.1509105893779,709.726361276067,740.1867203268852,1.0153453016939125,30.46035905081817,True,False,"1.0000, 1.0000, 1.0000",#FFFFFF,"1.0000, 1.0000, 1.0000",False
5,594.95996,841.91998,rect,498.02687048087955,499.04221578257346,709.726361276067,740.1867203268852,1.0153453016939125,30.46035905081817,True,False,"1.0000, 1.0000, 1.0000",#FFFFFF,"1.0000, 1.0000, 1.0000",False
5,594.95996,841.91998,rect,523.9181756740751,575.7007860604663,709.726361276067,740.1867203268852,51.782610386391184,30.46035905081817,True,False,"0.9569, 0.9686, 0.9725",#F4F7F8,"0.9569, 0.9686, 0.9725",False
5,594.95996,841.91998,rect,523.9181756740751,524.933520975769,709.726361276067,740.1867203268852,1.0153453016939693,30.46035905081817,True,False,"1.0000, 1.0000, 1.0000",#FFFFFF,"1.0000, 1.0000, 1.0000",False
5,594.95996,841.91998,rect,549.8094808672706,550.8248261689646,709.726361276067,740.1867203268852,1.0153453016939693,30.46035905081817,True,False,"1.0000, 1.0000, 1.0000",#FFFFFF,"1.0000, 1.0000, 1.0000",False
5,594.95996,841.91998,rect,92.3964224541489,115.74936439310962,741.2020656285789,771.6624246793975,23.35294193896071,30.460359050818624,True,False,"0.9569, 0.9686, 0.9725",#F4F7F8,"0.9569, 0.9686, 0.9725",False
5,594.95996,841.91998,rect,92.3964224541489,93.41176775584285,741.2020656285789,771.6624246793975,1.0153453016939409,30.460359050818624,True,False,"1.0000, 1.0000, 1.0000",#FFFFFF,"1.0000, 1.0000, 1.0000",False
5,594.95996,841.91998,rect,115.74936439310962,161.43990296933708,741.2020656285789,771.6624246793975,45.69053857622747,30.460359050818624,True,False,"0.9569, 0.9686, 0.9725",#F4F7F8,"0.9569, 0.9686, 0.9725",False
5,594.95996,841.91998,rect,115.74936439310962,116.76470969480356,741.2020656285789,771.6624246793975,1.0153453016939409,30.460359050818624,True,False,"1.0000, 1.0000, 1.0000",#FFFFFF,"1.0000, 1.0000, 1.0000",False
5,594.95996,841.91998,rect,161.43990296933708,213.22251335572824,741.2020656285789,771.6624246793975,51.782610386391156,30.460359050818624,True,False,"0.9569, 0.9686, 0.9725",#F4F7F8,"0.9569, 0.9686, 0.9725",False
5,594.95996,841.91998,rect,161.43990296933708,162.45524827103105,741.2020656285789,771.6624246793975,1.0153453016939693,30.460359050818624,True,False,"1.0000, 1.0000, 1.0000",#FFFFFF,"1.0000, 1.0000, 1.0000",False
5,594.95996,841.91998,rect,187.33120816253268,188.34655346422662,741.2020656285789,771.6624246793975,1.0153453016939409,30.460359050818624,True,False,"1.0000, 1.0000, 1.0000",#FFFFFF,"1.0000, 1.0000, 1.0000",False
5,594.95996,841.91998,rect,213.22251335572824,316.7877341285105,741.2020656285789,771.6624246793975,103.56522077278228,30.460359050818624,True,False,"0.9569, 0.9686, 0.9725",#F4F7F8,"0.9569, 0.9686, 0.9725",False
5,594.95996,841.91998,rect,213.22251335572824,214.23785865742218,741.2020656285789,771.6624246793975,1.0153453016939409,30.460359050818624,True,False,"1.0000, 1.0000, 1.0000",#FFFFFF,"1.0000, 1.0000, 1.0000",False
5,594.95996,841.91998,rect,239.1138185489238,240.12916385061774,741.2020656285789,771.6624246793975,1.0153453016939409,30.460359050818624,True,False,"1.0000, 1.0000, 1.0000",#FFFFFF,"1.0000, 1.0000, 1.0000",False
5,594.95996,841.91998,rect,265.0051237421194,266.0204690438133,741.2020656285789,771.6624246793975,1.0153453016939125,30.460359050818624,True,False,"1.0000, 1.0000, 1.0000",#FFFFFF,"1.0000, 1.0000, 1.0000",False
5,594.95996,841.91998,rect,290.89642893531493,291.9117742370089,741.2020656285789,771.6624246793975,1.0153453016939693,30.460359050818624,True,False,"1.0000, 1.0000, 1.0000",#FFFFFF,"1.0000, 1.0000, 1.0000",False
5,594.95996,841.91998,rect,316.7877341285105,420.35295490129283,741.2020656285789,771.6624246793975,103.56522077278231,30.460359050818624,True,False,"0.9569, 0.9686, 0.9725",#F4F7F8,"0.9569, 0.9686, 0.9725",False
5,594.95996,841.91998,rect,316.7877341285105,317.8030794302045,741.2020656285789,771.6624246793975,1.0153453016939693,30.460359050818624,True,False,"1.0000, 1.0000, 1.0000",#FFFFFF,"1.0000, 1.0000, 1.0000",False
5,594.95996,841.91998,rect,342.6790393217061,343.6943846234,741.2020656285789,771.6624246793975,1.0153453016939125,30.460359050818624,True,False,"1.0000, 1.0000, 1.0000",#FFFFFF,"1.0000, 1.0000, 1.0000",False
5,594.95996,841.91998,rect,368.57034451490165,369.5856898165956,741.2020656285789,771.6624246793975,1.0153453016939693,30.460359050818624,True,False,"1.0000, 1.0000, 1.0000",#FFFFFF,"1.0000, 1.0000, 1.0000",False
5,594.95996,841.91998,rect,394.46164970809724,395.4769950097912,741.2020656285789,771.6624246793975,1.0153453016939693,30.460359050818624,True,False,"1.0000, 1.0000, 1.0000",#FFFFFF,"1.0000, 1.0000, 1.0000",False
5,594.95996,841.91998,rect,420.35295490129283,523.9181756740751,741.2020656285789,771.6624246793975,103.56522077278225,30.460359050818624,True,False,"0.9569, 0.9686, 0.9725",#F4F7F8,"0.9569, 0.9686, 0.9725",False
5,594.95996,841.91998,rect,420.35295490129283,421.36830020298675,741.2020656285789,771.6624246793975,1.0153453016939125,30.460359050818624,True,False,"1.0000, 1.0000, 1.0000",#FFFFFF,"1.0000, 1.0000, 1.0000",False
5,594.95996,841.91998,rect,446.24426009448837,447.25960539618234,741.2020656285789,771.6624246793975,1.0153453016939693,30.460359050818624,True,False,"1.0000, 1.0000, 1.0000",#FFFFFF,"1.0000, 1.0000, 1.0000",False
5,594.95996,841.91998,rect,472.13556528768396,473.1509105893779,741.2020656285789,771.6624246793975,1.0153453016939125,30.460359050818624,True,False,"1.0000, 1.0000, 1.0000",#FFFFFF,"1.0000, 1.0000, 1.0000",False
5,594.95996,841.91998,rect,498.02687048087955,499.04221578257346,741.2020656285789,771.6624246793975,1.0153453016939125,30.460359050818624,True,False,"1.0000, 1.0000, 1.0000",#FFFFFF,"1.0000, 1.0000, 1.0000",False
5,594.95996,841.91998,rect,523.9181756740751,575.7007860604663,741.2020656285789,771.6624246793975,51.782610386391184,30.460359050818624,True,False,"0.9569, 0.9686, 0.9725",#F4F7F8,"0.9569, 0.9686, 0.9725",False
5,594.95996,841.91998,rect,523.9181756740751,524.933520975769,741.2020656285789,771.6624246793975,1.0153453016939693,30.460359050818624,True,False,"1.0000, 1.0000, 1.0000",#FFFFFF,"1.0000, 1.0000, 1.0000",False
5,594.95996,841.91998,rect,549.8094808672706,550.8248261689646,741.2020656285789,771.6624246793975,1.0153453016939693,30.460359050818624,True,False,"1.0000, 1.0000, 1.0000",#FFFFFF,"1.0000, 1.0000, 1.0000",False
5,594.95996,841.91998,rect,92.3964224541489,115.74936439310962,772.6777699810913,803.1381290319099,23.35294193896071,30.460359050818624,True,False,"0.9569, 0.9686, 0.9725",#F4F7F8,"0.9569, 0.9686, 0.9725",False
5,594.95996,841.91998,rect,92.3964224541489,93.41176775584285,772.6777699810913,803.1381290319099,1.0153453016939409,30.460359050818624,True,False,"1.0000, 1.0000, 1.0000",#FFFFFF,"1.0000, 1.0000, 1.0000",False
5,594.95996,841.91998,rect,115.74936439310962,161.43990296933708,772.6777699810913,803.1381290319099,45.69053857622747,30.460359050818624,True,False,"0.9569, 0.9686, 0.9725",#F4F7F8,"0.9569, 0.9686, 0.9725",False
5,594.95996,841.91998,rect,115.74936439310962,116.76470969480356,772.6777699810913,803.1381290319099,1.0153453016939409,30.460359050818624,True,False,"1.0000, 1.0000, 1.0000",#FFFFFF,"1.0000, 1.0000, 1.0000",False
5,594.95996,841.91998,rect,161.43990296933708,213.22251335572824,772.6777699810913,803.1381290319099,51.782610386391156,30.460359050818624,True,False,"0.9569, 0.9686, 0.9725",#F4F7F8,"0.9569, 0.9686, 0.9725",False
5,594.95996,841.91998,rect,161.43990296933708,162.45524827103105,772.6777699810913,803.1381290319099,1.0153453016939693,30.460359050818624,True,False,"1.0000, 1.0000, 1.0000",#FFFFFF,"1.0000, 1.0000, 1.0000",False
5,594.95996,841.91998,rect,187.33120816253268,188.34655346422662,772.6777699810913,803.1381290319099,1.0153453016939409,30.460359050818624,True,False,"1.0000, 1.0000, 1.0000",#FFFFFF,"1.0000, 1.0000, 1.0000",False
5,594.95996,841.91998,rect,213.22251335572824,316.7877341285105,772.6777699810913,803.1381290319099,103.56522077278228,30.460359050818624,True,False,"0.9569, 0.9686, 0.9725",#F4F7F8,"0.9569, 0.9686, 0.9725",False
5,594.95996,841.91998,rect,213.22251335572824,214.23785865742218,772.6777699810913,803.1381290319099,1.0153453016939409,30.460359050818624,True,False,"1.0000, 1.0000, 1.0000",#FFFFFF,"1.0000, 1.0000, 1.0000",False
5,594.95996,841.91998,rect,239.1138185489238,240.12916385061774,772.6777699810913,803.1381290319099,1.0153453016939409,30.460359050818624,True,False,"1.0000, 1.0000, 1.0000",#FFFFFF,"1.0000, 1.0000, 1.0000",False
5,594.95996,841.91998,rect,265.0051237421194,266.0204690438133,772.6777699810913,803.1381290319099,1.0153453016939125,30.460359050818624,True,False,"1.0000, 1.0000, 1.0000",#FFFFFF,"1.0000, 1.0000, 1.0000",False
5,594.95996,841.91998,rect,290.89642893531493,291.9117742370089,772.6777699810913,803.1381290319099,1.0153453016939693,30.460359050818624,True,False,"1.0000, 1.0000, 1.0000",#FFFFFF,"1.0000, 1.0000, 1.0000",False
5,594.95996,841.91998,rect,316.7877341285105,420.35295490129283,772.6777699810913,803.1381290319099,103.56522077278231,30.460359050818624,True,False,"0.9569, 0.9686, 0.9725",#F4F7F8,"0.9569, 0.9686, 0.9725",False
5,594.95996,841.91998,rect,316.7877341285105,317.8030794302045,772.6777699810913,803.1381290319099,1.0153453016939693,30.460359050818624,True,False,"1.0000, 1.0000, 1.0000",#FFFFFF,"1.0000, 1.0000, 1.0000",False
5,594.95996,841.91998,rect,342.6790393217061,343.6943846234,772.6777699810913,803.1381290319099,1.0153453016939125,30.460359050818624,True,False,"1.0000, 1.0000, 1.0000",#FFFFFF,"1.0000, 1.0000, 1.0000",False
5,594.95996,841.91998,rect,368.57034451490165,369.5856898165956,772.6777699810913,803.1381290319099,1.0153453016939693,30.460359050818624,True,False,"1.0000, 1.0000, 1.0000",#FFFFFF,"1.0000, 1.0000, 1.0000",False
5,594.95996,841.91998,rect,394.46164970809724,395.4769950097912,772.6777699810913,803.1381290319099,1.0153453016939693,30.460359050818624,True,False,"1.0000, 1.0000, 1.0000",#FFFFFF,"1.0000, 1.0000, 1.0000",False
5,594.95996,841.91998,rect,420.35295490129283,523.9181756740751,772.6777699810913,803.1381290319099,103.56522077278225,30.460359050818624,True,False,"0.9569, 0.9686, 0.9725",#F4F7F8,"0.9569, 0.9686, 0.9725",False
5,594.95996,841.91998,rect,420.35295490129283,421.36830020298675,772.6777699810913,803.1381290319099,1.0153453016939125,30.460359050818624,True,False,"1.0000, 1.0000, 1.0000",#FFFFFF,"1.0000, 1.0000, 1.0000",False
5,594.95996,841.91998,rect,446.24426009448837,447.25960539618234,772.6777699810913,803.1381290319099,1.0153453016939693,30.460359050818624,True,False,"1.0000, 1.0000, 1.0000",#FFFFFF,"1.0000, 1.0000, 1.0000",False
5,594.95996,841.91998,rect,472.13556528768396,473.1509105893779,772.6777699810913,803.1381290319099,1.0153453016939125,30.460359050818624,True,False,"1.0000, 1.0000, 1.0000",#FFFFFF,"1.0000, 1.0000, 1.0000",False
5,594.95996,841.91998,rect,498.02687048087955,499.04221578257346,772.6777699810913,803.1381290319099,1.0153453016939125,30.460359050818624,True,False,"1.0000, 1.0000, 1.0000",#FFFFFF,"1.0000, 1.0000, 1.0000",False
5,594.95996,841.91998,rect,523.9181756740751,575.7007860604663,772.6777699810913,803.1381290319099,51.782610386391184,30.460359050818624,True,False,"0.9569, 0.9686, 0.9725",#F4F7F8,"0.9569, 0.9686, 0.9725",False
5,594.95996,841.91998,rect,523.9181756740751,524.933520975769,772.6777699810913,803.1381290319099,1.0153453016939693,30.460359050818624,True,False,"1.0000, 1.0000, 1.0000",#FFFFFF,"1.0000, 1.0000, 1.0000",False
5,594.95996,841.91998,rect,549.8094808672706,550.8248261689646,772.6777699810913,803.1381290319099,1.0153453016939693,30.460359050818624,True,False,"1.0000, 1.0000, 1.0000",#FFFFFF,"1.0000, 1.0000, 1.0000",False
5,594.95996,841.91998,rect,92.3964224541489,115.74936439310962,804.1534743336036,834.6138333844223,23.35294193896071,30.460359050818624,True,False,"0.9569, 0.9686, 0.9725",#F4F7F8,"0.9569, 0.9686, 0.9725",False
5,594.95996,841.91998,rect,92.3964224541489,93.41176775584285,804.1534743336036,834.6138333844223,1.0153453016939409,30.460359050818624,True,False,"1.0000, 1.0000, 1.0000",#FFFFFF,"1.0000, 1.0000, 1.0000",False
5,594.95996,841.91998,rect,115.74936439310962,161.43990296933708,804.1534743336036,834.6138333844223,45.69053857622747,30.460359050818624,True,False,"0.9569, 0.9686, 0.9725",#F4F7F8,"0.9569, 0.9686, 0.9725",False
5,594.95996,841.91998,rect,115.74936439310962,116.76470969480356,804.1534743336036,834.6138333844223,1.0153453016939409,30.460359050818624,True,False,"1.0000, 1.0000, 1.0000",#FFFFFF,"1.0000, 1.0000, 1.0000",False
5,594.95996,841.91998,rect,161.43990296933708,213.22251335572824,804.1534743336036,834.6138333844223,51.782610386391156,30.460359050818624,True,False,"0.9569, 0.9686, 0.9725",#F4F7F8,"0.9569, 0.9686, 0.9725",False
5,594.95996,841.91998,rect,161.43990296933708,162.45524827103105,804.1534743336036,834.6138333844223,1.0153453016939693,30.460359050818624,True,False,"1.0000, 1.0000, 1.0000",#FFFFFF,"1.0000, 1.0000, 1.0000",False
5,594.95996,841.91998,rect,187.33120816253268,188.34655346422662,804.1534743336036,834.6138333844223,1.0153453016939409,30.460359050818624,True,False,"1.0000, 1.0000, 1.0000",#FFFFFF,"1.0000, 1.0000, 1.0000",False
5,594.95996,841.91998,rect,213.22251335572824,316.7877341285105,804.1534743336036,834.6138333844223,103.56522077278228,30.460359050818624,True,False,"0.9569, 0.9686, 0.9725",#F4F7F8,"0.9569, 0.9686, 0.9725",False
5,594.95996,841.91998,rect,213.22251335572824,214.23785865742218,804.1534743336036,834.6138333844223,1.0153453016939409,30.460359050818624,True,False,"1.0000, 1.0000, 1.0000",#FFFFFF,"1.0000, 1.0000, 1.0000",False
5,594.95996,841.91998,rect,239.1138185489238,240.12916385061774,804.1534743336036,834.6138333844223,1.0153453016939409,30.460359050818624,True,False,"1.0000, 1.0000, 1.0000",#FFFFFF,"1.0000, 1.0000, 1.0000",False
5,594.95996,841.91998,rect,265.0051237421194,266.0204690438133,804.1534743336036,834.6138333844223,1.0153453016939125,30.460359050818624,True,False,"1.0000, 1.0000, 1.0000",#FFFFFF,"1.0000, 1.0000, 1.0000",False
5,594.95996,841.91998,rect,290.89642893531493,291.9117742370089,804.1534743336036,834.6138333844223,1.0153453016939693,30.460359050818624,True,False,"1.0000, 1.0000, 1.0000",#FFFFFF,"1.0000, 1.0000, 1.0000",False
5,594.95996,841.91998,rect,316.7877341285105,420.35295490129283,804.1534743336036,834.6138333844223,103.56522077278231,30.460359050818624,True,False,"0.9569, 0.9686, 0.9725",#F4F7F8,"0.9569, 0.9686, 0.9725",False
5,594.95996,841.91998,rect,316.7877341285105,317.8030794302045,804.1534743336036,834.6138333844223,1.0153453016939693,30.460359050818624,True,False,"1.0000, 1.0000, 1.0000",#FFFFFF,"1.0000, 1.0000, 1.0000",False
5,594.95996,841.91998,rect,342.6790393217061,343.6943846234,804.1534743336036,834.6138333844223,1.0153453016939125,30.460359050818624,True,False,"1.0000, 1.0000, 1.0000",#FFFFFF,"1.0000, 1.0000, 1.0000",False
5,594.95996,841.91998,rect,368.57034451490165,369.5856898165956,804.1534743336036,834.6138333844223,1.0153453016939693,30.460359050818624,True,False,"1.0000, 1.0000, 1.0000",#FFFFFF,"1.0000, 1.0000, 1.0000",False
5,594.95996,841.91998,rect,394.46164970809724,395.4769950097912,804.1534743336036,834.6138333844223,1.0153453016939693,30.460359050818624,True,False,"1.0000, 1.0000, 1.0000",#FFFFFF,"1.0000, 1.0000, 1.0000",False
5,594.95996,841.91998,rect,420.35295490129283,523.9181756740751,804.1534743336036,834.6138333844223,103.56522077278225,30.460359050818624,True,False,"0.9569, 0.9686, 0.9725",#F4F7F8,"0.9569, 0.9686, 0.9725",False
5,594.95996,841.91998,rect,420.35295490129283,421.36830020298675,804.1534743336036,834.6138333844223,1.0153453016939125,30.460359050818624,True,False,"1.0000, 1.0000, 1.0000",#FFFFFF,"1.0000, 1.0000, 1.0000",False
5,594.95996,841.91998,rect,446.24426009448837,447.25960539618234,804.1534743336036,834.6138333844223,1.0153453016939693,30.460359050818624,True,False,"1.0000, 1.0000, 1.0000",#FFFFFF,"1.0000, 1.0000, 1.0000",False
5,594.95996,841.91998,rect,472.13556528768396,473.1509105893779,804.1534743336036,834.6138333844223,1.0153453016939125,30.460359050818624,True,False,"1.0000, 1.0000, 1.0000",#FFFFFF,"1.0000, 1.0000, 1.0000",False
5,594.95996,841.91998,rect,498.02687048087955,499.04221578257346,804.1534743336036,834.6138333844223,1.0153453016939125,30.460359050818624,True,False,"1.0000, 1.0000, 1.0000",#FFFFFF,"1.0000, 1.0000, 1.0000",False
5,594.95996,841.91998,rect,523.9181756740751,575.7007860604663,804.1534743336036,834.6138333844223,51.782610386391184,30.460359050818624,True,False,"0.9569, 0.9686, 0.9725",#F4F7F8,"0.9569, 0.9686, 0.9725",False
5,594.95996,841.91998,rect,523.9181756740751,524.933520975769,804.1534743336036,834.6138333844223,1.0153453016939693,30.460359050818624,True,False,"1.0000, 1.0000, 1.0000",#FFFFFF,"1.0000, 1.0000, 1.0000",False
5,594.95996,841.91998,rect,549.8094808672706,550.8248261689646,804.1534743336036,834.6138333844223,1.0153453016939693,30.460359050818624,True,False,"1.0000, 1.0000, 1.0000",#FFFFFF,"1.0000, 1.0000, 1.0000",False
5,594.95996,841.91998,rect,214.2378414734229,497.0115079951863,350.5483437938184,361.2094702296048,282.7736665217634,10.6611264357864,True,False,"0.9490, 0.9647, 0.9686",#F2F6F7,"0.9490, 0.9647, 0.9686",False
5,594.95996,841.91998,rect,162.4552516310309,212.20717141403415,382.0237352823437,392.6848617181301,49.751919783003245,10.6611264357864,True,False,"0.9490, 0.9647, 0.9686",#F2F6F7,"0.9490, 0.9647, 0.9686",False
5,594.95996,841.91998,rect,240.1291603946179,497.01152172318575,382.0237352823437,392.6848617181301,256.88236132856787,10.6611264357864,True,False,"0.9490, 0.9647, 0.9686",#F2F6F7,"0.9490, 0.9647, 0.9686",False
5,594.95996,841.91998,rect,162.4552516310309,186.3158662208386,413.49958277085,424.1607092066364,23.860614589807682,10.6611264357864,True,False,"0.9490, 0.9647, 0.9686",#F2F6F7,"0.9490, 0.9647, 0.9686",False
5,594.95996,841.91998,rect,240.1291603946179,497.01152172318575,413.49958277085,424.1607092066364,256.88236132856787,10.6611264357864,True,False,"0.9490, 0.9647, 0.9686",#F2F6F7,"0.9490, 0.9647, 0.9686",False
5,594.95996,841.91998,rect,162.9629236098779,212.71484339288114,563.516472520146,571.6392349336975,49.751919783003245,8.122762413551527,True,False,"0.8667, 0.0000, 0.1882",#DD0030,"0.8667, 0.0000, 0.1882",True
5,594.95996,841.91998,rect,162.9629236098779,212.71484339288114,563.516472520146,571.6392349336975,49.751919783003245,8.122762413551527,True,False,"0.8667, 0.0000, 0.1882",#DD0030,"0.8667, 0.0000, 0.1882",True
5,594.95996,841.91998,rect,162.9629236098779,212.71484339288114,563.516472520146,571.6392349336975,49.751919783003245,8.122762413551527,True,False,"0.8667, 0.0000, 0.1882",#DD0030,"0.8667, 0.0000, 0.1882",True
5,594.95996,841.91998,rect,162.9629236098779,212.71484339288114,563.7705125095611,574.4316389453475,49.751919783003245,10.6611264357864,True,False,"0.9490, 0.9647, 0.9686",#F2F6F7,"0.9490, 0.9647, 0.9686",False
5,594.95996,841.91998,rect,214.2378414734229,471.1202028019907,563.7705125095611,574.4316389453475,256.88236132856775,10.6611264357864,True,False,"0.9490, 0.9647, 0.9686",#F2F6F7,"0.9490, 0.9647, 0.9686",False
5,594.95996,841.91998,rect,162.4552516310309,212.20717141403415,626.722245886572,637.3833723223584,49.751919783003245,10.661126435786372,True,False,"0.9490, 0.9647, 0.9686",#F2F6F7,"0.9490, 0.9647, 0.9686",False
5,594.95996,841.91998,rect,214.2378414734229,445.22889760879514,626.722245886572,637.3833723223584,230.99105613537225,10.661126435786372,True,False,"0.9490, 0.9647, 0.9686",#F2F6F7,"0.9490, 0.9647, 0.9686",False
5,594.95996,841.91998,rect,162.4552516310309,186.3158662208386,658.197404575107,668.8585310108934,23.860614589807682,10.661126435786372,True,False,"0.9490, 0.9647, 0.9686",#F2F6F7,"0.9490, 0.9647, 0.9686",False
5,594.95996,841.91998,rect,188.34655375222658,445.2289150807944,658.197404575107,668.8585310108934,256.88236132856787,10.661126435786372,True,False,"0.9490, 0.9647, 0.9686",#F2F6F7,"0.9490, 0.9647, 0.9686",False
5,594.95996,841.91998,rect,16.245524827103104,92.3964224541489,-4.608000040207116e-06,1.0153406936941565,76.1508976270458,1.0153453016941967,True,False,"1.0000, 1.0000, 1.0000",#FFFFFF,"1.0000, 1.0000, 1.0000",False
5,594.95996,841.91998,rect,16.245524827103104,92.3964224541489,21.322246727573088,46.70587926992164,76.1508976270458,25.38363254234855,True,False,"0.5333, 0.5451, 0.5529",#888B8D,"0.5333, 0.5451, 0.5529",False
5,594.95996,841.91998,rect,16.245524827103104,92.3964224541489,46.70587926992164,47.72122457161538,76.1508976270458,1.015345301693742,True,False,"1.0000, 1.0000, 1.0000",#FFFFFF,"1.0000, 1.0000, 1.0000",False
5,594.95996,841.91998,rect,16.245524827103104,92.3964224541489,78.181583622434,79.19692892412775,76.1508976270458,1.015345301693742,True,False,"1.0000, 1.0000, 1.0000",#FFFFFF,"1.0000, 1.0000, 1.0000",False
5,594.95996,841.91998,rect,16.245524827103104,92.3964224541489,109.65728797494592,110.67263327664011,76.1508976270458,1.0153453016941967,True,False,"1.0000, 1.0000, 1.0000",#FFFFFF,"1.0000, 1.0000, 1.0000",False
5,594.95996,841.91998,rect,16.245524827103104,92.3964224541489,213.2225087477285,214.23785404942225,76.1508976270458,1.015345301693742,True,False,"1.0000, 1.0000, 1.0000",#FFFFFF,"1.0000, 1.0000, 1.0000",False
5,594.95996,841.91998,rect,16.245524827103104,92.3964224541489,234.54476008330118,259.92839262564974,76.1508976270458,25.38363254234855,True,False,"0.5333, 0.5451, 0.5529",#888B8D,"0.5333, 0.5451, 0.5529",False
5,594.95996,841.91998,rect,16.245524827103104,92.3964224541489,259.92839262564974,260.94373792734393,76.1508976270458,1.0153453016941967,True,False,"1.0000, 1.0000, 1.0000",#FFFFFF,"1.0000, 1.0000, 1.0000",False
5,594.95996,841.91998,rect,16.245524827103104,92.3964224541489,291.4040969781621,292.41944227985584,76.1508976270458,1.015345301693742,True,False,"1.0000, 1.0000, 1.0000",#FFFFFF,"1.0000, 1.0000, 1.0000",False
5,594.95996,841.91998,rect,16.245524827103104,92.3964224541489,312.7263483137348,338.1099808560833,76.1508976270458,25.38363254234855,True,False,"0.5333, 0.5451, 0.5529",#888B8D,"0.5333, 0.5451, 0.5529",False
5,594.95996,841.91998,rect,16.245524827103104,92.3964224541489,338.1099808560833,339.1253261577775,76.1508976270458,1.0153453016941967,True,False,"1.0000, 1.0000, 1.0000",#FFFFFF,"1.0000, 1.0000, 1.0000",False
5,594.95996,841.91998,rect,16.245524827103104,92.3964224541489,369.5856852085957,370.60103051028943,76.1508976270458,1.015345301693742,True,False,"1.0000, 1.0000, 1.0000",#FFFFFF,"1.0000, 1.0000, 1.0000",False
5,594.95996,841.91998,rect,16.245524827103104,92.3964224541489,401.06138956110806,402.0767348628018,76.1508976270458,1.015345301693742,True,False,"1.0000, 1.0000, 1.0000",#FFFFFF,"1.0000, 1.0000, 1.0000",False
5,594.95996,841.91998,rect,16.245524827103104,92.3964224541489,504.6266103338902,505.6419556355844,76.1508976270458,1.0153453016941967,True,False,"1.0000, 1.0000, 1.0000",#FFFFFF,"1.0000, 1.0000, 1.0000",False
5,594.95996,841.91998,rect,16.245524827103104,92.3964224541489,525.9488616694629,551.3324942118119,76.1508976270458,25.383632542349005,True,False,"0.5333, 0.5451, 0.5529",#888B8D,"0.5333, 0.5451, 0.5529",False
5,594.95996,841.91998,rect,16.245524827103104,92.3964224541489,551.3324942118119,552.3478395135056,76.1508976270458,1.015345301693742,True,False,"1.0000, 1.0000, 1.0000",#FFFFFF,"1.0000, 1.0000, 1.0000",False
5,594.95996,841.91998,rect,16.245524827103104,92.3964224541489,582.8081985643238,583.823543866018,76.1508976270458,1.0153453016941967,True,False,"1.0000, 1.0000, 1.0000",#FFFFFF,"1.0000, 1.0000, 1.0000",False
5,594.95996,841.91998,rect,16.245524827103104,92.3964224541489,614.2839029168362,615.2992482185304,76.1508976270458,1.0153453016941967,True,False,"1.0000, 1.0000, 1.0000",#FFFFFF,"1.0000, 1.0000, 1.0000",False
5,594.95996,841.91998,rect,16.245524827103104,92.3964224541489,645.7596072693485,646.7749525710423,76.1508976270458,1.015345301693742,True,False,"1.0000, 1.0000, 1.0000",#FFFFFF,"1.0000, 1.0000, 1.0000",False
5,594.95996,841.91998,rect,16.245524827103104,92.3964224541489,677.2353116218609,678.2506569235546,76.1508976270458,1.015345301693742,True,False,"1.0000, 1.0000, 1.0000",#FFFFFF,"1.0000, 1.0000, 1.0000",False
5,594.95996,841.91998,rect,16.245524827103104,92.3964224541489,708.7110159743728,709.726361276067,76.1508976270458,1.0153453016941967,True,False,"1.0000, 1.0000, 1.0000",#FFFFFF,"1.0000, 1.0000, 1.0000",False
5,594.95996,841.91998,rect,16.245524827103104,92.3964224541489,740.1867203268852,741.2020656285789,76.1508976270458,1.015345301693742,True,False,"1.0000, 1.0000, 1.0000",#FFFFFF,"1.0000, 1.0000, 1.0000",False
5,594.95996,841.91998,rect,16.245524827103104,92.3964224541489,771.6624246793975,772.6777699810913,76.1508976270458,1.015345301693742,True,False,"1.0000, 1.0000, 1.0000",#FFFFFF,"1.0000, 1.0000, 1.0000",False
5,594.95996,841.91998,rect,16.245524827103104,92.3964224541489,803.1381290319099,804.1534743336036,76.1508976270458,1.015345301693742,True,False,"1.0000, 1.0000, 1.0000",#FFFFFF,"1.0000, 1.0000, 1.0000",False
5,594.95996,841.91998,rect,16.245524827103104,92.3964224541489,47.72122457161538,78.181583622434,76.1508976270458,30.460359050818624,True,False,"0.9569, 0.9686, 0.9725",#F4F7F8,"0.9569, 0.9686, 0.9725",False
5,594.95996,841.91998,rect,16.245524827103104,92.3964224541489,79.19692892412775,109.65728797494592,76.1508976270458,30.46035905081817,True,False,"0.9569, 0.9686, 0.9725",#F4F7F8,"0.9569, 0.9686, 0.9725",False
5,594.95996,841.91998,rect,16.245524827103104,92.3964224541489,110.67263327664011,141.13299232745828,76.1508976270458,30.46035905081817,True,False,"0.9569, 0.9686, 0.9725",#F4F7F8,"0.9569, 0.9686, 0.9725",False
5,594.95996,841.91998,rect,16.245524827103104,92.3964224541489,181.74680439521615,213.2225087477285,76.1508976270458,31.475704352512366,True,False,"0.9569, 0.9686, 0.9725",#F4F7F8,"0.9569, 0.9686, 0.9725",False
5,594.95996,841.91998,rect,16.245524827103104,92.3964224541489,260.94373792734393,291.4040969781621,76.1508976270458,30.46035905081817,True,False,"0.9569, 0.9686, 0.9725",#F4F7F8,"0.9569, 0.9686, 0.9725",False
5,594.95996,841.91998,rect,16.245524827103104,92.3964224541489,339.1253261577775,369.5856852085957,76.1508976270458,30.46035905081817,True,False,"0.9569, 0.9686, 0.9725",#F4F7F8,"0.9569, 0.9686, 0.9725",False
5,594.95996,841.91998,rect,16.245524827103104,92.3964224541489,370.60103051028943,401.06138956110806,76.1508976270458,30.460359050818624,True,False,"0.9569, 0.9686, 0.9725",#F4F7F8,"0.9569, 0.9686, 0.9725",False
5,594.95996,841.91998,rect,16.245524827103104,92.3964224541489,402.0767348628018,432.5370939136204,76.1508976270458,30.460359050818624,True,False,"0.9569, 0.9686, 0.9725",#F4F7F8,"0.9569, 0.9686, 0.9725",False
5,594.95996,841.91998,rect,16.245524827103104,92.3964224541489,473.15090598137783,504.6266103338902,76.1508976270458,31.475704352512366,True,False,"0.9569, 0.9686, 0.9725",#F4F7F8,"0.9569, 0.9686, 0.9725",False
5,594.95996,841.91998,rect,16.245524827103104,92.3964224541489,552.3478395135056,582.8081985643238,76.1508976270458,30.46035905081817,True,False,"0.9569, 0.9686, 0.9725",#F4F7F8,"0.9569, 0.9686, 0.9725",False
5,594.95996,841.91998,rect,16.245524827103104,92.3964224541489,583.823543866018,614.2839029168362,76.1508976270458,30.46035905081817,True,False,"0.9569, 0.9686, 0.9725",#F4F7F8,"0.9569, 0.9686, 0.9725",False
5,594.95996,841.91998,rect,16.245524827103104,92.3964224541489,615.2992482185304,645.7596072693485,76.1508976270458,30.46035905081817,True,False,"0.9569, 0.9686, 0.9725",#F4F7F8,"0.9569, 0.9686, 0.9725",False
5,594.95996,841.91998,rect,16.245524827103104,92.3964224541489,646.7749525710423,677.2353116218609,76.1508976270458,30.460359050818624,True,False,"0.9569, 0.9686, 0.9725",#F4F7F8,"0.9569, 0.9686, 0.9725",False
5,594.95996,841.91998,rect,16.245524827103104,92.3964224541489,678.2506569235546,708.7110159743728,76.1508976270458,30.46035905081817,True,False,"0.9569, 0.9686, 0.9725",#F4F7F8,"0.9569, 0.9686, 0.9725",False
5,594.95996,841.91998,rect,16.245524827103104,92.3964224541489,709.726361276067,740.1867203268852,76.1508976270458,30.46035905081817,True,False,"0.9569, 0.9686, 0.9725",#F4F7F8,"0.9569, 0.9686, 0.9725",False
5,594.95996,841.91998,rect,16.245524827103104,92.3964224541489,741.2020656285789,771.6624246793975,76.1508976270458,30.460359050818624,True,False,"0.9569, 0.9686, 0.9725",#F4F7F8,"0.9569, 0.9686, 0.9725",False
5,594.95996,841.91998,rect,16.245524827103104,92.3964224541489,772.6777699810913,803.1381290319099,76.1508976270458,30.460359050818624,True,False,"0.9569, 0.9686, 0.9725",#F4F7F8,"0.9569, 0.9686, 0.9725",False
5,594.95996,841.91998,rect,16.245524827103104,92.3964224541489,804.1534743336036,834.6138333844223,76.1508976270458,30.460359050818624,True,False,"0.9569, 0.9686, 0.9725",#F4F7F8,"0.9569, 0.9686, 0.9725",False
5,594.95996,841.91998,curve,163.21675993530138,290.1349226470444,59.14383387167345,66.7589236343781,126.91816271174301,7.615089762704656,True,False,"0.7490, 0.8627, 0.9608",#BFDCF5,"0.7490, 0.8627, 0.9608",True
5,594.95996,841.91998,curve,163.21675993530138,290.1349226470444,59.14383387167345,66.7589236343781,126.91816271174301,7.615089762704656,False,True,"0.1255, 0.6588, 0.8824",#20A8E1,"0.1255, 0.6588, 0.8824",False
5,594.95996,841.91998,curve,292.4194510158557,575.1931175376192,58.889997546250015,67.01275995980154,282.77366652176346,8.122762413551527,True,False,"0.7647, 0.6667, 0.8235",#C3AAD2,"0.7647, 0.6667, 0.8235",True
5,594.95996,841.91998,curve,162.9629236098779,575.1931160976192,90.36562183476565,98.48838424831717,412.2301924877413,8.122762413551527,True,False,"0.7647, 0.6667, 0.8235",#C3AAD2,"0.7647, 0.6667, 0.8235",True
5,594.95996,841.91998,curve,163.21675993530138,316.0262278402399,122.09531524869487,129.71040501139953,152.80946790493854,7.615089762704656,True,False,"0.7490, 0.8627, 0.9608",#BFDCF5,"0.7490, 0.8627, 0.9608",True
5,594.95996,841.91998,curve,163.21675993530138,316.0262278402399,122.09531524869487,129.71040501139953,152.80946790493854,7.615089762704656,False,True,"0.1255, 0.6588, 0.8824",#20A8E1,"0.1255, 0.6588, 0.8824",False
5,594.95996,841.91998,curve,318.31073873705196,445.7365740996419,121.84147892327144,129.96424133682297,127.42583536258996,8.122762413551527,True,False,"0.7647, 0.6667, 0.8235",#C3AAD2,"0.7647, 0.6667, 0.8235",True
5,594.95996,841.91998,curve,162.9629236098779,497.51920051803245,272.11264386197274,280.23540627552427,334.5562769081546,8.122762413551527,True,False,"0.7647, 0.6667, 0.8235",#C3AAD2,"0.7647, 0.6667, 0.8235",True
5,594.95996,841.91998,curve,214.74552785226928,497.5191943740327,350.2940470044141,358.4168094179656,282.7736665217634,8.122762413551527,True,False,"0.7647, 0.6667, 0.8235",#C3AAD2,"0.7647, 0.6667, 0.8235",True
5,594.95996,841.91998,curve,214.2378414734229,497.0115079951863,350.8148589827136,358.27764748776406,282.7736665217634,7.462788505050469,True,False,"0.0902, 0.1882, 0.4667",#173077,"0.0902, 0.1882, 0.4667",True
5,594.95996,841.91998,curve,214.2378414734229,497.0115079951863,350.8148589827136,358.27764748776406,282.7736665217634,7.462788505050469,False,True,"0.0902, 0.1882, 0.4667",#173077,"0.0902, 0.1882, 0.4667",False
5,594.95996,841.91998,curve,162.9629236098779,212.71484339288114,381.7699064929199,389.89266890647144,49.751919783003245,8.122762413551527,True,False,"0.7647, 0.6667, 0.8235",#C3AAD2,"0.7647, 0.6667, 0.8235",True
5,594.95996,841.91998,curve,162.4552516310309,212.20717141403415,382.290248071239,389.75303657628945,49.751919783003245,7.462788505050469,True,False,"0.8667, 0.0000, 0.1882",#DD0030,"0.8667, 0.0000, 0.1882",True
5,594.95996,841.91998,curve,162.4552516310309,212.20717141403415,382.290248071239,389.75303657628945,49.751919783003245,7.462788505050469,False,True,"0.8667, 0.0000, 0.1882",#DD0030,"0.8667, 0.0000, 0.1882",False
5,594.95996,841.91998,curve,240.636829973465,497.5191913020328,381.7699064929199,389.89266890647144,256.8823613285678,8.122762413551527,True,False,"0.7647, 0.6667, 0.8235",#C3AAD2,"0.7647, 0.6667, 0.8235",True
5,594.95996,841.91998,curve,240.1291603946179,497.01152172318575,382.290248071239,389.75303657628945,256.88236132856787,7.462788505050469,True,False,"0.0902, 0.1882, 0.4667",#173077,"0.0902, 0.1882, 0.4667",True
5,594.95996,841.91998,curve,240.1291603946179,497.01152172318575,382.290248071239,389.75303657628945,256.88236132856787,7.462788505050469,False,True,"0.0902, 0.1882, 0.4667",#173077,"0.0902, 0.1882, 0.4667",False
5,594.95996,841.91998,curve,162.9629236098779,186.82353819968557,413.245518781436,421.3682811949875,23.860614589807682,8.122762413551527,True,False,"0.7647, 0.6667, 0.8235",#C3AAD2,"0.7647, 0.6667, 0.8235",True
5,594.95996,841.91998,curve,162.4552516310309,186.3158662208386,413.76610275974497,421.22889126479544,23.860614589807682,7.462788505050469,True,False,"0.8667, 0.0000, 0.1882",#DD0030,"0.8667, 0.0000, 0.1882",True
5,594.95996,841.91998,curve,162.4552516310309,186.3158662208386,413.76610275974497,421.22889126479544,23.860614589807682,7.462788505050469,False,True,"0.8667, 0.0000, 0.1882",#DD0030,"0.8667, 0.0000, 0.1882",False
5,594.95996,841.91998,curve,240.636829973465,497.5191913020328,413.245518781436,421.3682811949875,256.8823613285678,8.122762413551527,True,False,"0.7647, 0.6667, 0.8235",#C3AAD2,"0.7647, 0.6667, 0.8235",True
5,594.95996,841.91998,curve,240.1291603946179,497.01152172318575,413.76610275974497,421.22889126479544,256.88236132856787,7.462788505050469,True,False,"0.0902, 0.1882, 0.4667",#173077,"0.0902, 0.1882, 0.4667",True
5,594.95996,841.91998,curve,240.1291603946179,497.01152172318575,413.76610275974497,421.22889126479544,256.88236132856787,7.462788505050469,False,True,"0.0902, 0.1882, 0.4667",#173077,"0.0902, 0.1882, 0.4667",False
5,594.95996,841.91998,curve,163.21675993530138,212.46100706745767,563.516472520146,571.385398608274,49.24424713215629,7.868926088128092,True,False,"0.9529, 0.6824, 0.6392",#F3AEA3,"0.9529, 0.6824, 0.6392",True
5,594.95996,841.91998,curve,162.9629236098779,212.71484339288114,564.0370564984551,571.4998450035055,49.751919783003245,7.462788505050469,True,False,"0.9529, 0.6824, 0.6392",#F3AEA3,"0.9529, 0.6824, 0.6392",True
5,594.95996,841.91998,curve,162.9629236098779,212.71484339288114,564.0370564984551,571.4998450035055,49.751919783003245,7.462788505050469,False,True,"0.8667, 0.0000, 0.1882",#DD0030,"0.8667, 0.0000, 0.1882",False
5,594.95996,841.91998,curve,214.74552785226928,471.6278891808371,563.516472520146,571.6392349336975,256.8823613285678,8.122762413551527,True,False,"0.7647, 0.6667, 0.8235",#C3AAD2,"0.7647, 0.6667, 0.8235",True
5,594.95996,841.91998,curve,214.2378414734229,471.1202028019907,564.0370564984551,571.4998450035055,256.88236132856775,7.462788505050469,True,False,"0.6118, 0.6157, 0.7725",#9C9DC5,"0.6118, 0.6157, 0.7725",True
5,594.95996,841.91998,curve,214.2378414734229,471.1202028019907,564.0370564984551,571.4998450035055,256.88236132856775,7.462788505050469,False,True,"0.0902, 0.1882, 0.4667",#173077,"0.0902, 0.1882, 0.4667",False
5,594.95996,841.91998,curve,163.21675993530138,316.0262278402399,595.2463795340664,602.861469296771,152.80946790493854,7.615089762704571,True,False,"0.1255, 0.6588, 0.8824",#20A8E1,"0.1255, 0.6588, 0.8824",True
5,594.95996,841.91998,curve,163.21675993530138,316.0262278402399,595.2463795340664,602.861469296771,152.80946790493854,7.615089762704571,False,True,"0.1255, 0.6588, 0.8824",#20A8E1,"0.1255, 0.6588, 0.8824",False
5,594.95996,841.91998,curve,318.31073873705196,575.1931000656198,594.9925432086429,603.1153056221945,256.8823613285678,8.122762413551555,True,False,"0.7647, 0.6667, 0.8235",#C3AAD2,"0.7647, 0.6667, 0.8235",True
5,594.95996,841.91998,curve,162.9629236098779,212.71484339288114,626.468181897158,634.5909443107096,49.751919783003245,8.122762413551555,True,False,"0.7647, 0.6667, 0.8235",#C3AAD2,"0.7647, 0.6667, 0.8235",True
5,594.95996,841.91998,curve,162.4552516310309,212.20717141403415,626.988789875466,634.4515783805164,49.751919783003245,7.462788505050469,True,False,"0.8667, 0.0000, 0.1882",#DD0030,"0.8667, 0.0000, 0.1882",True
5,594.95996,841.91998,curve,162.4552516310309,212.20717141403415,626.988789875466,634.4515783805164,49.751919783003245,7.462788505050469,False,True,"0.8667, 0.0000, 0.1882",#DD0030,"0.8667, 0.0000, 0.1882",False
5,594.95996,841.91998,curve,214.74552785226928,445.73658398764155,626.468181897158,634.5909443107096,230.99105613537228,8.122762413551555,True,False,"0.7647, 0.6667, 0.8235",#C3AAD2,"0.7647, 0.6667, 0.8235",True
5,594.95996,841.91998,curve,214.2378414734229,445.22889760879514,626.988789875466,634.4515783805164,230.99105613537225,7.462788505050469,True,False,"0.0902, 0.1882, 0.4667",#173077,"0.0902, 0.1882, 0.4667",True
5,594.95996,841.91998,curve,214.2378414734229,445.22889760879514,626.988789875466,634.4515783805164,230.99105613537225,7.462788505050469,False,True,"0.0902, 0.1882, 0.4667",#173077,"0.0902, 0.1882, 0.4667",False
5,594.95996,841.91998,curve,162.9629236098779,186.82353819968557,657.943796585674,666.0665589992255,23.860614589807682,8.122762413551555,True,False,"0.7647, 0.6667, 0.8235",#C3AAD2,"0.7647, 0.6667, 0.8235",True
5,594.95996,841.91998,curve,162.4552516310309,186.3158662208386,658.463948564001,665.9267370690516,23.860614589807682,7.462788505050469,True,False,"0.8667, 0.0000, 0.1882",#DD0030,"0.8667, 0.0000, 0.1882",True
5,594.95996,841.91998,curve,162.4552516310309,186.3158662208386,658.463948564001,665.9267370690516,23.860614589807682,7.462788505050469,False,True,"0.8667, 0.0000, 0.1882",#DD0030,"0.8667, 0.0000, 0.1882",False
5,594.95996,841.91998,curve,188.8542257310736,445.7365870596414,657.943796585674,666.0665589992255,256.8823613285678,8.122762413551555,True,False,"0.7647, 0.6667, 0.8235",#C3AAD2,"0.7647, 0.6667, 0.8235",True
5,594.95996,841.91998,curve,188.34655375222658,445.2289150807944,658.463948564001,665.9267370690516,256.88236132856787,7.462788505050469,True,False,"0.0902, 0.1882, 0.4667",#173077,"0.0902, 0.1882, 0.4667",True
5,594.95996,841.91998,curve,188.34655375222658,445.2289150807944,658.463948564001,665.9267370690516,256.88236132856787,7.462788505050469,False,True,"0.0902, 0.1882, 0.4667",#173077,"0.0902, 0.1882, 0.4667",False
5,594.95996,841.91998,curve,163.21675993530138,367.8088382266311,689.6732715996125,697.288361362317,204.59207829132973,7.615089762704571,True,False,"0.1255, 0.6588, 0.8824",#20A8E1,"0.1255, 0.6588, 0.8824",True
5,594.95996,841.91998,curve,163.21675993530138,367.8088382266311,689.6732715996125,697.288361362317,204.59207829132973,7.615089762704571,False,True,"0.1255, 0.6588, 0.8824",#20A8E1,"0.1255, 0.6588, 0.8824",False
5,594.95996,841.91998,curve,370.0933741794421,575.1931251216188,689.4194352741889,697.5421976877404,205.09975094217668,8.122762413551555,True,False,"0.7647, 0.6667, 0.8235",#C3AAD2,"0.7647, 0.6667, 0.8235",True
5,594.95996,841.91998,curve,162.9629236098779,445.73659013164126,720.895049962705,729.0178123762565,282.7736665217634,8.122762413551555,True,False,"0.7647, 0.6667, 0.8235",#C3AAD2,"0.7647, 0.6667, 0.8235",True
5,594.95996,841.91998,curve,163.21675993530138,367.8088382266311,752.6245009766444,760.2395907393491,204.59207829132973,7.615089762704571,True,False,"0.1255, 0.6588, 0.8824",#20A8E1,"0.1255, 0.6588, 0.8824",True
5,594.95996,841.91998,curve,163.21675993530138,367.8088382266311,752.6245009766444,760.2395907393491,204.59207829132973,7.615089762704571,False,True,"0.1255, 0.6588, 0.8824",#20A8E1,"0.1255, 0.6588, 0.8824",False
5,594.95996,841.91998,curve,370.0933741794421,575.1931251216188,752.370664651221,760.4934270647725,205.09975094217668,8.122762413551555,True,False,"0.7647, 0.6667, 0.8235",#C3AAD2,"0.7647, 0.6667, 0.8235",True
5,594.95996,841.91998,curve,163.21675993530138,341.9175330334355,784.1005956651404,791.7156854278451,178.70077309813414,7.615089762704578,True,False,"0.1255, 0.6588, 0.8824",#20A8E1,"0.1255, 0.6588, 0.8824",True
5,594.95996,841.91998,curve,163.21675993530138,341.9175330334355,784.1005956651404,791.7156854278451,178.70077309813414,7.615089762704578,False,True,"0.1255, 0.6588, 0.8824",#20A8E1,"0.1255, 0.6588, 0.8824",False
5,594.95996,841.91998,curve,344.20205525824707,575.1931113936193,783.846759339717,791.9695217532685,230.99105613537228,8.122762413551555,True,False,"0.7647, 0.6667, 0.8235",#C3AAD2,"0.7647, 0.6667, 0.8235",True
5,594.95996,841.91998,curve,162.9629236098779,419.84528493844573,815.322398028232,823.4451604417835,256.88236132856787,8.122762413551552,True,False,"0.7647, 0.6667, 0.8235",#C3AAD2,"0.7647, 0.6667, 0.8235",True
6,594.95996,841.91998,rect,0.0,594.9923467926512,0.0,842.2289277551265,594.9923467926512,842.2289277551265,True,False,"1.0000, 1.0000, 1.0000",#FFFFFF,"1.0000, 1.0000, 1.0000",False
6,594.95996,841.91998,rect,0.0,595.5000194434981,0.00017423999213406205,842.2291019951193,595.5000194434981,842.2289277551272,True,False,"1.0000, 1.0000, 1.0000",#FFFFFF,"1.0000, 1.0000, 1.0000",False
6,594.95996,841.91998,rect,92.3964224541489,583.3158758231708,0.00017423999213406205,1.0155195416867855,490.9194533690219,1.0153453016946514,True,False,"1.0000, 1.0000, 1.0000",#FFFFFF,"1.0000, 1.0000, 1.0000",False
6,594.95996,841.91998,rect,92.3964224541489,583.3158758231708,21.322425575565262,46.70605811791427,490.9194533690219,25.383632542349005,True,False,"0.5333, 0.5451, 0.5529",#888B8D,"0.5333, 0.5451, 0.5529",False
6,594.95996,841.91998,rect,92.3964224541489,583.3158758231708,46.70605811791427,47.72140341960801,490.9194533690219,1.015345301693742,True,False,"1.0000, 1.0000, 1.0000",#FFFFFF,"1.0000, 1.0000, 1.0000",False
6,594.95996,841.91998,rect,92.3964224541489,583.3158758231708,78.18176247042663,79.19710777212038,490.9194533690219,1.015345301693742,True,False,"1.0000, 1.0000, 1.0000",#FFFFFF,"1.0000, 1.0000, 1.0000",False
6,594.95996,841.91998,rect,92.3964224541489,583.3158758231708,109.65746682293809,110.67281212463274,490.9194533690219,1.0153453016946514,True,False,"1.0000, 1.0000, 1.0000",#FFFFFF,"1.0000, 1.0000, 1.0000",False
6,594.95996,841.91998,rect,92.3964224541489,583.3158758231708,141.13317117545046,142.1485164771451,490.9194533690219,1.0153453016946514,True,False,"1.0000, 1.0000, 1.0000",#FFFFFF,"1.0000, 1.0000, 1.0000",False
6,594.95996,841.91998,rect,92.3964224541489,115.74936439310962,47.72140341960801,78.18176247042663,23.35294193896071,30.460359050818624,True,False,"0.9569, 0.9686, 0.9725",#F4F7F8,"0.9569, 0.9686, 0.9725",False
6,594.95996,841.91998,rect,92.3964224541489,93.41176775584285,47.72140341960801,78.18176247042663,1.0153453016939409,30.460359050818624,True,False,"1.0000, 1.0000, 1.0000",#FFFFFF,"1.0000, 1.0000, 1.0000",False
6,594.95996,841.91998,rect,115.74936439310962,161.43990296933708,47.72140341960801,78.18176247042663,45.69053857622747,30.460359050818624,True,False,"0.9569, 0.9686, 0.9725",#F4F7F8,"0.9569, 0.9686, 0.9725",False
6,594.95996,841.91998,rect,115.74936439310962,116.76470969480356,47.72140341960801,78.18176247042663,1.0153453016939409,30.460359050818624,True,False,"1.0000, 1.0000, 1.0000",#FFFFFF,"1.0000, 1.0000, 1.0000",False
6,594.95996,841.91998,rect,161.43990296933708,213.22251335572824,47.72140341960801,78.18176247042663,51.782610386391156,30.460359050818624,True,False,"0.9569, 0.9686, 0.9725",#F4F7F8,"0.9569, 0.9686, 0.9725",False
6,594.95996,841.91998,rect,161.43990296933708,162.45524827103105,47.72140341960801,78.18176247042663,1.0153453016939693,30.460359050818624,True,False,"1.0000, 1.0000, 1.0000",#FFFFFF,"1.0000, 1.0000, 1.0000",False
6,594.95996,841.91998,rect,187.33120816253268,188.34655346422662,47.72140341960801,78.18176247042663,1.0153453016939409,30.460359050818624,True,False,"1.0000, 1.0000, 1.0000",#FFFFFF,"1.0000, 1.0000, 1.0000",False
6,594.95996,841.91998,rect,213.22251335572824,316.7877341285105,47.72140341960801,78.18176247042663,103.56522077278228,30.460359050818624,True,False,"0.9569, 0.9686, 0.9725",#F4F7F8,"0.9569, 0.9686, 0.9725",False
6,594.95996,841.91998,rect,213.22251335572824,214.23785865742218,47.72140341960801,78.18176247042663,1.0153453016939409,30.460359050818624,True,False,"1.0000, 1.0000, 1.0000",#FFFFFF,"1.0000, 1.0000, 1.0000",False
6,594.95996,841.91998,rect,239.1138185489238,240.12916385061774,47.72140341960801,78.18176247042663,1.0153453016939409,30.460359050818624,True,False,"1.0000, 1.0000, 1.0000",#FFFFFF,"1.0000, 1.0000, 1.0000",False
6,594.95996,841.91998,rect,265.0051237421194,266.0204690438133,47.72140341960801,78.18176247042663,1.0153453016939125,30.460359050818624,True,False,"1.0000, 1.0000, 1.0000",#FFFFFF,"1.0000, 1.0000, 1.0000",False
6,594.95996,841.91998,rect,290.89642893531493,291.9117742370089,47.72140341960801,78.18176247042663,1.0153453016939693,30.460359050818624,True,False,"1.0000, 1.0000, 1.0000",#FFFFFF,"1.0000, 1.0000, 1.0000",False
6,594.95996,841.91998,rect,316.7877341285105,420.35295490129283,47.72140341960801,78.18176247042663,103.56522077278231,30.460359050818624,True,False,"0.9569, 0.9686, 0.9725",#F4F7F8,"0.9569, 0.9686, 0.9725",False
6,594.95996,841.91998,rect,316.7877341285105,317.8030794302045,47.72140341960801,78.18176247042663,1.0153453016939693,30.460359050818624,True,False,"1.0000, 1.0000, 1.0000",#FFFFFF,"1.0000, 1.0000, 1.0000",False
6,594.95996,841.91998,rect,342.6790393217061,343.6943846234,47.72140341960801,78.18176247042663,1.0153453016939125,30.460359050818624,True,False,"1.0000, 1.0000, 1.0000",#FFFFFF,"1.0000, 1.0000, 1.0000",False
6,594.95996,841.91998,rect,368.57034451490165,369.5856898165956,47.72140341960801,78.18176247042663,1.0153453016939693,30.460359050818624,True,False,"1.0000, 1.0000, 1.0000",#FFFFFF,"1.0000, 1.0000, 1.0000",False
6,594.95996,841.91998,rect,394.46164970809724,395.4769950097912,47.72140341960801,78.18176247042663,1.0153453016939693,30.460359050818624,True,False,"1.0000, 1.0000, 1.0000",#FFFFFF,"1.0000, 1.0000, 1.0000",False
6,594.95996,841.91998,rect,420.35295490129283,523.9181756740751,47.72140341960801,78.18176247042663,103.56522077278225,30.460359050818624,True,False,"0.9569, 0.9686, 0.9725",#F4F7F8,"0.9569, 0.9686, 0.9725",False
6,594.95996,841.91998,rect,420.35295490129283,421.36830020298675,47.72140341960801,78.18176247042663,1.0153453016939125,30.460359050818624,True,False,"1.0000, 1.0000, 1.0000",#FFFFFF,"1.0000, 1.0000, 1.0000",False
6,594.95996,841.91998,rect,446.24426009448837,447.25960539618234,47.72140341960801,78.18176247042663,1.0153453016939693,30.460359050818624,True,False,"1.0000, 1.0000, 1.0000",#FFFFFF,"1.0000, 1.0000, 1.0000",False
6,594.95996,841.91998,rect,472.13556528768396,473.1509105893779,47.72140341960801,78.18176247042663,1.0153453016939125,30.460359050818624,True,False,"1.0000, 1.0000, 1.0000",#FFFFFF,"1.0000, 1.0000, 1.0000",False
6,594.95996,841.91998,rect,498.02687048087955,499.04221578257346,47.72140341960801,78.18176247042663,1.0153453016939125,30.460359050818624,True,False,"1.0000, 1.0000, 1.0000",#FFFFFF,"1.0000, 1.0000, 1.0000",False
6,594.95996,841.91998,rect,523.9181756740751,575.7007860604663,47.72140341960801,78.18176247042663,51.782610386391184,30.460359050818624,True,False,"0.9569, 0.9686, 0.9725",#F4F7F8,"0.9569, 0.9686, 0.9725",False
6,594.95996,841.91998,rect,523.9181756740751,524.933520975769,47.72140341960801,78.18176247042663,1.0153453016939693,30.460359050818624,True,False,"1.0000, 1.0000, 1.0000",#FFFFFF,"1.0000, 1.0000, 1.0000",False
6,594.95996,841.91998,rect,549.8094808672706,550.8248261689646,47.72140341960801,78.18176247042663,1.0153453016939693,30.460359050818624,True,False,"1.0000, 1.0000, 1.0000",#FFFFFF,"1.0000, 1.0000, 1.0000",False
6,594.95996,841.91998,rect,92.3964224541489,115.74936439310962,79.19710777212038,109.65746682293809,23.35294193896071,30.460359050817715,True,False,"0.9569, 0.9686, 0.9725",#F4F7F8,"0.9569, 0.9686, 0.9725",False
6,594.95996,841.91998,rect,92.3964224541489,93.41176775584285,79.19710777212038,109.65746682293809,1.0153453016939409,30.460359050817715,True,False,"1.0000, 1.0000, 1.0000",#FFFFFF,"1.0000, 1.0000, 1.0000",False
6,594.95996,841.91998,rect,115.74936439310962,161.43990296933708,79.19710777212038,109.65746682293809,45.69053857622747,30.460359050817715,True,False,"0.9569, 0.9686, 0.9725",#F4F7F8,"0.9569, 0.9686, 0.9725",False
6,594.95996,841.91998,rect,115.74936439310962,116.76470969480356,79.19710777212038,109.65746682293809,1.0153453016939409,30.460359050817715,True,False,"1.0000, 1.0000, 1.0000",#FFFFFF,"1.0000, 1.0000, 1.0000",False
6,594.95996,841.91998,rect,161.43990296933708,213.22251335572824,79.19710777212038,109.65746682293809,51.782610386391156,30.460359050817715,True,False,"0.9569, 0.9686, 0.9725",#F4F7F8,"0.9569, 0.9686, 0.9725",False
6,594.95996,841.91998,rect,161.43990296933708,162.45524827103105,79.19710777212038,109.65746682293809,1.0153453016939693,30.460359050817715,True,False,"1.0000, 1.0000, 1.0000",#FFFFFF,"1.0000, 1.0000, 1.0000",False
6,594.95996,841.91998,rect,187.33120816253268,188.34655346422662,79.19710777212038,109.65746682293809,1.0153453016939409,30.460359050817715,True,False,"1.0000, 1.0000, 1.0000",#FFFFFF,"1.0000, 1.0000, 1.0000",False
6,594.95996,841.91998,rect,213.22251335572824,316.7877341285105,79.19710777212038,109.65746682293809,103.56522077278228,30.460359050817715,True,False,"0.9569, 0.9686, 0.9725",#F4F7F8,"0.9569, 0.9686, 0.9725",False
6,594.95996,841.91998,rect,213.22251335572824,214.23785865742218,79.19710777212038,109.65746682293809,1.0153453016939409,30.460359050817715,True,False,"1.0000, 1.0000, 1.0000",#FFFFFF,"1.0000, 1.0000, 1.0000",False
6,594.95996,841.91998,rect,239.1138185489238,240.12916385061774,79.19710777212038,109.65746682293809,1.0153453016939409,30.460359050817715,True,False,"1.0000, 1.0000, 1.0000",#FFFFFF,"1.0000, 1.0000, 1.0000",False
6,594.95996,841.91998,rect,265.0051237421194,266.0204690438133,79.19710777212038,109.65746682293809,1.0153453016939125,30.460359050817715,True,False,"1.0000, 1.0000, 1.0000",#FFFFFF,"1.0000, 1.0000, 1.0000",False
6,594.95996,841.91998,rect,290.89642893531493,291.9117742370089,79.19710777212038,109.65746682293809,1.0153453016939693,30.460359050817715,True,False,"1.0000, 1.0000, 1.0000",#FFFFFF,"1.0000, 1.0000, 1.0000",False
6,594.95996,841.91998,rect,316.7877341285105,420.35295490129283,79.19710777212038,109.65746682293809,103.56522077278231,30.460359050817715,True,False,"0.9569, 0.9686, 0.9725",#F4F7F8,"0.9569, 0.9686, 0.9725",False
6,594.95996,841.91998,rect,316.7877341285105,317.8030794302045,79.19710777212038,109.65746682293809,1.0153453016939693,30.460359050817715,True,False,"1.0000, 1.0000, 1.0000",#FFFFFF,"1.0000, 1.0000, 1.0000",False
6,594.95996,841.91998,rect,342.6790393217061,343.6943846234,79.19710777212038,109.65746682293809,1.0153453016939125,30.460359050817715,True,False,"1.0000, 1.0000, 1.0000",#FFFFFF,"1.0000, 1.0000, 1.0000",False
6,594.95996,841.91998,rect,368.57034451490165,369.5856898165956,79.19710777212038,109.65746682293809,1.0153453016939693,30.460359050817715,True,False,"1.0000, 1.0000, 1.0000",#FFFFFF,"1.0000, 1.0000, 1.0000",False
6,594.95996,841.91998,rect,394.46164970809724,395.4769950097912,79.19710777212038,109.65746682293809,1.0153453016939693,30.460359050817715,True,False,"1.0000, 1.0000, 1.0000",#FFFFFF,"1.0000, 1.0000, 1.0000",False
6,594.95996,841.91998,rect,420.35295490129283,523.9181756740751,79.19710777212038,109.65746682293809,103.56522077278225,30.460359050817715,True,False,"0.9569, 0.9686, 0.9725",#F4F7F8,"0.9569, 0.9686, 0.9725",False
6,594.95996,841.91998,rect,420.35295490129283,421.36830020298675,79.19710777212038,109.65746682293809,1.0153453016939125,30.460359050817715,True,False,"1.0000, 1.0000, 1.0000",#FFFFFF,"1.0000, 1.0000, 1.0000",False
6,594.95996,841.91998,rect,446.24426009448837,447.25960539618234,79.19710777212038,109.65746682293809,1.0153453016939693,30.460359050817715,True,False,"1.0000, 1.0000, 1.0000",#FFFFFF,"1.0000, 1.0000, 1.0000",False
6,594.95996,841.91998,rect,472.13556528768396,473.1509105893779,79.19710777212038,109.65746682293809,1.0153453016939125,30.460359050817715,True,False,"1.0000, 1.0000, 1.0000",#FFFFFF,"1.0000, 1.0000, 1.0000",False
6,594.95996,841.91998,rect,498.02687048087955,499.04221578257346,79.19710777212038,109.65746682293809,1.0153453016939125,30.460359050817715,True,False,"1.0000, 1.0000, 1.0000",#FFFFFF,"1.0000, 1.0000, 1.0000",False
6,594.95996,841.91998,rect,523.9181756740751,575.7007860604663,79.19710777212038,109.65746682293809,51.782610386391184,30.460359050817715,True,False,"0.9569, 0.9686, 0.9725",#F4F7F8,"0.9569, 0.9686, 0.9725",False
6,594.95996,841.91998,rect,523.9181756740751,524.933520975769,79.19710777212038,109.65746682293809,1.0153453016939693,30.460359050817715,True,False,"1.0000, 1.0000, 1.0000",#FFFFFF,"1.0000, 1.0000, 1.0000",False
6,594.95996,841.91998,rect,549.8094808672706,550.8248261689646,79.19710777212038,109.65746682293809,1.0153453016939693,30.460359050817715,True,False,"1.0000, 1.0000, 1.0000",#FFFFFF,"1.0000, 1.0000, 1.0000",False
6,594.95996,841.91998,rect,92.3964224541489,115.74936439310962,110.67281212463274,141.13317117545046,23.35294193896071,30.460359050817715,True,False,"0.9569, 0.9686, 0.9725",#F4F7F8,"0.9569, 0.9686, 0.9725",False
6,594.95996,841.91998,rect,92.3964224541489,93.41176775584285,110.67281212463274,141.13317117545046,1.0153453016939409,30.460359050817715,True,False,"1.0000, 1.0000, 1.0000",#FFFFFF,"1.0000, 1.0000, 1.0000",False
6,594.95996,841.91998,rect,115.74936439310962,161.43990296933708,110.67281212463274,141.13317117545046,45.69053857622747,30.460359050817715,True,False,"0.9569, 0.9686, 0.9725",#F4F7F8,"0.9569, 0.9686, 0.9725",False
6,594.95996,841.91998,rect,115.74936439310962,116.76470969480356,110.67281212463274,141.13317117545046,1.0153453016939409,30.460359050817715,True,False,"1.0000, 1.0000, 1.0000",#FFFFFF,"1.0000, 1.0000, 1.0000",False
6,594.95996,841.91998,rect,161.43990296933708,213.22251335572824,110.67281212463274,141.13317117545046,51.782610386391156,30.460359050817715,True,False,"0.9569, 0.9686, 0.9725",#F4F7F8,"0.9569, 0.9686, 0.9725",False
6,594.95996,841.91998,rect,161.43990296933708,162.45524827103105,110.67281212463274,141.13317117545046,1.0153453016939693,30.460359050817715,True,False,"1.0000, 1.0000, 1.0000",#FFFFFF,"1.0000, 1.0000, 1.0000",False
6,594.95996,841.91998,rect,187.33120816253268,188.34655346422662,110.67281212463274,141.13317117545046,1.0153453016939409,30.460359050817715,True,False,"1.0000, 1.0000, 1.0000",#FFFFFF,"1.0000, 1.0000, 1.0000",False
6,594.95996,841.91998,rect,213.22251335572824,316.7877341285105,110.67281212463274,141.13317117545046,103.56522077278228,30.460359050817715,True,False,"0.9569, 0.9686, 0.9725",#F4F7F8,"0.9569, 0.9686, 0.9725",False
6,594.95996,841.91998,rect,213.22251335572824,214.23785865742218,110.67281212463274,141.13317117545046,1.0153453016939409,30.460359050817715,True,False,"1.0000, 1.0000, 1.0000",#FFFFFF,"1.0000, 1.0000, 1.0000",False
6,594.95996,841.91998,rect,239.1138185489238,240.12916385061774,110.67281212463274,141.13317117545046,1.0153453016939409,30.460359050817715,True,False,"1.0000, 1.0000, 1.0000",#FFFFFF,"1.0000, 1.0000, 1.0000",False
6,594.95996,841.91998,rect,265.0051237421194,266.0204690438133,110.67281212463274,141.13317117545046,1.0153453016939125,30.460359050817715,True,False,"1.0000, 1.0000, 1.0000",#FFFFFF,"1.0000, 1.0000, 1.0000",False
6,594.95996,841.91998,rect,290.89642893531493,291.9117742370089,110.67281212463274,141.13317117545046,1.0153453016939693,30.460359050817715,True,False,"1.0000, 1.0000, 1.0000",#FFFFFF,"1.0000, 1.0000, 1.0000",False
6,594.95996,841.91998,rect,316.7877341285105,420.35295490129283,110.67281212463274,141.13317117545046,103.56522077278231,30.460359050817715,True,False,"0.9569, 0.9686, 0.9725",#F4F7F8,"0.9569, 0.9686, 0.9725",False
6,594.95996,841.91998,rect,316.7877341285105,317.8030794302045,110.67281212463274,141.13317117545046,1.0153453016939693,30.460359050817715,True,False,"1.0000, 1.0000, 1.0000",#FFFFFF,"1.0000, 1.0000, 1.0000",False
6,594.95996,841.91998,rect,342.6790393217061,343.6943846234,110.67281212463274,141.13317117545046,1.0153453016939125,30.460359050817715,True,False,"1.0000, 1.0000, 1.0000",#FFFFFF,"1.0000, 1.0000, 1.0000",False
6,594.95996,841.91998,rect,368.57034451490165,369.5856898165956,110.67281212463274,141.13317117545046,1.0153453016939693,30.460359050817715,True,False,"1.0000, 1.0000, 1.0000",#FFFFFF,"1.0000, 1.0000, 1.0000",False
6,594.95996,841.91998,rect,394.46164970809724,395.4769950097912,110.67281212463274,141.13317117545046,1.0153453016939693,30.460359050817715,True,False,"1.0000, 1.0000, 1.0000",#FFFFFF,"1.0000, 1.0000, 1.0000",False
6,594.95996,841.91998,rect,420.35295490129283,523.9181756740751,110.67281212463274,141.13317117545046,103.56522077278225,30.460359050817715,True,False,"0.9569, 0.9686, 0.9725",#F4F7F8,"0.9569, 0.9686, 0.9725",False
6,594.95996,841.91998,rect,420.35295490129283,421.36830020298675,110.67281212463274,141.13317117545046,1.0153453016939125,30.460359050817715,True,False,"1.0000, 1.0000, 1.0000",#FFFFFF,"1.0000, 1.0000, 1.0000",False
6,594.95996,841.91998,rect,446.24426009448837,447.25960539618234,110.67281212463274,141.13317117545046,1.0153453016939693,30.460359050817715,True,False,"1.0000, 1.0000, 1.0000",#FFFFFF,"1.0000, 1.0000, 1.0000",False
6,594.95996,841.91998,rect,472.13556528768396,473.1509105893779,110.67281212463274,141.13317117545046,1.0153453016939125,30.460359050817715,True,False,"1.0000, 1.0000, 1.0000",#FFFFFF,"1.0000, 1.0000, 1.0000",False
6,594.95996,841.91998,rect,498.02687048087955,499.04221578257346,110.67281212463274,141.13317117545046,1.0153453016939125,30.460359050817715,True,False,"1.0000, 1.0000, 1.0000",#FFFFFF,"1.0000, 1.0000, 1.0000",False
6,594.95996,841.91998,rect,523.9181756740751,575.7007860604663,110.67281212463274,141.13317117545046,51.782610386391184,30.460359050817715,True,False,"0.9569, 0.9686, 0.9725",#F4F7F8,"0.9569, 0.9686, 0.9725",False
6,594.95996,841.91998,rect,523.9181756740751,524.933520975769,110.67281212463274,141.13317117545046,1.0153453016939693,30.460359050817715,True,False,"1.0000, 1.0000, 1.0000",#FFFFFF,"1.0000, 1.0000, 1.0000",False
6,594.95996,841.91998,rect,549.8094808672706,550.8248261689646,110.67281212463274,141.13317117545046,1.0153453016939693,30.460359050817715,True,False,"1.0000, 1.0000, 1.0000",#FFFFFF,"1.0000, 1.0000, 1.0000",False
6,594.95996,841.91998,rect,92.3964224541489,115.74936439310962,142.1485164771451,172.60887552796282,23.35294193896071,30.460359050817715,True,False,"0.9569, 0.9686, 0.9725",#F4F7F8,"0.9569, 0.9686, 0.9725",False
6,594.95996,841.91998,rect,92.3964224541489,93.41176775584285,142.1485164771451,172.60887552796282,1.0153453016939409,30.460359050817715,True,False,"1.0000, 1.0000, 1.0000",#FFFFFF,"1.0000, 1.0000, 1.0000",False
6,594.95996,841.91998,rect,115.74936439310962,161.43990296933708,142.1485164771451,172.60887552796282,45.69053857622747,30.460359050817715,True,False,"0.9569, 0.9686, 0.9725",#F4F7F8,"0.9569, 0.9686, 0.9725",False
6,594.95996,841.91998,rect,115.74936439310962,116.76470969480356,142.1485164771451,172.60887552796282,1.0153453016939409,30.460359050817715,True,False,"1.0000, 1.0000, 1.0000",#FFFFFF,"1.0000, 1.0000, 1.0000",False
6,594.95996,841.91998,rect,161.43990296933708,213.22251335572824,142.1485164771451,172.60887552796282,51.782610386391156,30.460359050817715,True,False,"0.9569, 0.9686, 0.9725",#F4F7F8,"0.9569, 0.9686, 0.9725",False
6,594.95996,841.91998,rect,161.43990296933708,162.45524827103105,142.1485164771451,172.60887552796282,1.0153453016939693,30.460359050817715,True,False,"1.0000, 1.0000, 1.0000",#FFFFFF,"1.0000, 1.0000, 1.0000",False
6,594.95996,841.91998,rect,187.33120816253268,188.34655346422662,142.1485164771451,172.60887552796282,1.0153453016939409,30.460359050817715,True,False,"1.0000, 1.0000, 1.0000",#FFFFFF,"1.0000, 1.0000, 1.0000",False
6,594.95996,841.91998,rect,213.22251335572824,316.7877341285105,142.1485164771451,172.60887552796282,103.56522077278228,30.460359050817715,True,False,"0.9569, 0.9686, 0.9725",#F4F7F8,"0.9569, 0.9686, 0.9725",False
6,594.95996,841.91998,rect,213.22251335572824,214.23785865742218,142.1485164771451,172.60887552796282,1.0153453016939409,30.460359050817715,True,False,"1.0000, 1.0000, 1.0000",#FFFFFF,"1.0000, 1.0000, 1.0000",False
6,594.95996,841.91998,rect,239.1138185489238,240.12916385061774,142.1485164771451,172.60887552796282,1.0153453016939409,30.460359050817715,True,False,"1.0000, 1.0000, 1.0000",#FFFFFF,"1.0000, 1.0000, 1.0000",False
6,594.95996,841.91998,rect,265.0051237421194,266.0204690438133,142.1485164771451,172.60887552796282,1.0153453016939125,30.460359050817715,True,False,"1.0000, 1.0000, 1.0000",#FFFFFF,"1.0000, 1.0000, 1.0000",False
6,594.95996,841.91998,rect,290.89642893531493,291.9117742370089,142.1485164771451,172.60887552796282,1.0153453016939693,30.460359050817715,True,False,"1.0000, 1.0000, 1.0000",#FFFFFF,"1.0000, 1.0000, 1.0000",False
6,594.95996,841.91998,rect,316.7877341285105,420.35295490129283,142.1485164771451,172.60887552796282,103.56522077278231,30.460359050817715,True,False,"0.9569, 0.9686, 0.9725",#F4F7F8,"0.9569, 0.9686, 0.9725",False
6,594.95996,841.91998,rect,316.7877341285105,317.8030794302045,142.1485164771451,172.60887552796282,1.0153453016939693,30.460359050817715,True,False,"1.0000, 1.0000, 1.0000",#FFFFFF,"1.0000, 1.0000, 1.0000",False
6,594.95996,841.91998,rect,342.6790393217061,343.6943846234,142.1485164771451,172.60887552796282,1.0153453016939125,30.460359050817715,True,False,"1.0000, 1.0000, 1.0000",#FFFFFF,"1.0000, 1.0000, 1.0000",False
6,594.95996,841.91998,rect,368.57034451490165,369.5856898165956,142.1485164771451,172.60887552796282,1.0153453016939693,30.460359050817715,True,False,"1.0000, 1.0000, 1.0000",#FFFFFF,"1.0000, 1.0000, 1.0000",False
6,594.95996,841.91998,rect,394.46164970809724,395.4769950097912,142.1485164771451,172.60887552796282,1.0153453016939693,30.460359050817715,True,False,"1.0000, 1.0000, 1.0000",#FFFFFF,"1.0000, 1.0000, 1.0000",False
6,594.95996,841.91998,rect,420.35295490129283,523.9181756740751,142.1485164771451,172.60887552796282,103.56522077278225,30.460359050817715,True,False,"0.9569, 0.9686, 0.9725",#F4F7F8,"0.9569, 0.9686, 0.9725",False
6,594.95996,841.91998,rect,420.35295490129283,421.36830020298675,142.1485164771451,172.60887552796282,1.0153453016939125,30.460359050817715,True,False,"1.0000, 1.0000, 1.0000",#FFFFFF,"1.0000, 1.0000, 1.0000",False
6,594.95996,841.91998,rect,446.24426009448837,447.25960539618234,142.1485164771451,172.60887552796282,1.0153453016939693,30.460359050817715,True,False,"1.0000, 1.0000, 1.0000",#FFFFFF,"1.0000, 1.0000, 1.0000",False
6,594.95996,841.91998,rect,472.13556528768396,473.1509105893779,142.1485164771451,172.60887552796282,1.0153453016939125,30.460359050817715,True,False,"1.0000, 1.0000, 1.0000",#FFFFFF,"1.0000, 1.0000, 1.0000",False
6,594.95996,841.91998,rect,498.02687048087955,499.04221578257346,142.1485164771451,172.60887552796282,1.0153453016939125,30.460359050817715,True,False,"1.0000, 1.0000, 1.0000",#FFFFFF,"1.0000, 1.0000, 1.0000",False
6,594.95996,841.91998,rect,523.9181756740751,575.7007860604663,142.1485164771451,172.60887552796282,51.782610386391184,30.460359050817715,True,False,"0.9569, 0.9686, 0.9725",#F4F7F8,"0.9569, 0.9686, 0.9725",False
6,594.95996,841.91998,rect,523.9181756740751,524.933520975769,142.1485164771451,172.60887552796282,1.0153453016939693,30.460359050817715,True,False,"1.0000, 1.0000, 1.0000",#FFFFFF,"1.0000, 1.0000, 1.0000",False
6,594.95996,841.91998,rect,549.8094808672706,550.8248261689646,142.1485164771451,172.60887552796282,1.0153453016939693,30.460359050817715,True,False,"1.0000, 1.0000, 1.0000",#FFFFFF,"1.0000, 1.0000, 1.0000",False
6,594.95996,841.91998,rect,162.4552516310309,212.20717141403415,59.14452953564455,69.80565597143095,49.751919783003245,10.6611264357864,True,False,"0.9490, 0.9647, 0.9686",#F2F6F7,"0.9490, 0.9647, 0.9686",False
6,594.95996,841.91998,rect,214.2378414734229,367.5549820292084,59.14452953564455,69.80565597143095,153.31714055578553,10.6611264357864,True,False,"0.9490, 0.9647, 0.9686",#F2F6F7,"0.9490, 0.9647, 0.9686",False
6,594.95996,841.91998,rect,214.74552785226928,264.4974476352725,153.3173384117773,161.44010082532884,49.751919783003245,8.122762413551527,True,False,"0.8667, 0.0000, 0.1882",#DD0030,"0.8667, 0.0000, 0.1882",True
6,594.95996,841.91998,rect,214.74552785226928,264.4974476352725,153.3173384117773,161.44010082532884,49.751919783003245,8.122762413551527,True,False,"0.8667, 0.0000, 0.1882",#DD0030,"0.8667, 0.0000, 0.1882",True
6,594.95996,841.91998,rect,214.74552785226928,264.4974476352725,153.3173384117773,161.44010082532884,49.751919783003245,8.122762413551527,True,False,"0.8667, 0.0000, 0.1882",#DD0030,"0.8667, 0.0000, 0.1882",True
6,594.95996,841.91998,rect,214.74552785226928,264.4974476352725,153.57186800117188,164.23299443695828,49.751919783003245,10.6611264357864,True,False,"0.9490, 0.9647, 0.9686",#F2F6F7,"0.9490, 0.9647, 0.9686",False
6,594.95996,841.91998,rect,266.020476915813,574.685448630772,153.57186800117188,164.23299443695828,308.66497171495905,10.6611264357864,True,False,"0.9490, 0.9647, 0.9686",#F2F6F7,"0.9490, 0.9647, 0.9686",False
6,594.95996,841.91998,rect,16.245524827103104,92.3964224541489,0.00017423999213406205,1.0155195416867855,76.1508976270458,1.0153453016946514,True,False,"1.0000, 1.0000, 1.0000",#FFFFFF,"1.0000, 1.0000, 1.0000",False
6,594.95996,841.91998,rect,16.245524827103104,92.3964224541489,21.322425575565262,46.70605811791427,76.1508976270458,25.383632542349005,True,False,"0.5333, 0.5451, 0.5529",#888B8D,"0.5333, 0.5451, 0.5529",False
6,594.95996,841.91998,rect,16.245524827103104,92.3964224541489,46.70605811791427,47.72140341960801,76.1508976270458,1.015345301693742,True,False,"1.0000, 1.0000, 1.0000",#FFFFFF,"1.0000, 1.0000, 1.0000",False
6,594.95996,841.91998,rect,16.245524827103104,92.3964224541489,78.18176247042663,79.19710777212038,76.1508976270458,1.015345301693742,True,False,"1.0000, 1.0000, 1.0000",#FFFFFF,"1.0000, 1.0000, 1.0000",False
6,594.95996,841.91998,rect,16.245524827103104,92.3964224541489,109.65746682293809,110.67281212463274,76.1508976270458,1.0153453016946514,True,False,"1.0000, 1.0000, 1.0000",#FFFFFF,"1.0000, 1.0000, 1.0000",False
6,594.95996,841.91998,rect,16.245524827103104,92.3964224541489,141.13317117545046,142.1485164771451,76.1508976270458,1.0153453016946514,True,False,"1.0000, 1.0000, 1.0000",#FFFFFF,"1.0000, 1.0000, 1.0000",False
6,594.95996,841.91998,rect,16.245524827103104,92.3964224541489,47.72140341960801,78.18176247042663,76.1508976270458,30.460359050818624,True,False,"0.9569, 0.9686, 0.9725",#F4F7F8,"0.9569, 0.9686, 0.9725",False
6,594.95996,841.91998,rect,16.245524827103104,92.3964224541489,79.19710777212038,109.65746682293809,76.1508976270458,30.460359050817715,True,False,"0.9569, 0.9686, 0.9725",#F4F7F8,"0.9569, 0.9686, 0.9725",False
6,594.95996,841.91998,rect,16.245524827103104,92.3964224541489,110.67281212463274,141.13317117545046,76.1508976270458,30.460359050817715,True,False,"0.9569, 0.9686, 0.9725",#F4F7F8,"0.9569, 0.9686, 0.9725",False
6,594.95996,841.91998,rect,16.245524827103104,92.3964224541489,142.1485164771451,172.60887552796282,76.1508976270458,30.460359050817715,True,False,"0.9569, 0.9686, 0.9725",#F4F7F8,"0.9569, 0.9686, 0.9725",False
6,594.95996,841.91998,curve,162.9629236098779,212.71484339288114,58.89046554623053,67.01322795978206,49.751919783003245,8.122762413551527,True,False,"0.7647, 0.6667, 0.8235",#C3AAD2,"0.7647, 0.6667, 0.8235",True
6,594.95996,841.91998,curve,162.4552516310309,212.20717141403415,59.41105672453921,66.87384522958962,49.751919783003245,7.462788505050412,True,False,"0.8667, 0.0000, 0.1882",#DD0030,"0.8667, 0.0000, 0.1882",True
6,594.95996,841.91998,curve,162.4552516310309,212.20717141403415,59.41105672453921,66.87384522958962,49.751919783003245,7.462788505050412,False,True,"0.8667, 0.0000, 0.1882",#DD0030,"0.8667, 0.0000, 0.1882",False
6,594.95996,841.91998,curve,214.74552785226928,368.06266840805483,58.89046554623053,67.01322795978206,153.31714055578556,8.122762413551527,True,False,"0.7647, 0.6667, 0.8235",#C3AAD2,"0.7647, 0.6667, 0.8235",True
6,594.95996,841.91998,curve,214.2378414734229,367.5549820292084,59.41105672453921,66.87384522958962,153.31714055578553,7.462788505050412,True,False,"0.0902, 0.1882, 0.4667",#173077,"0.0902, 0.1882, 0.4667",True
6,594.95996,841.91998,curve,214.2378414734229,367.5549820292084,59.41105672453921,66.87384522958962,153.31714055578553,7.462788505050412,False,True,"0.0902, 0.1882, 0.4667",#173077,"0.0902, 0.1882, 0.4667",False
6,594.95996,841.91998,curve,163.21675993530138,316.0262278402399,90.61992616016948,98.23501592287414,152.80946790493854,7.615089762704656,True,False,"0.1255, 0.6588, 0.8824",#20A8E1,"0.1255, 0.6588, 0.8824",True
6,594.95996,841.91998,curve,163.21675993530138,316.0262278402399,90.61992616016948,98.23501592287414,152.80946790493854,7.615089762704656,False,True,"0.1255, 0.6588, 0.8824",#20A8E1,"0.1255, 0.6588, 0.8824",False
6,594.95996,841.91998,curve,318.31073873705196,575.1931000656198,90.36608983474605,98.48885224829758,256.8823613285678,8.122762413551527,True,False,"0.7647, 0.6667, 0.8235",#C3AAD2,"0.7647, 0.6667, 0.8235",True
6,594.95996,841.91998,curve,163.21675993530138,238.35231226065324,122.09555044868512,129.71064021138977,75.13555232535185,7.615089762704656,True,False,"0.1255, 0.6588, 0.8824",#20A8E1,"0.1255, 0.6588, 0.8824",True
6,594.95996,841.91998,curve,163.21675993530138,238.35231226065324,122.09555044868512,129.71064021138977,75.13555232535185,7.615089762704656,False,True,"0.1255, 0.6588, 0.8824",#20A8E1,"0.1255, 0.6588, 0.8824",False
6,594.95996,841.91998,curve,240.636829973465,471.6278861088373,121.84171412326168,129.9644765368132,230.99105613537228,8.122762413551527,True,False,"0.7647, 0.6667, 0.8235",#C3AAD2,"0.7647, 0.6667, 0.8235",True
6,594.95996,841.91998,curve,163.21675993530138,212.46100706745767,153.57117473720075,161.1862644999054,49.24424713215629,7.615089762704656,True,False,"0.4824, 0.6824, 0.1529",#7BAE27,"0.4824, 0.6824, 0.1529",True
6,594.95996,841.91998,curve,163.21675993530138,212.46100706745767,153.57117473720075,161.1862644999054,49.24424713215629,7.615089762704656,False,True,"0.4824, 0.6824, 0.1529",#7BAE27,"0.4824, 0.6824, 0.1529",False
6,594.95996,841.91998,curve,214.99936417769277,264.24361130984903,153.3173384117773,161.1862644999054,49.24424713215626,7.868926088128092,True,False,"0.9529, 0.6824, 0.6392",#F3AEA3,"0.9529, 0.6824, 0.6392",True
6,594.95996,841.91998,curve,214.74552785226928,264.4974476352725,153.8383975900665,161.30118609511692,49.751919783003245,7.462788505050412,True,False,"0.9529, 0.6824, 0.6392",#F3AEA3,"0.9529, 0.6824, 0.6392",True
6,594.95996,841.91998,curve,214.74552785226928,264.4974476352725,153.8383975900665,161.30118609511692,49.751919783003245,7.462788505050412,False,True,"0.8667, 0.0000, 0.1882",#DD0030,"0.8667, 0.0000, 0.1882",False
6,594.95996,841.91998,curve,266.5281344946606,575.1931062096196,153.3173384117773,161.44010082532884,308.664971714959,8.122762413551527,True,False,"0.7647, 0.6667, 0.8235",#C3AAD2,"0.7647, 0.6667, 0.8235",True
6,594.95996,841.91998,curve,266.020476915813,574.685448630772,153.8383975900665,161.30118609511692,308.66497171495905,7.462788505050412,True,False,"0.6118, 0.6157, 0.7725",#9C9DC5,"0.6118, 0.6157, 0.7725",True
6,594.95996,841.91998,curve,266.020476915813,574.685448630772,153.8383975900665,161.30118609511692,308.66497171495905,7.462788505050412,False,True,"0.0902, 0.1882, 0.4667",#173077,"0.0902, 0.1882, 0.4667",False
7,594.95996,841.91998,rect,0.0,594.9923467926512,0.0,842.2289277551265,594.9923467926512,842.2289277551265,True,False,"1.0000, 1.0000, 1.0000",#FFFFFF,"1.0000, 1.0000, 1.0000",False
7,594.95996,841.91998,rect,0.0,595.5000194434981,0.0002570879890981814,842.2291848431154,595.5000194434981,842.2289277551263,True,False,"1.0000, 1.0000, 1.0000",#FFFFFF,"1.0000, 1.0000, 1.0000",False
7,594.95996,841.91998,rect,92.3964224541489,583.3158758231708,0.0002570879890981814,1.0156023896828401,490.9194533690219,1.015345301693742,True,False,"1.0000, 1.0000, 1.0000",#FFFFFF,"1.0000, 1.0000, 1.0000",False
7,594.95996,841.91998,rect,92.3964224541489,583.3158758231708,21.322508423561317,46.70614096591032,490.9194533690219,25.383632542349005,True,False,"0.5333, 0.5451, 0.5529",#888B8D,"0.5333, 0.5451, 0.5529",False
7,594.95996,841.91998,rect,92.3964224541489,583.3158758231708,46.70614096591032,47.721486267604064,490.9194533690219,1.015345301693742,True,False,"1.0000, 1.0000, 1.0000",#FFFFFF,"1.0000, 1.0000, 1.0000",False
7,594.95996,841.91998,rect,92.3964224541489,583.3158758231708,78.18184531842269,79.19719062011643,490.9194533690219,1.015345301693742,True,False,"1.0000, 1.0000, 1.0000",#FFFFFF,"1.0000, 1.0000, 1.0000",False
7,594.95996,841.91998,rect,92.3964224541489,583.3158758231708,109.65754967093505,110.6728949726288,490.9194533690219,1.015345301693742,True,False,"1.0000, 1.0000, 1.0000",#FFFFFF,"1.0000, 1.0000, 1.0000",False
7,594.95996,841.91998,rect,92.3964224541489,583.3158758231708,141.13325402344742,142.14859932514116,490.9194533690219,1.015345301693742,True,False,"1.0000, 1.0000, 1.0000",#FFFFFF,"1.0000, 1.0000, 1.0000",False
7,594.95996,841.91998,rect,92.3964224541489,583.3158758231708,172.60895837595888,173.62430367765353,490.9194533690219,1.0153453016946514,True,False,"1.0000, 1.0000, 1.0000",#FFFFFF,"1.0000, 1.0000, 1.0000",False
7,594.95996,841.91998,rect,92.3964224541489,583.3158758231708,204.08466272847124,205.1000080301659,490.9194533690219,1.0153453016946514,True,False,"1.0000, 1.0000, 1.0000",#FFFFFF,"1.0000, 1.0000, 1.0000",False
7,594.95996,841.91998,rect,92.3964224541489,583.3158758231708,235.5603670809836,236.57571238267735,490.9194533690219,1.015345301693742,True,False,"1.0000, 1.0000, 1.0000",#FFFFFF,"1.0000, 1.0000, 1.0000",False
7,594.95996,841.91998,rect,92.3964224541489,583.3158758231708,267.036071433496,268.0514167351897,490.9194533690219,1.015345301693742,True,False,"1.0000, 1.0000, 1.0000",#FFFFFF,"1.0000, 1.0000, 1.0000",False
7,594.95996,841.91998,rect,92.3964224541489,583.3158758231708,298.51177578600834,299.5271210877021,490.9194533690219,1.015345301693742,True,False,"1.0000, 1.0000, 1.0000",#FFFFFF,"1.0000, 1.0000, 1.0000",False
7,594.95996,841.91998,rect,92.3964224541489,583.3158758231708,329.9874801385207,331.00282544021445,490.9194533690219,1.015345301693742,True,False,"1.0000, 1.0000, 1.0000",#FFFFFF,"1.0000, 1.0000, 1.0000",False
7,594.95996,841.91998,rect,92.3964224541489,583.3158758231708,361.4631844910331,362.4785297927268,490.9194533690219,1.015345301693742,True,False,"1.0000, 1.0000, 1.0000",#FFFFFF,"1.0000, 1.0000, 1.0000",False
7,594.95996,841.91998,rect,92.3964224541489,583.3158758231708,392.93888884354544,393.9542341452392,490.9194533690219,1.015345301693742,True,False,"1.0000, 1.0000, 1.0000",#FFFFFF,"1.0000, 1.0000, 1.0000",False
7,594.95996,841.91998,rect,92.3964224541489,583.3158758231708,424.4145931960578,425.42993849775155,490.9194533690219,1.015345301693742,True,False,"1.0000, 1.0000, 1.0000",#FFFFFF,"1.0000, 1.0000, 1.0000",False
7,594.95996,841.91998,rect,92.3964224541489,583.3158758231708,455.89029754856927,456.9056428502639,490.9194533690219,1.0153453016946514,True,False,"1.0000, 1.0000, 1.0000",#FFFFFF,"1.0000, 1.0000, 1.0000",False
7,594.95996,841.91998,rect,92.3964224541489,583.3158758231708,487.36600190108163,488.3813472027763,490.9194533690219,1.0153453016946514,True,False,"1.0000, 1.0000, 1.0000",#FFFFFF,"1.0000, 1.0000, 1.0000",False
7,594.95996,841.91998,rect,92.3964224541489,583.3158758231708,518.841706253594,519.8570515552877,490.9194533690219,1.015345301693742,True,False,"1.0000, 1.0000, 1.0000",#FFFFFF,"1.0000, 1.0000, 1.0000",False
7,594.95996,841.91998,rect,92.3964224541489,583.3158758231708,550.3174106061064,551.3327559078001,490.9194533690219,1.015345301693742,True,False,"1.0000, 1.0000, 1.0000",#FFFFFF,"1.0000, 1.0000, 1.0000",False
7,594.95996,841.91998,rect,92.3964224541489,583.3158758231708,581.7931149586187,582.8084602603125,490.9194533690219,1.015345301693742,True,False,"1.0000, 1.0000, 1.0000",#FFFFFF,"1.0000, 1.0000, 1.0000",False
7,594.95996,841.91998,rect,92.3964224541489,583.3158758231708,613.2688193111311,614.2841646128248,490.9194533690219,1.015345301693742,True,False,"1.0000, 1.0000, 1.0000",#FFFFFF,"1.0000, 1.0000, 1.0000",False
7,594.95996,841.91998,rect,92.3964224541489,583.3158758231708,644.7445236636435,645.7598689653372,490.9194533690219,1.015345301693742,True,False,"1.0000, 1.0000, 1.0000",#FFFFFF,"1.0000, 1.0000, 1.0000",False
7,594.95996,841.91998,rect,92.3964224541489,583.3158758231708,676.2202280161558,677.2355733178496,490.9194533690219,1.015345301693742,True,False,"1.0000, 1.0000, 1.0000",#FFFFFF,"1.0000, 1.0000, 1.0000",False
7,594.95996,841.91998,rect,92.3964224541489,583.3158758231708,707.6959323686682,708.7112776703619,490.9194533690219,1.015345301693742,True,False,"1.0000, 1.0000, 1.0000",#FFFFFF,"1.0000, 1.0000, 1.0000",False
7,594.95996,841.91998,rect,92.3964224541489,583.3158758231708,739.1716367211797,740.1869820228743,490.9194533690219,1.0153453016946514,True,False,"1.0000, 1.0000, 1.0000",#FFFFFF,"1.0000, 1.0000, 1.0000",False
7,594.95996,841.91998,rect,92.3964224541489,583.3158758231708,770.647341073692,771.6626863753867,490.9194533690219,1.0153453016946514,True,False,"1.0000, 1.0000, 1.0000",#FFFFFF,"1.0000, 1.0000, 1.0000",False
7,594.95996,841.91998,rect,92.3964224541489,583.3158758231708,802.1230454262044,803.1383907278981,490.9194533690219,1.015345301693742,True,False,"1.0000, 1.0000, 1.0000",#FFFFFF,"1.0000, 1.0000, 1.0000",False
7,594.95996,841.91998,rect,92.3964224541489,115.74936439310962,47.721486267604064,78.18184531842269,23.35294193896071,30.460359050818624,True,False,"0.9569, 0.9686, 0.9725",#F4F7F8,"0.9569, 0.9686, 0.9725",False
7,594.95996,841.91998,rect,92.3964224541489,93.41176775584285,47.721486267604064,78.18184531842269,1.0153453016939409,30.460359050818624,True,False,"1.0000, 1.0000, 1.0000",#FFFFFF,"1.0000, 1.0000, 1.0000",False
7,594.95996,841.91998,rect,115.74936439310962,161.43990296933708,47.721486267604064,78.18184531842269,45.69053857622747,30.460359050818624,True,False,"0.9569, 0.9686, 0.9725",#F4F7F8,"0.9569, 0.9686, 0.9725",False
7,594.95996,841.91998,rect,115.74936439310962,116.76470969480356,47.721486267604064,78.18184531842269,1.0153453016939409,30.460359050818624,True,False,"1.0000, 1.0000, 1.0000",#FFFFFF,"1.0000, 1.0000, 1.0000",False
7,594.95996,841.91998,rect,161.43990296933708,213.22251335572824,47.721486267604064,78.18184531842269,51.782610386391156,30.460359050818624,True,False,"0.9569, 0.9686, 0.9725",#F4F7F8,"0.9569, 0.9686, 0.9725",False
7,594.95996,841.91998,rect,161.43990296933708,162.45524827103105,47.721486267604064,78.18184531842269,1.0153453016939693,30.460359050818624,True,False,"1.0000, 1.0000, 1.0000",#FFFFFF,"1.0000, 1.0000, 1.0000",False
7,594.95996,841.91998,rect,187.33120816253268,188.34655346422662,47.721486267604064,78.18184531842269,1.0153453016939409,30.460359050818624,True,False,"1.0000, 1.0000, 1.0000",#FFFFFF,"1.0000, 1.0000, 1.0000",False
7,594.95996,841.91998,rect,213.22251335572824,316.7877341285105,47.721486267604064,78.18184531842269,103.56522077278228,30.460359050818624,True,False,"0.9569, 0.9686, 0.9725",#F4F7F8,"0.9569, 0.9686, 0.9725",False
7,594.95996,841.91998,rect,213.22251335572824,214.23785865742218,47.721486267604064,78.18184531842269,1.0153453016939409,30.460359050818624,True,False,"1.0000, 1.0000, 1.0000",#FFFFFF,"1.0000, 1.0000, 1.0000",False
7,594.95996,841.91998,rect,239.1138185489238,240.12916385061774,47.721486267604064,78.18184531842269,1.0153453016939409,30.460359050818624,True,False,"1.0000, 1.0000, 1.0000",#FFFFFF,"1.0000, 1.0000, 1.0000",False
7,594.95996,841.91998,rect,265.0051237421194,266.0204690438133,47.721486267604064,78.18184531842269,1.0153453016939125,30.460359050818624,True,False,"1.0000, 1.0000, 1.0000",#FFFFFF,"1.0000, 1.0000, 1.0000",False
7,594.95996,841.91998,rect,290.89642893531493,291.9117742370089,47.721486267604064,78.18184531842269,1.0153453016939693,30.460359050818624,True,False,"1.0000, 1.0000, 1.0000",#FFFFFF,"1.0000, 1.0000, 1.0000",False
7,594.95996,841.91998,rect,316.7877341285105,420.35295490129283,47.721486267604064,78.18184531842269,103.56522077278231,30.460359050818624,True,False,"0.9569, 0.9686, 0.9725",#F4F7F8,"0.9569, 0.9686, 0.9725",False
7,594.95996,841.91998,rect,316.7877341285105,317.8030794302045,47.721486267604064,78.18184531842269,1.0153453016939693,30.460359050818624,True,False,"1.0000, 1.0000, 1.0000",#FFFFFF,"1.0000, 1.0000, 1.0000",False
7,594.95996,841.91998,rect,342.6790393217061,343.6943846234,47.721486267604064,78.18184531842269,1.0153453016939125,30.460359050818624,True,False,"1.0000, 1.0000, 1.0000",#FFFFFF,"1.0000, 1.0000, 1.0000",False
7,594.95996,841.91998,rect,368.57034451490165,369.5856898165956,47.721486267604064,78.18184531842269,1.0153453016939693,30.460359050818624,True,False,"1.0000, 1.0000, 1.0000",#FFFFFF,"1.0000, 1.0000, 1.0000",False
7,594.95996,841.91998,rect,394.46164970809724,395.4769950097912,47.721486267604064,78.18184531842269,1.0153453016939693,30.460359050818624,True,False,"1.0000, 1.0000, 1.0000",#FFFFFF,"1.0000, 1.0000, 1.0000",False
7,594.95996,841.91998,rect,420.35295490129283,523.9181756740751,47.721486267604064,78.18184531842269,103.56522077278225,30.460359050818624,True,False,"0.9569, 0.9686, 0.9725",#F4F7F8,"0.9569, 0.9686, 0.9725",False
7,594.95996,841.91998,rect,420.35295490129283,421.36830020298675,47.721486267604064,78.18184531842269,1.0153453016939125,30.460359050818624,True,False,"1.0000, 1.0000, 1.0000",#FFFFFF,"1.0000, 1.0000, 1.0000",False
7,594.95996,841.91998,rect,446.24426009448837,447.25960539618234,47.721486267604064,78.18184531842269,1.0153453016939693,30.460359050818624,True,False,"1.0000, 1.0000, 1.0000",#FFFFFF,"1.0000, 1.0000, 1.0000",False
7,594.95996,841.91998,rect,472.13556528768396,473.1509105893779,47.721486267604064,78.18184531842269,1.0153453016939125,30.460359050818624,True,False,"1.0000, 1.0000, 1.0000",#FFFFFF,"1.0000, 1.0000, 1.0000",False
7,594.95996,841.91998,rect,498.02687048087955,499.04221578257346,47.721486267604064,78.18184531842269,1.0153453016939125,30.460359050818624,True,False,"1.0000, 1.0000, 1.0000",#FFFFFF,"1.0000, 1.0000, 1.0000",False
7,594.95996,841.91998,rect,523.9181756740751,575.7007860604663,47.721486267604064,78.18184531842269,51.782610386391184,30.460359050818624,True,False,"0.9569, 0.9686, 0.9725",#F4F7F8,"0.9569, 0.9686, 0.9725",False
7,594.95996,841.91998,rect,523.9181756740751,524.933520975769,47.721486267604064,78.18184531842269,1.0153453016939693,30.460359050818624,True,False,"1.0000, 1.0000, 1.0000",#FFFFFF,"1.0000, 1.0000, 1.0000",False
7,594.95996,841.91998,rect,549.8094808672706,550.8248261689646,47.721486267604064,78.18184531842269,1.0153453016939693,30.460359050818624,True,False,"1.0000, 1.0000, 1.0000",#FFFFFF,"1.0000, 1.0000, 1.0000",False
7,594.95996,841.91998,rect,92.3964224541489,115.74936439310962,79.19719062011643,109.65754967093505,23.35294193896071,30.460359050818624,True,False,"0.9569, 0.9686, 0.9725",#F4F7F8,"0.9569, 0.9686, 0.9725",False
7,594.95996,841.91998,rect,92.3964224541489,93.41176775584285,79.19719062011643,109.65754967093505,1.0153453016939409,30.460359050818624,True,False,"1.0000, 1.0000, 1.0000",#FFFFFF,"1.0000, 1.0000, 1.0000",False
7,594.95996,841.91998,rect,115.74936439310962,161.43990296933708,79.19719062011643,109.65754967093505,45.69053857622747,30.460359050818624,True,False,"0.9569, 0.9686, 0.9725",#F4F7F8,"0.9569, 0.9686, 0.9725",False
7,594.95996,841.91998,rect,115.74936439310962,116.76470969480356,79.19719062011643,109.65754967093505,1.0153453016939409,30.460359050818624,True,False,"1.0000, 1.0000, 1.0000",#FFFFFF,"1.0000, 1.0000, 1.0000",False
7,594.95996,841.91998,rect,161.43990296933708,213.22251335572824,79.19719062011643,109.65754967093505,51.782610386391156,30.460359050818624,True,False,"0.9569, 0.9686, 0.9725",#F4F7F8,"0.9569, 0.9686, 0.9725",False
7,594.95996,841.91998,rect,161.43990296933708,162.45524827103105,79.19719062011643,109.65754967093505,1.0153453016939693,30.460359050818624,True,False,"1.0000, 1.0000, 1.0000",#FFFFFF,"1.0000, 1.0000, 1.0000",False
7,594.95996,841.91998,rect,187.33120816253268,188.34655346422662,79.19719062011643,109.65754967093505,1.0153453016939409,30.460359050818624,True,False,"1.0000, 1.0000, 1.0000",#FFFFFF,"1.0000, 1.0000, 1.0000",False
7,594.95996,841.91998,rect,213.22251335572824,316.7877341285105,79.19719062011643,109.65754967093505,103.56522077278228,30.460359050818624,True,False,"0.9569, 0.9686, 0.9725",#F4F7F8,"0.9569, 0.9686, 0.9725",False
7,594.95996,841.91998,rect,213.22251335572824,214.23785865742218,79.19719062011643,109.65754967093505,1.0153453016939409,30.460359050818624,True,False,"1.0000, 1.0000, 1.0000",#FFFFFF,"1.0000, 1.0000, 1.0000",False
7,594.95996,841.91998,rect,239.1138185489238,240.12916385061774,79.19719062011643,109.65754967093505,1.0153453016939409,30.460359050818624,True,False,"1.0000, 1.0000, 1.0000",#FFFFFF,"1.0000, 1.0000, 1.0000",False
7,594.95996,841.91998,rect,265.0051237421194,266.0204690438133,79.19719062011643,109.65754967093505,1.0153453016939125,30.460359050818624,True,False,"1.0000, 1.0000, 1.0000",#FFFFFF,"1.0000, 1.0000, 1.0000",False
7,594.95996,841.91998,rect,290.89642893531493,291.9117742370089,79.19719062011643,109.65754967093505,1.0153453016939693,30.460359050818624,True,False,"1.0000, 1.0000, 1.0000",#FFFFFF,"1.0000, 1.0000, 1.0000",False
7,594.95996,841.91998,rect,316.7877341285105,420.35295490129283,79.19719062011643,109.65754967093505,103.56522077278231,30.460359050818624,True,False,"0.9569, 0.9686, 0.9725",#F4F7F8,"0.9569, 0.9686, 0.9725",False
7,594.95996,841.91998,rect,316.7877341285105,317.8030794302045,79.19719062011643,109.65754967093505,1.0153453016939693,30.460359050818624,True,False,"1.0000, 1.0000, 1.0000",#FFFFFF,"1.0000, 1.0000, 1.0000",False
7,594.95996,841.91998,rect,342.6790393217061,343.6943846234,79.19719062011643,109.65754967093505,1.0153453016939125,30.460359050818624,True,False,"1.0000, 1.0000, 1.0000",#FFFFFF,"1.0000, 1.0000, 1.0000",False
7,594.95996,841.91998,rect,368.57034451490165,369.5856898165956,79.19719062011643,109.65754967093505,1.0153453016939693,30.460359050818624,True,False,"1.0000, 1.0000, 1.0000",#FFFFFF,"1.0000, 1.0000, 1.0000",False
7,594.95996,841.91998,rect,394.46164970809724,395.4769950097912,79.19719062011643,109.65754967093505,1.0153453016939693,30.460359050818624,True,False,"1.0000, 1.0000, 1.0000",#FFFFFF,"1.0000, 1.0000, 1.0000",False
7,594.95996,841.91998,rect,420.35295490129283,523.9181756740751,79.19719062011643,109.65754967093505,103.56522077278225,30.460359050818624,True,False,"0.9569, 0.9686, 0.9725",#F4F7F8,"0.9569, 0.9686, 0.9725",False
7,594.95996,841.91998,rect,420.35295490129283,421.36830020298675,79.19719062011643,109.65754967093505,1.0153453016939125,30.460359050818624,True,False,"1.0000, 1.0000, 1.0000",#FFFFFF,"1.0000, 1.0000, 1.0000",False
7,594.95996,841.91998,rect,446.24426009448837,447.25960539618234,79.19719062011643,109.65754967093505,1.0153453016939693,30.460359050818624,True,False,"1.0000, 1.0000, 1.0000",#FFFFFF,"1.0000, 1.0000, 1.0000",False
7,594.95996,841.91998,rect,472.13556528768396,473.1509105893779,79.19719062011643,109.65754967093505,1.0153453016939125,30.460359050818624,True,False,"1.0000, 1.0000, 1.0000",#FFFFFF,"1.0000, 1.0000, 1.0000",False
7,594.95996,841.91998,rect,498.02687048087955,499.04221578257346,79.19719062011643,109.65754967093505,1.0153453016939125,30.460359050818624,True,False,"1.0000, 1.0000, 1.0000",#FFFFFF,"1.0000, 1.0000, 1.0000",False
7,594.95996,841.91998,rect,523.9181756740751,575.7007860604663,79.19719062011643,109.65754967093505,51.782610386391184,30.460359050818624,True,False,"0.9569, 0.9686, 0.9725",#F4F7F8,"0.9569, 0.9686, 0.9725",False
7,594.95996,841.91998,rect,523.9181756740751,524.933520975769,79.19719062011643,109.65754967093505,1.0153453016939693,30.460359050818624,True,False,"1.0000, 1.0000, 1.0000",#FFFFFF,"1.0000, 1.0000, 1.0000",False
7,594.95996,841.91998,rect,549.8094808672706,550.8248261689646,79.19719062011643,109.65754967093505,1.0153453016939693,30.460359050818624,True,False,"1.0000, 1.0000, 1.0000",#FFFFFF,"1.0000, 1.0000, 1.0000",False
7,594.95996,841.91998,rect,92.3964224541489,115.74936439310962,110.6728949726288,141.13325402344742,23.35294193896071,30.460359050818624,True,False,"0.9569, 0.9686, 0.9725",#F4F7F8,"0.9569, 0.9686, 0.9725",False
7,594.95996,841.91998,rect,92.3964224541489,93.41176775584285,110.6728949726288,141.13325402344742,1.0153453016939409,30.460359050818624,True,False,"1.0000, 1.0000, 1.0000",#FFFFFF,"1.0000, 1.0000, 1.0000",False
7,594.95996,841.91998,rect,115.74936439310962,161.43990296933708,110.6728949726288,141.13325402344742,45.69053857622747,30.460359050818624,True,False,"0.9569, 0.9686, 0.9725",#F4F7F8,"0.9569, 0.9686, 0.9725",False
7,594.95996,841.91998,rect,115.74936439310962,116.76470969480356,110.6728949726288,141.13325402344742,1.0153453016939409,30.460359050818624,True,False,"1.0000, 1.0000, 1.0000",#FFFFFF,"1.0000, 1.0000, 1.0000",False
7,594.95996,841.91998,rect,161.43990296933708,213.22251335572824,110.6728949726288,141.13325402344742,51.782610386391156,30.460359050818624,True,False,"0.9569, 0.9686, 0.9725",#F4F7F8,"0.9569, 0.9686, 0.9725",False
7,594.95996,841.91998,rect,161.43990296933708,162.45524827103105,110.6728949726288,141.13325402344742,1.0153453016939693,30.460359050818624,True,False,"1.0000, 1.0000, 1.0000",#FFFFFF,"1.0000, 1.0000, 1.0000",False
7,594.95996,841.91998,rect,187.33120816253268,188.34655346422662,110.6728949726288,141.13325402344742,1.0153453016939409,30.460359050818624,True,False,"1.0000, 1.0000, 1.0000",#FFFFFF,"1.0000, 1.0000, 1.0000",False
7,594.95996,841.91998,rect,213.22251335572824,316.7877341285105,110.6728949726288,141.13325402344742,103.56522077278228,30.460359050818624,True,False,"0.9569, 0.9686, 0.9725",#F4F7F8,"0.9569, 0.9686, 0.9725",False
7,594.95996,841.91998,rect,213.22251335572824,214.23785865742218,110.6728949726288,141.13325402344742,1.0153453016939409,30.460359050818624,True,False,"1.0000, 1.0000, 1.0000",#FFFFFF,"1.0000, 1.0000, 1.0000",False
7,594.95996,841.91998,rect,239.1138185489238,240.12916385061774,110.6728949726288,141.13325402344742,1.0153453016939409,30.460359050818624,True,False,"1.0000, 1.0000, 1.0000",#FFFFFF,"1.0000, 1.0000, 1.0000",False
7,594.95996,841.91998,rect,265.0051237421194,266.0204690438133,110.6728949726288,141.13325402344742,1.0153453016939125,30.460359050818624,True,False,"1.0000, 1.0000, 1.0000",#FFFFFF,"1.0000, 1.0000, 1.0000",False
7,594.95996,841.91998,rect,290.89642893531493,291.9117742370089,110.6728949726288,141.13325402344742,1.0153453016939693,30.460359050818624,True,False,"1.0000, 1.0000, 1.0000",#FFFFFF,"1.0000, 1.0000, 1.0000",False
7,594.95996,841.91998,rect,316.7877341285105,420.35295490129283,110.6728949726288,141.13325402344742,103.56522077278231,30.460359050818624,True,False,"0.9569, 0.9686, 0.9725",#F4F7F8,"0.9569, 0.9686, 0.9725",False
7,594.95996,841.91998,rect,316.7877341285105,317.8030794302045,110.6728949726288,141.13325402344742,1.0153453016939693,30.460359050818624,True,False,"1.0000, 1.0000, 1.0000",#FFFFFF,"1.0000, 1.0000, 1.0000",False
7,594.95996,841.91998,rect,342.6790393217061,343.6943846234,110.6728949726288,141.13325402344742,1.0153453016939125,30.460359050818624,True,False,"1.0000, 1.0000, 1.0000",#FFFFFF,"1.0000, 1.0000, 1.0000",False
7,594.95996,841.91998,rect,368.57034451490165,369.5856898165956,110.6728949726288,141.13325402344742,1.0153453016939693,30.460359050818624,True,False,"1.0000, 1.0000, 1.0000",#FFFFFF,"1.0000, 1.0000, 1.0000",False
7,594.95996,841.91998,rect,394.46164970809724,395.4769950097912,110.6728949726288,141.13325402344742,1.0153453016939693,30.460359050818624,True,False,"1.0000, 1.0000, 1.0000",#FFFFFF,"1.0000, 1.0000, 1.0000",False
7,594.95996,841.91998,rect,420.35295490129283,523.9181756740751,110.6728949726288,141.13325402344742,103.56522077278225,30.460359050818624,True,False,"0.9569, 0.9686, 0.9725",#F4F7F8,"0.9569, 0.9686, 0.9725",False
7,594.95996,841.91998,rect,420.35295490129283,421.36830020298675,110.6728949726288,141.13325402344742,1.0153453016939125,30.460359050818624,True,False,"1.0000, 1.0000, 1.0000",#FFFFFF,"1.0000, 1.0000, 1.0000",False
7,594.95996,841.91998,rect,446.24426009448837,447.25960539618234,110.6728949726288,141.13325402344742,1.0153453016939693,30.460359050818624,True,False,"1.0000, 1.0000, 1.0000",#FFFFFF,"1.0000, 1.0000, 1.0000",False
7,594.95996,841.91998,rect,472.13556528768396,473.1509105893779,110.6728949726288,141.13325402344742,1.0153453016939125,30.460359050818624,True,False,"1.0000, 1.0000, 1.0000",#FFFFFF,"1.0000, 1.0000, 1.0000",False
7,594.95996,841.91998,rect,498.02687048087955,499.04221578257346,110.6728949726288,141.13325402344742,1.0153453016939125,30.460359050818624,True,False,"1.0000, 1.0000, 1.0000",#FFFFFF,"1.0000, 1.0000, 1.0000",False
7,594.95996,841.91998,rect,523.9181756740751,575.7007860604663,110.6728949726288,141.13325402344742,51.782610386391184,30.460359050818624,True,False,"0.9569, 0.9686, 0.9725",#F4F7F8,"0.9569, 0.9686, 0.9725",False
7,594.95996,841.91998,rect,523.9181756740751,524.933520975769,110.6728949726288,141.13325402344742,1.0153453016939693,30.460359050818624,True,False,"1.0000, 1.0000, 1.0000",#FFFFFF,"1.0000, 1.0000, 1.0000",False
7,594.95996,841.91998,rect,549.8094808672706,550.8248261689646,110.6728949726288,141.13325402344742,1.0153453016939693,30.460359050818624,True,False,"1.0000, 1.0000, 1.0000",#FFFFFF,"1.0000, 1.0000, 1.0000",False
7,594.95996,841.91998,rect,92.3964224541489,115.74936439310962,142.14859932514116,172.60895837595888,23.35294193896071,30.460359050817715,True,False,"0.9569, 0.9686, 0.9725",#F4F7F8,"0.9569, 0.9686, 0.9725",False
7,594.95996,841.91998,rect,92.3964224541489,93.41176775584285,142.14859932514116,172.60895837595888,1.0153453016939409,30.460359050817715,True,False,"1.0000, 1.0000, 1.0000",#FFFFFF,"1.0000, 1.0000, 1.0000",False
7,594.95996,841.91998,rect,115.74936439310962,161.43990296933708,142.14859932514116,172.60895837595888,45.69053857622747,30.460359050817715,True,False,"0.9569, 0.9686, 0.9725",#F4F7F8,"0.9569, 0.9686, 0.9725",False
7,594.95996,841.91998,rect,115.74936439310962,116.76470969480356,142.14859932514116,172.60895837595888,1.0153453016939409,30.460359050817715,True,False,"1.0000, 1.0000, 1.0000",#FFFFFF,"1.0000, 1.0000, 1.0000",False
7,594.95996,841.91998,rect,161.43990296933708,213.22251335572824,142.14859932514116,172.60895837595888,51.782610386391156,30.460359050817715,True,False,"0.9569, 0.9686, 0.9725",#F4F7F8,"0.9569, 0.9686, 0.9725",False
7,594.95996,841.91998,rect,161.43990296933708,162.45524827103105,142.14859932514116,172.60895837595888,1.0153453016939693,30.460359050817715,True,False,"1.0000, 1.0000, 1.0000",#FFFFFF,"1.0000, 1.0000, 1.0000",False
7,594.95996,841.91998,rect,187.33120816253268,188.34655346422662,142.14859932514116,172.60895837595888,1.0153453016939409,30.460359050817715,True,False,"1.0000, 1.0000, 1.0000",#FFFFFF,"1.0000, 1.0000, 1.0000",False
7,594.95996,841.91998,rect,213.22251335572824,316.7877341285105,142.14859932514116,172.60895837595888,103.56522077278228,30.460359050817715,True,False,"0.9569, 0.9686, 0.9725",#F4F7F8,"0.9569, 0.9686, 0.9725",False
7,594.95996,841.91998,rect,213.22251335572824,214.23785865742218,142.14859932514116,172.60895837595888,1.0153453016939409,30.460359050817715,True,False,"1.0000, 1.0000, 1.0000",#FFFFFF,"1.0000, 1.0000, 1.0000",False
7,594.95996,841.91998,rect,239.1138185489238,240.12916385061774,142.14859932514116,172.60895837595888,1.0153453016939409,30.460359050817715,True,False,"1.0000, 1.0000, 1.0000",#FFFFFF,"1.0000, 1.0000, 1.0000",False
7,594.95996,841.91998,rect,265.0051237421194,266.0204690438133,142.14859932514116,172.60895837595888,1.0153453016939125,30.460359050817715,True,False,"1.0000, 1.0000, 1.0000",#FFFFFF,"1.0000, 1.0000, 1.0000",False
7,594.95996,841.91998,rect,290.89642893531493,291.9117742370089,142.14859932514116,172.60895837595888,1.0153453016939693,30.460359050817715,True,False,"1.0000, 1.0000, 1.0000",#FFFFFF,"1.0000, 1.0000, 1.0000",False
7,594.95996,841.91998,rect,316.7877341285105,420.35295490129283,142.14859932514116,172.60895837595888,103.56522077278231,30.460359050817715,True,False,"0.9569, 0.9686, 0.9725",#F4F7F8,"0.9569, 0.9686, 0.9725",False
7,594.95996,841.91998,rect,316.7877341285105,317.8030794302045,142.14859932514116,172.60895837595888,1.0153453016939693,30.460359050817715,True,False,"1.0000, 1.0000, 1.0000",#FFFFFF,"1.0000, 1.0000, 1.0000",False
7,594.95996,841.91998,rect,342.6790393217061,343.6943846234,142.14859932514116,172.60895837595888,1.0153453016939125,30.460359050817715,True,False,"1.0000, 1.0000, 1.0000",#FFFFFF,"1.0000, 1.0000, 1.0000",False
7,594.95996,841.91998,rect,368.57034451490165,369.5856898165956,142.14859932514116,172.60895837595888,1.0153453016939693,30.460359050817715,True,False,"1.0000, 1.0000, 1.0000",#FFFFFF,"1.0000, 1.0000, 1.0000",False
7,594.95996,841.91998,rect,394.46164970809724,395.4769950097912,142.14859932514116,172.60895837595888,1.0153453016939693,30.460359050817715,True,False,"1.0000, 1.0000, 1.0000",#FFFFFF,"1.0000, 1.0000, 1.0000",False
7,594.95996,841.91998,rect,420.35295490129283,523.9181756740751,142.14859932514116,172.60895837595888,103.56522077278225,30.460359050817715,True,False,"0.9569, 0.9686, 0.9725",#F4F7F8,"0.9569, 0.9686, 0.9725",False
7,594.95996,841.91998,rect,420.35295490129283,421.36830020298675,142.14859932514116,172.60895837595888,1.0153453016939125,30.460359050817715,True,False,"1.0000, 1.0000, 1.0000",#FFFFFF,"1.0000, 1.0000, 1.0000",False
7,594.95996,841.91998,rect,446.24426009448837,447.25960539618234,142.14859932514116,172.60895837595888,1.0153453016939693,30.460359050817715,True,False,"1.0000, 1.0000, 1.0000",#FFFFFF,"1.0000, 1.0000, 1.0000",False
7,594.95996,841.91998,rect,472.13556528768396,473.1509105893779,142.14859932514116,172.60895837595888,1.0153453016939125,30.460359050817715,True,False,"1.0000, 1.0000, 1.0000",#FFFFFF,"1.0000, 1.0000, 1.0000",False
7,594.95996,841.91998,rect,498.02687048087955,499.04221578257346,142.14859932514116,172.60895837595888,1.0153453016939125,30.460359050817715,True,False,"1.0000, 1.0000, 1.0000",#FFFFFF,"1.0000, 1.0000, 1.0000",False
7,594.95996,841.91998,rect,523.9181756740751,575.7007860604663,142.14859932514116,172.60895837595888,51.782610386391184,30.460359050817715,True,False,"0.9569, 0.9686, 0.9725",#F4F7F8,"0.9569, 0.9686, 0.9725",False
7,594.95996,841.91998,rect,523.9181756740751,524.933520975769,142.14859932514116,172.60895837595888,1.0153453016939693,30.460359050817715,True,False,"1.0000, 1.0000, 1.0000",#FFFFFF,"1.0000, 1.0000, 1.0000",False
7,594.95996,841.91998,rect,549.8094808672706,550.8248261689646,142.14859932514116,172.60895837595888,1.0153453016939693,30.460359050817715,True,False,"1.0000, 1.0000, 1.0000",#FFFFFF,"1.0000, 1.0000, 1.0000",False
7,594.95996,841.91998,rect,92.3964224541489,115.74936439310962,173.62430367765353,204.08466272847124,23.35294193896071,30.460359050817715,True,False,"0.9569, 0.9686, 0.9725",#F4F7F8,"0.9569, 0.9686, 0.9725",False
7,594.95996,841.91998,rect,92.3964224541489,93.41176775584285,173.62430367765353,204.08466272847124,1.0153453016939409,30.460359050817715,True,False,"1.0000, 1.0000, 1.0000",#FFFFFF,"1.0000, 1.0000, 1.0000",False
7,594.95996,841.91998,rect,115.74936439310962,161.43990296933708,173.62430367765353,204.08466272847124,45.69053857622747,30.460359050817715,True,False,"0.9569, 0.9686, 0.9725",#F4F7F8,"0.9569, 0.9686, 0.9725",False
7,594.95996,841.91998,rect,115.74936439310962,116.76470969480356,173.62430367765353,204.08466272847124,1.0153453016939409,30.460359050817715,True,False,"1.0000, 1.0000, 1.0000",#FFFFFF,"1.0000, 1.0000, 1.0000",False
7,594.95996,841.91998,rect,161.43990296933708,213.22251335572824,173.62430367765353,204.08466272847124,51.782610386391156,30.460359050817715,True,False,"0.9569, 0.9686, 0.9725",#F4F7F8,"0.9569, 0.9686, 0.9725",False
7,594.95996,841.91998,rect,161.43990296933708,162.45524827103105,173.62430367765353,204.08466272847124,1.0153453016939693,30.460359050817715,True,False,"1.0000, 1.0000, 1.0000",#FFFFFF,"1.0000, 1.0000, 1.0000",False
7,594.95996,841.91998,rect,187.33120816253268,188.34655346422662,173.62430367765353,204.08466272847124,1.0153453016939409,30.460359050817715,True,False,"1.0000, 1.0000, 1.0000",#FFFFFF,"1.0000, 1.0000, 1.0000",False
7,594.95996,841.91998,rect,213.22251335572824,316.7877341285105,173.62430367765353,204.08466272847124,103.56522077278228,30.460359050817715,True,False,"0.9569, 0.9686, 0.9725",#F4F7F8,"0.9569, 0.9686, 0.9725",False
7,594.95996,841.91998,rect,213.22251335572824,214.23785865742218,173.62430367765353,204.08466272847124,1.0153453016939409,30.460359050817715,True,False,"1.0000, 1.0000, 1.0000",#FFFFFF,"1.0000, 1.0000, 1.0000",False
7,594.95996,841.91998,rect,239.1138185489238,240.12916385061774,173.62430367765353,204.08466272847124,1.0153453016939409,30.460359050817715,True,False,"1.0000, 1.0000, 1.0000",#FFFFFF,"1.0000, 1.0000, 1.0000",False
7,594.95996,841.91998,rect,265.0051237421194,266.0204690438133,173.62430367765353,204.08466272847124,1.0153453016939125,30.460359050817715,True,False,"1.0000, 1.0000, 1.0000",#FFFFFF,"1.0000, 1.0000, 1.0000",False
7,594.95996,841.91998,rect,290.89642893531493,291.9117742370089,173.62430367765353,204.08466272847124,1.0153453016939693,30.460359050817715,True,False,"1.0000, 1.0000, 1.0000",#FFFFFF,"1.0000, 1.0000, 1.0000",False
7,594.95996,841.91998,rect,316.7877341285105,420.35295490129283,173.62430367765353,204.08466272847124,103.56522077278231,30.460359050817715,True,False,"0.9569, 0.9686, 0.9725",#F4F7F8,"0.9569, 0.9686, 0.9725",False
7,594.95996,841.91998,rect,316.7877341285105,317.8030794302045,173.62430367765353,204.08466272847124,1.0153453016939693,30.460359050817715,True,False,"1.0000, 1.0000, 1.0000",#FFFFFF,"1.0000, 1.0000, 1.0000",False
7,594.95996,841.91998,rect,342.6790393217061,343.6943846234,173.62430367765353,204.08466272847124,1.0153453016939125,30.460359050817715,True,False,"1.0000, 1.0000, 1.0000",#FFFFFF,"1.0000, 1.0000, 1.0000",False
7,594.95996,841.91998,rect,368.57034451490165,369.5856898165956,173.62430367765353,204.08466272847124,1.0153453016939693,30.460359050817715,True,False,"1.0000, 1.0000, 1.0000",#FFFFFF,"1.0000, 1.0000, 1.0000",False
7,594.95996,841.91998,rect,394.46164970809724,395.4769950097912,173.62430367765353,204.08466272847124,1.0153453016939693,30.460359050817715,True,False,"1.0000, 1.0000, 1.0000",#FFFFFF,"1.0000, 1.0000, 1.0000",False
7,594.95996,841.91998,rect,420.35295490129283,523.9181756740751,173.62430367765353,204.08466272847124,103.56522077278225,30.460359050817715,True,False,"0.9569, 0.9686, 0.9725",#F4F7F8,"0.9569, 0.9686, 0.9725",False
7,594.95996,841.91998,rect,420.35295490129283,421.36830020298675,173.62430367765353,204.08466272847124,1.0153453016939125,30.460359050817715,True,False,"1.0000, 1.0000, 1.0000",#FFFFFF,"1.0000, 1.0000, 1.0000",False
7,594.95996,841.91998,rect,446.24426009448837,447.25960539618234,173.62430367765353,204.08466272847124,1.0153453016939693,30.460359050817715,True,False,"1.0000, 1.0000, 1.0000",#FFFFFF,"1.0000, 1.0000, 1.0000",False
7,594.95996,841.91998,rect,472.13556528768396,473.1509105893779,173.62430367765353,204.08466272847124,1.0153453016939125,30.460359050817715,True,False,"1.0000, 1.0000, 1.0000",#FFFFFF,"1.0000, 1.0000, 1.0000",False
7,594.95996,841.91998,rect,498.02687048087955,499.04221578257346,173.62430367765353,204.08466272847124,1.0153453016939125,30.460359050817715,True,False,"1.0000, 1.0000, 1.0000",#FFFFFF,"1.0000, 1.0000, 1.0000",False
7,594.95996,841.91998,rect,523.9181756740751,575.7007860604663,173.62430367765353,204.08466272847124,51.782610386391184,30.460359050817715,True,False,"0.9569, 0.9686, 0.9725",#F4F7F8,"0.9569, 0.9686, 0.9725",False
7,594.95996,841.91998,rect,523.9181756740751,524.933520975769,173.62430367765353,204.08466272847124,1.0153453016939693,30.460359050817715,True,False,"1.0000, 1.0000, 1.0000",#FFFFFF,"1.0000, 1.0000, 1.0000",False
7,594.95996,841.91998,rect,549.8094808672706,550.8248261689646,173.62430367765353,204.08466272847124,1.0153453016939693,30.460359050817715,True,False,"1.0000, 1.0000, 1.0000",#FFFFFF,"1.0000, 1.0000, 1.0000",False
7,594.95996,841.91998,rect,92.3964224541489,115.74936439310962,205.1000080301659,235.5603670809836,23.35294193896071,30.460359050817715,True,False,"0.9569, 0.9686, 0.9725",#F4F7F8,"0.9569, 0.9686, 0.9725",False
7,594.95996,841.91998,rect,92.3964224541489,93.41176775584285,205.1000080301659,235.5603670809836,1.0153453016939409,30.460359050817715,True,False,"1.0000, 1.0000, 1.0000",#FFFFFF,"1.0000, 1.0000, 1.0000",False
7,594.95996,841.91998,rect,115.74936439310962,161.43990296933708,205.1000080301659,235.5603670809836,45.69053857622747,30.460359050817715,True,False,"0.9569, 0.9686, 0.9725",#F4F7F8,"0.9569, 0.9686, 0.9725",False
7,594.95996,841.91998,rect,115.74936439310962,116.76470969480356,205.1000080301659,235.5603670809836,1.0153453016939409,30.460359050817715,True,False,"1.0000, 1.0000, 1.0000",#FFFFFF,"1.0000, 1.0000, 1.0000",False
7,594.95996,841.91998,rect,161.43990296933708,213.22251335572824,205.1000080301659,235.5603670809836,51.782610386391156,30.460359050817715,True,False,"0.9569, 0.9686, 0.9725",#F4F7F8,"0.9569, 0.9686, 0.9725",False
7,594.95996,841.91998,rect,161.43990296933708,162.45524827103105,205.1000080301659,235.5603670809836,1.0153453016939693,30.460359050817715,True,False,"1.0000, 1.0000, 1.0000",#FFFFFF,"1.0000, 1.0000, 1.0000",False
7,594.95996,841.91998,rect,187.33120816253268,188.34655346422662,205.1000080301659,235.5603670809836,1.0153453016939409,30.460359050817715,True,False,"1.0000, 1.0000, 1.0000",#FFFFFF,"1.0000, 1.0000, 1.0000",False
7,594.95996,841.91998,rect,213.22251335572824,316.7877341285105,205.1000080301659,235.5603670809836,103.56522077278228,30.460359050817715,True,False,"0.9569, 0.9686, 0.9725",#F4F7F8,"0.9569, 0.9686, 0.9725",False
7,594.95996,841.91998,rect,213.22251335572824,214.23785865742218,205.1000080301659,235.5603670809836,1.0153453016939409,30.460359050817715,True,False,"1.0000, 1.0000, 1.0000",#FFFFFF,"1.0000, 1.0000, 1.0000",False
7,594.95996,841.91998,rect,239.1138185489238,240.12916385061774,205.1000080301659,235.5603670809836,1.0153453016939409,30.460359050817715,True,False,"1.0000, 1.0000, 1.0000",#FFFFFF,"1.0000, 1.0000, 1.0000",False
7,594.95996,841.91998,rect,265.0051237421194,266.0204690438133,205.1000080301659,235.5603670809836,1.0153453016939125,30.460359050817715,True,False,"1.0000, 1.0000, 1.0000",#FFFFFF,"1.0000, 1.0000, 1.0000",False
7,594.95996,841.91998,rect,290.89642893531493,291.9117742370089,205.1000080301659,235.5603670809836,1.0153453016939693,30.460359050817715,True,False,"1.0000, 1.0000, 1.0000",#FFFFFF,"1.0000, 1.0000, 1.0000",False
7,594.95996,841.91998,rect,316.7877341285105,420.35295490129283,205.1000080301659,235.5603670809836,103.56522077278231,30.460359050817715,True,False,"0.9569, 0.9686, 0.9725",#F4F7F8,"0.9569, 0.9686, 0.9725",False
7,594.95996,841.91998,rect,316.7877341285105,317.8030794302045,205.1000080301659,235.5603670809836,1.0153453016939693,30.460359050817715,True,False,"1.0000, 1.0000, 1.0000",#FFFFFF,"1.0000, 1.0000, 1.0000",False
7,594.95996,841.91998,rect,342.6790393217061,343.6943846234,205.1000080301659,235.5603670809836,1.0153453016939125,30.460359050817715,True,False,"1.0000, 1.0000, 1.0000",#FFFFFF,"1.0000, 1.0000, 1.0000",False
7,594.95996,841.91998,rect,368.57034451490165,369.5856898165956,205.1000080301659,235.5603670809836,1.0153453016939693,30.460359050817715,True,False,"1.0000, 1.0000, 1.0000",#FFFFFF,"1.0000, 1.0000, 1.0000",False
7,594.95996,841.91998,rect,394.46164970809724,395.4769950097912,205.1000080301659,235.5603670809836,1.0153453016939693,30.460359050817715,True,False,"1.0000, 1.0000, 1.0000",#FFFFFF,"1.0000, 1.0000, 1.0000",False
7,594.95996,841.91998,rect,420.35295490129283,523.9181756740751,205.1000080301659,235.5603670809836,103.56522077278225,30.460359050817715,True,False,"0.9569, 0.9686, 0.9725",#F4F7F8,"0.9569, 0.9686, 0.9725",False
7,594.95996,841.91998,rect,420.35295490129283,421.36830020298675,205.1000080301659,235.5603670809836,1.0153453016939125,30.460359050817715,True,False,"1.0000, 1.0000, 1.0000",#FFFFFF,"1.0000, 1.0000, 1.0000",False
7,594.95996,841.91998,rect,446.24426009448837,447.25960539618234,205.1000080301659,235.5603670809836,1.0153453016939693,30.460359050817715,True,False,"1.0000, 1.0000, 1.0000",#FFFFFF,"1.0000, 1.0000, 1.0000",False
7,594.95996,841.91998,rect,472.13556528768396,473.1509105893779,205.1000080301659,235.5603670809836,1.0153453016939125,30.460359050817715,True,False,"1.0000, 1.0000, 1.0000",#FFFFFF,"1.0000, 1.0000, 1.0000",False
7,594.95996,841.91998,rect,498.02687048087955,499.04221578257346,205.1000080301659,235.5603670809836,1.0153453016939125,30.460359050817715,True,False,"1.0000, 1.0000, 1.0000",#FFFFFF,"1.0000, 1.0000, 1.0000",False
7,594.95996,841.91998,rect,523.9181756740751,575.7007860604663,205.1000080301659,235.5603670809836,51.782610386391184,30.460359050817715,True,False,"0.9569, 0.9686, 0.9725",#F4F7F8,"0.9569, 0.9686, 0.9725",False
7,594.95996,841.91998,rect,523.9181756740751,524.933520975769,205.1000080301659,235.5603670809836,1.0153453016939693,30.460359050817715,True,False,"1.0000, 1.0000, 1.0000",#FFFFFF,"1.0000, 1.0000, 1.0000",False
7,594.95996,841.91998,rect,549.8094808672706,550.8248261689646,205.1000080301659,235.5603670809836,1.0153453016939693,30.460359050817715,True,False,"1.0000, 1.0000, 1.0000",#FFFFFF,"1.0000, 1.0000, 1.0000",False
7,594.95996,841.91998,rect,92.3964224541489,115.74936439310962,236.57571238267735,267.036071433496,23.35294193896071,30.460359050818624,True,False,"0.9569, 0.9686, 0.9725",#F4F7F8,"0.9569, 0.9686, 0.9725",False
7,594.95996,841.91998,rect,92.3964224541489,93.41176775584285,236.57571238267735,267.036071433496,1.0153453016939409,30.460359050818624,True,False,"1.0000, 1.0000, 1.0000",#FFFFFF,"1.0000, 1.0000, 1.0000",False
7,594.95996,841.91998,rect,115.74936439310962,161.43990296933708,236.57571238267735,267.036071433496,45.69053857622747,30.460359050818624,True,False,"0.9569, 0.9686, 0.9725",#F4F7F8,"0.9569, 0.9686, 0.9725",False
7,594.95996,841.91998,rect,115.74936439310962,116.76470969480356,236.57571238267735,267.036071433496,1.0153453016939409,30.460359050818624,True,False,"1.0000, 1.0000, 1.0000",#FFFFFF,"1.0000, 1.0000, 1.0000",False
7,594.95996,841.91998,rect,161.43990296933708,213.22251335572824,236.57571238267735,267.036071433496,51.782610386391156,30.460359050818624,True,False,"0.9569, 0.9686, 0.9725",#F4F7F8,"0.9569, 0.9686, 0.9725",False
7,594.95996,841.91998,rect,161.43990296933708,162.45524827103105,236.57571238267735,267.036071433496,1.0153453016939693,30.460359050818624,True,False,"1.0000, 1.0000, 1.0000",#FFFFFF,"1.0000, 1.0000, 1.0000",False
7,594.95996,841.91998,rect,187.33120816253268,188.34655346422662,236.57571238267735,267.036071433496,1.0153453016939409,30.460359050818624,True,False,"1.0000, 1.0000, 1.0000",#FFFFFF,"1.0000, 1.0000, 1.0000",False
7,594.95996,841.91998,rect,213.22251335572824,316.7877341285105,236.57571238267735,267.036071433496,103.56522077278228,30.460359050818624,True,False,"0.9569, 0.9686, 0.9725",#F4F7F8,"0.9569, 0.9686, 0.9725",False
7,594.95996,841.91998,rect,213.22251335572824,214.23785865742218,236.57571238267735,267.036071433496,1.0153453016939409,30.460359050818624,True,False,"1.0000, 1.0000, 1.0000",#FFFFFF,"1.0000, 1.0000, 1.0000",False
7,594.95996,841.91998,rect,239.1138185489238,240.12916385061774,236.57571238267735,267.036071433496,1.0153453016939409,30.460359050818624,True,False,"1.0000, 1.0000, 1.0000",#FFFFFF,"1.0000, 1.0000, 1.0000",False
7,594.95996,841.91998,rect,265.0051237421194,266.0204690438133,236.57571238267735,267.036071433496,1.0153453016939125,30.460359050818624,True,False,"1.0000, 1.0000, 1.0000",#FFFFFF,"1.0000, 1.0000, 1.0000",False
7,594.95996,841.91998,rect,290.89642893531493,291.9117742370089,236.57571238267735,267.036071433496,1.0153453016939693,30.460359050818624,True,False,"1.0000, 1.0000, 1.0000",#FFFFFF,"1.0000, 1.0000, 1.0000",False
7,594.95996,841.91998,rect,316.7877341285105,420.35295490129283,236.57571238267735,267.036071433496,103.56522077278231,30.460359050818624,True,False,"0.9569, 0.9686, 0.9725",#F4F7F8,"0.9569, 0.9686, 0.9725",False
7,594.95996,841.91998,rect,316.7877341285105,317.8030794302045,236.57571238267735,267.036071433496,1.0153453016939693,30.460359050818624,True,False,"1.0000, 1.0000, 1.0000",#FFFFFF,"1.0000, 1.0000, 1.0000",False
7,594.95996,841.91998,rect,342.6790393217061,343.6943846234,236.57571238267735,267.036071433496,1.0153453016939125,30.460359050818624,True,False,"1.0000, 1.0000, 1.0000",#FFFFFF,"1.0000, 1.0000, 1.0000",False
7,594.95996,841.91998,rect,368.57034451490165,369.5856898165956,236.57571238267735,267.036071433496,1.0153453016939693,30.460359050818624,True,False,"1.0000, 1.0000, 1.0000",#FFFFFF,"1.0000, 1.0000, 1.0000",False
7,594.95996,841.91998,rect,394.46164970809724,395.4769950097912,236.57571238267735,267.036071433496,1.0153453016939693,30.460359050818624,True,False,"1.0000, 1.0000, 1.0000",#FFFFFF,"1.0000, 1.0000, 1.0000",False
7,594.95996,841.91998,rect,420.35295490129283,523.9181756740751,236.57571238267735,267.036071433496,103.56522077278225,30.460359050818624,True,False,"0.9569, 0.9686, 0.9725",#F4F7F8,"0.9569, 0.9686, 0.9725",False
7,594.95996,841.91998,rect,420.35295490129283,421.36830020298675,236.57571238267735,267.036071433496,1.0153453016939125,30.460359050818624,True,False,"1.0000, 1.0000, 1.0000",#FFFFFF,"1.0000, 1.0000, 1.0000",False
7,594.95996,841.91998,rect,446.24426009448837,447.25960539618234,236.57571238267735,267.036071433496,1.0153453016939693,30.460359050818624,True,False,"1.0000, 1.0000, 1.0000",#FFFFFF,"1.0000, 1.0000, 1.0000",False
7,594.95996,841.91998,rect,472.13556528768396,473.1509105893779,236.57571238267735,267.036071433496,1.0153453016939125,30.460359050818624,True,False,"1.0000, 1.0000, 1.0000",#FFFFFF,"1.0000, 1.0000, 1.0000",False
7,594.95996,841.91998,rect,498.02687048087955,499.04221578257346,236.57571238267735,267.036071433496,1.0153453016939125,30.460359050818624,True,False,"1.0000, 1.0000, 1.0000",#FFFFFF,"1.0000, 1.0000, 1.0000",False
7,594.95996,841.91998,rect,523.9181756740751,575.7007860604663,236.57571238267735,267.036071433496,51.782610386391184,30.460359050818624,True,False,"0.9569, 0.9686, 0.9725",#F4F7F8,"0.9569, 0.9686, 0.9725",False
7,594.95996,841.91998,rect,523.9181756740751,524.933520975769,236.57571238267735,267.036071433496,1.0153453016939693,30.460359050818624,True,False,"1.0000, 1.0000, 1.0000",#FFFFFF,"1.0000, 1.0000, 1.0000",False
7,594.95996,841.91998,rect,549.8094808672706,550.8248261689646,236.57571238267735,267.036071433496,1.0153453016939693,30.460359050818624,True,False,"1.0000, 1.0000, 1.0000",#FFFFFF,"1.0000, 1.0000, 1.0000",False
7,594.95996,841.91998,rect,92.3964224541489,115.74936439310962,268.0514167351897,298.51177578600834,23.35294193896071,30.460359050818624,True,False,"0.9569, 0.9686, 0.9725",#F4F7F8,"0.9569, 0.9686, 0.9725",False
7,594.95996,841.91998,rect,92.3964224541489,93.41176775584285,268.0514167351897,298.51177578600834,1.0153453016939409,30.460359050818624,True,False,"1.0000, 1.0000, 1.0000",#FFFFFF,"1.0000, 1.0000, 1.0000",False
7,594.95996,841.91998,rect,115.74936439310962,161.43990296933708,268.0514167351897,298.51177578600834,45.69053857622747,30.460359050818624,True,False,"0.9569, 0.9686, 0.9725",#F4F7F8,"0.9569, 0.9686, 0.9725",False
7,594.95996,841.91998,rect,115.74936439310962,116.76470969480356,268.0514167351897,298.51177578600834,1.0153453016939409,30.460359050818624,True,False,"1.0000, 1.0000, 1.0000",#FFFFFF,"1.0000, 1.0000, 1.0000",False
7,594.95996,841.91998,rect,161.43990296933708,213.22251335572824,268.0514167351897,298.51177578600834,51.782610386391156,30.460359050818624,True,False,"0.9569, 0.9686, 0.9725",#F4F7F8,"0.9569, 0.9686, 0.9725",False
7,594.95996,841.91998,rect,161.43990296933708,162.45524827103105,268.0514167351897,298.51177578600834,1.0153453016939693,30.460359050818624,True,False,"1.0000, 1.0000, 1.0000",#FFFFFF,"1.0000, 1.0000, 1.0000",False
7,594.95996,841.91998,rect,187.33120816253268,188.34655346422662,268.0514167351897,298.51177578600834,1.0153453016939409,30.460359050818624,True,False,"1.0000, 1.0000, 1.0000",#FFFFFF,"1.0000, 1.0000, 1.0000",False
7,594.95996,841.91998,rect,213.22251335572824,316.7877341285105,268.0514167351897,298.51177578600834,103.56522077278228,30.460359050818624,True,False,"0.9569, 0.9686, 0.9725",#F4F7F8,"0.9569, 0.9686, 0.9725",False
7,594.95996,841.91998,rect,213.22251335572824,214.23785865742218,268.0514167351897,298.51177578600834,1.0153453016939409,30.460359050818624,True,False,"1.0000, 1.0000, 1.0000",#FFFFFF,"1.0000, 1.0000, 1.0000",False
7,594.95996,841.91998,rect,239.1138185489238,240.12916385061774,268.0514167351897,298.51177578600834,1.0153453016939409,30.460359050818624,True,False,"1.0000, 1.0000, 1.0000",#FFFFFF,"1.0000, 1.0000, 1.0000",False
7,594.95996,841.91998,rect,265.0051237421194,266.0204690438133,268.0514167351897,298.51177578600834,1.0153453016939125,30.460359050818624,True,False,"1.0000, 1.0000, 1.0000",#FFFFFF,"1.0000, 1.0000, 1.0000",False
7,594.95996,841.91998,rect,290.89642893531493,291.9117742370089,268.0514167351897,298.51177578600834,1.0153453016939693,30.460359050818624,True,False,"1.0000, 1.0000, 1.0000",#FFFFFF,"1.0000, 1.0000, 1.0000",False
7,594.95996,841.91998,rect,316.7877341285105,420.35295490129283,268.0514167351897,298.51177578600834,103.56522077278231,30.460359050818624,True,False,"0.9569, 0.9686, 0.9725",#F4F7F8,"0.9569, 0.9686, 0.9725",False
7,594.95996,841.91998,rect,316.7877341285105,317.8030794302045,268.0514167351897,298.51177578600834,1.0153453016939693,30.460359050818624,True,False,"1.0000, 1.0000, 1.0000",#FFFFFF,"1.0000, 1.0000, 1.0000",False
7,594.95996,841.91998,rect,342.6790393217061,343.6943846234,268.0514167351897,298.51177578600834,1.0153453016939125,30.460359050818624,True,False,"1.0000, 1.0000, 1.0000",#FFFFFF,"1.0000, 1.0000, 1.0000",False
7,594.95996,841.91998,rect,368.57034451490165,369.5856898165956,268.0514167351897,298.51177578600834,1.0153453016939693,30.460359050818624,True,False,"1.0000, 1.0000, 1.0000",#FFFFFF,"1.0000, 1.0000, 1.0000",False
7,594.95996,841.91998,rect,394.46164970809724,395.4769950097912,268.0514167351897,298.51177578600834,1.0153453016939693,30.460359050818624,True,False,"1.0000, 1.0000, 1.0000",#FFFFFF,"1.0000, 1.0000, 1.0000",False
7,594.95996,841.91998,rect,420.35295490129283,523.9181756740751,268.0514167351897,298.51177578600834,103.56522077278225,30.460359050818624,True,False,"0.9569, 0.9686, 0.9725",#F4F7F8,"0.9569, 0.9686, 0.9725",False
7,594.95996,841.91998,rect,420.35295490129283,421.36830020298675,268.0514167351897,298.51177578600834,1.0153453016939125,30.460359050818624,True,False,"1.0000, 1.0000, 1.0000",#FFFFFF,"1.0000, 1.0000, 1.0000",False
7,594.95996,841.91998,rect,446.24426009448837,447.25960539618234,268.0514167351897,298.51177578600834,1.0153453016939693,30.460359050818624,True,False,"1.0000, 1.0000, 1.0000",#FFFFFF,"1.0000, 1.0000, 1.0000",False
7,594.95996,841.91998,rect,472.13556528768396,473.1509105893779,268.0514167351897,298.51177578600834,1.0153453016939125,30.460359050818624,True,False,"1.0000, 1.0000, 1.0000",#FFFFFF,"1.0000, 1.0000, 1.0000",False
7,594.95996,841.91998,rect,498.02687048087955,499.04221578257346,268.0514167351897,298.51177578600834,1.0153453016939125,30.460359050818624,True,False,"1.0000, 1.0000, 1.0000",#FFFFFF,"1.0000, 1.0000, 1.0000",False
7,594.95996,841.91998,rect,523.9181756740751,575.7007860604663,268.0514167351897,298.51177578600834,51.782610386391184,30.460359050818624,True,False,"0.9569, 0.9686, 0.9725",#F4F7F8,"0.9569, 0.9686, 0.9725",False
7,594.95996,841.91998,rect,523.9181756740751,524.933520975769,268.0514167351897,298.51177578600834,1.0153453016939693,30.460359050818624,True,False,"1.0000, 1.0000, 1.0000",#FFFFFF,"1.0000, 1.0000, 1.0000",False
7,594.95996,841.91998,rect,549.8094808672706,550.8248261689646,268.0514167351897,298.51177578600834,1.0153453016939693,30.460359050818624,True,False,"1.0000, 1.0000, 1.0000",#FFFFFF,"1.0000, 1.0000, 1.0000",False
7,594.95996,841.91998,rect,92.3964224541489,115.74936439310962,299.5271210877021,329.9874801385207,23.35294193896071,30.460359050818624,True,False,"0.9569, 0.9686, 0.9725",#F4F7F8,"0.9569, 0.9686, 0.9725",False
7,594.95996,841.91998,rect,92.3964224541489,93.41176775584285,299.5271210877021,329.9874801385207,1.0153453016939409,30.460359050818624,True,False,"1.0000, 1.0000, 1.0000",#FFFFFF,"1.0000, 1.0000, 1.0000",False
7,594.95996,841.91998,rect,115.74936439310962,161.43990296933708,299.5271210877021,329.9874801385207,45.69053857622747,30.460359050818624,True,False,"0.9569, 0.9686, 0.9725",#F4F7F8,"0.9569, 0.9686, 0.9725",False
7,594.95996,841.91998,rect,115.74936439310962,116.76470969480356,299.5271210877021,329.9874801385207,1.0153453016939409,30.460359050818624,True,False,"1.0000, 1.0000, 1.0000",#FFFFFF,"1.0000, 1.0000, 1.0000",False
7,594.95996,841.91998,rect,161.43990296933708,213.22251335572824,299.5271210877021,329.9874801385207,51.782610386391156,30.460359050818624,True,False,"0.9569, 0.9686, 0.9725",#F4F7F8,"0.9569, 0.9686, 0.9725",False
7,594.95996,841.91998,rect,161.43990296933708,162.45524827103105,299.5271210877021,329.9874801385207,1.0153453016939693,30.460359050818624,True,False,"1.0000, 1.0000, 1.0000",#FFFFFF,"1.0000, 1.0000, 1.0000",False
7,594.95996,841.91998,rect,187.33120816253268,188.34655346422662,299.5271210877021,329.9874801385207,1.0153453016939409,30.460359050818624,True,False,"1.0000, 1.0000, 1.0000",#FFFFFF,"1.0000, 1.0000, 1.0000",False
7,594.95996,841.91998,rect,213.22251335572824,316.7877341285105,299.5271210877021,329.9874801385207,103.56522077278228,30.460359050818624,True,False,"0.9569, 0.9686, 0.9725",#F4F7F8,"0.9569, 0.9686, 0.9725",False
7,594.95996,841.91998,rect,213.22251335572824,214.23785865742218,299.5271210877021,329.9874801385207,1.0153453016939409,30.460359050818624,True,False,"1.0000, 1.0000, 1.0000",#FFFFFF,"1.0000, 1.0000, 1.0000",False
7,594.95996,841.91998,rect,239.1138185489238,240.12916385061774,299.5271210877021,329.9874801385207,1.0153453016939409,30.460359050818624,True,False,"1.0000, 1.0000, 1.0000",#FFFFFF,"1.0000, 1.0000, 1.0000",False
7,594.95996,841.91998,rect,265.0051237421194,266.0204690438133,299.5271210877021,329.9874801385207,1.0153453016939125,30.460359050818624,True,False,"1.0000, 1.0000, 1.0000",#FFFFFF,"1.0000, 1.0000, 1.0000",False
7,594.95996,841.91998,rect,290.89642893531493,291.9117742370089,299.5271210877021,329.9874801385207,1.0153453016939693,30.460359050818624,True,False,"1.0000, 1.0000, 1.0000",#FFFFFF,"1.0000, 1.0000, 1.0000",False
7,594.95996,841.91998,rect,316.7877341285105,420.35295490129283,299.5271210877021,329.9874801385207,103.56522077278231,30.460359050818624,True,False,"0.9569, 0.9686, 0.9725",#F4F7F8,"0.9569, 0.9686, 0.9725",False
7,594.95996,841.91998,rect,316.7877341285105,317.8030794302045,299.5271210877021,329.9874801385207,1.0153453016939693,30.460359050818624,True,False,"1.0000, 1.0000, 1.0000",#FFFFFF,"1.0000, 1.0000, 1.0000",False
7,594.95996,841.91998,rect,342.6790393217061,343.6943846234,299.5271210877021,329.9874801385207,1.0153453016939125,30.460359050818624,True,False,"1.0000, 1.0000, 1.0000",#FFFFFF,"1.0000, 1.0000, 1.0000",False
7,594.95996,841.91998,rect,368.57034451490165,369.5856898165956,299.5271210877021,329.9874801385207,1.0153453016939693,30.460359050818624,True,False,"1.0000, 1.0000, 1.0000",#FFFFFF,"1.0000, 1.0000, 1.0000",False
7,594.95996,841.91998,rect,394.46164970809724,395.4769950097912,299.5271210877021,329.9874801385207,1.0153453016939693,30.460359050818624,True,False,"1.0000, 1.0000, 1.0000",#FFFFFF,"1.0000, 1.0000, 1.0000",False
7,594.95996,841.91998,rect,420.35295490129283,523.9181756740751,299.5271210877021,329.9874801385207,103.56522077278225,30.460359050818624,True,False,"0.9569, 0.9686, 0.9725",#F4F7F8,"0.9569, 0.9686, 0.9725",False
7,594.95996,841.91998,rect,420.35295490129283,421.36830020298675,299.5271210877021,329.9874801385207,1.0153453016939125,30.460359050818624,True,False,"1.0000, 1.0000, 1.0000",#FFFFFF,"1.0000, 1.0000, 1.0000",False
7,594.95996,841.91998,rect,446.24426009448837,447.25960539618234,299.5271210877021,329.9874801385207,1.0153453016939693,30.460359050818624,True,False,"1.0000, 1.0000, 1.0000",#FFFFFF,"1.0000, 1.0000, 1.0000",False
7,594.95996,841.91998,rect,472.13556528768396,473.1509105893779,299.5271210877021,329.9874801385207,1.0153453016939125,30.460359050818624,True,False,"1.0000, 1.0000, 1.0000",#FFFFFF,"1.0000, 1.0000, 1.0000",False
7,594.95996,841.91998,rect,498.02687048087955,499.04221578257346,299.5271210877021,329.9874801385207,1.0153453016939125,30.460359050818624,True,False,"1.0000, 1.0000, 1.0000",#FFFFFF,"1.0000, 1.0000, 1.0000",False
7,594.95996,841.91998,rect,523.9181756740751,575.7007860604663,299.5271210877021,329.9874801385207,51.782610386391184,30.460359050818624,True,False,"0.9569, 0.9686, 0.9725",#F4F7F8,"0.9569, 0.9686, 0.9725",False
7,594.95996,841.91998,rect,523.9181756740751,524.933520975769,299.5271210877021,329.9874801385207,1.0153453016939693,30.460359050818624,True,False,"1.0000, 1.0000, 1.0000",#FFFFFF,"1.0000, 1.0000, 1.0000",False
7,594.95996,841.91998,rect,549.8094808672706,550.8248261689646,299.5271210877021,329.9874801385207,1.0153453016939693,30.460359050818624,True,False,"1.0000, 1.0000, 1.0000",#FFFFFF,"1.0000, 1.0000, 1.0000",False
7,594.95996,841.91998,rect,92.3964224541489,115.74936439310962,331.00282544021445,361.4631844910331,23.35294193896071,30.460359050818624,True,False,"0.9569, 0.9686, 0.9725",#F4F7F8,"0.9569, 0.9686, 0.9725",False
7,594.95996,841.91998,rect,92.3964224541489,93.41176775584285,331.00282544021445,361.4631844910331,1.0153453016939409,30.460359050818624,True,False,"1.0000, 1.0000, 1.0000",#FFFFFF,"1.0000, 1.0000, 1.0000",False
7,594.95996,841.91998,rect,115.74936439310962,161.43990296933708,331.00282544021445,361.4631844910331,45.69053857622747,30.460359050818624,True,False,"0.9569, 0.9686, 0.9725",#F4F7F8,"0.9569, 0.9686, 0.9725",False
7,594.95996,841.91998,rect,115.74936439310962,116.76470969480356,331.00282544021445,361.4631844910331,1.0153453016939409,30.460359050818624,True,False,"1.0000, 1.0000, 1.0000",#FFFFFF,"1.0000, 1.0000, 1.0000",False
7,594.95996,841.91998,rect,161.43990296933708,213.22251335572824,331.00282544021445,361.4631844910331,51.782610386391156,30.460359050818624,True,False,"0.9569, 0.9686, 0.9725",#F4F7F8,"0.9569, 0.9686, 0.9725",False
7,594.95996,841.91998,rect,161.43990296933708,162.45524827103105,331.00282544021445,361.4631844910331,1.0153453016939693,30.460359050818624,True,False,"1.0000, 1.0000, 1.0000",#FFFFFF,"1.0000, 1.0000, 1.0000",False
7,594.95996,841.91998,rect,187.33120816253268,188.34655346422662,331.00282544021445,361.4631844910331,1.0153453016939409,30.460359050818624,True,False,"1.0000, 1.0000, 1.0000",#FFFFFF,"1.0000, 1.0000, 1.0000",False
7,594.95996,841.91998,rect,213.22251335572824,316.7877341285105,331.00282544021445,361.4631844910331,103.56522077278228,30.460359050818624,True,False,"0.9569, 0.9686, 0.9725",#F4F7F8,"0.9569, 0.9686, 0.9725",False
7,594.95996,841.91998,rect,213.22251335572824,214.23785865742218,331.00282544021445,361.4631844910331,1.0153453016939409,30.460359050818624,True,False,"1.0000, 1.0000, 1.0000",#FFFFFF,"1.0000, 1.0000, 1.0000",False
7,594.95996,841.91998,rect,239.1138185489238,240.12916385061774,331.00282544021445,361.4631844910331,1.0153453016939409,30.460359050818624,True,False,"1.0000, 1.0000, 1.0000",#FFFFFF,"1.0000, 1.0000, 1.0000",False
7,594.95996,841.91998,rect,265.0051237421194,266.0204690438133,331.00282544021445,361.4631844910331,1.0153453016939125,30.460359050818624,True,False,"1.0000, 1.0000, 1.0000",#FFFFFF,"1.0000, 1.0000, 1.0000",False
7,594.95996,841.91998,rect,290.89642893531493,291.9117742370089,331.00282544021445,361.4631844910331,1.0153453016939693,30.460359050818624,True,False,"1.0000, 1.0000, 1.0000",#FFFFFF,"1.0000, 1.0000, 1.0000",False
7,594.95996,841.91998,rect,316.7877341285105,420.35295490129283,331.00282544021445,361.4631844910331,103.56522077278231,30.460359050818624,True,False,"0.9569, 0.9686, 0.9725",#F4F7F8,"0.9569, 0.9686, 0.9725",False
7,594.95996,841.91998,rect,316.7877341285105,317.8030794302045,331.00282544021445,361.4631844910331,1.0153453016939693,30.460359050818624,True,False,"1.0000, 1.0000, 1.0000",#FFFFFF,"1.0000, 1.0000, 1.0000",False
7,594.95996,841.91998,rect,342.6790393217061,343.6943846234,331.00282544021445,361.4631844910331,1.0153453016939125,30.460359050818624,True,False,"1.0000, 1.0000, 1.0000",#FFFFFF,"1.0000, 1.0000, 1.0000",False
7,594.95996,841.91998,rect,368.57034451490165,369.5856898165956,331.00282544021445,361.4631844910331,1.0153453016939693,30.460359050818624,True,False,"1.0000, 1.0000, 1.0000",#FFFFFF,"1.0000, 1.0000, 1.0000",False
7,594.95996,841.91998,rect,394.46164970809724,395.4769950097912,331.00282544021445,361.4631844910331,1.0153453016939693,30.460359050818624,True,False,"1.0000, 1.0000, 1.0000",#FFFFFF,"1.0000, 1.0000, 1.0000",False
7,594.95996,841.91998,rect,420.35295490129283,523.9181756740751,331.00282544021445,361.4631844910331,103.56522077278225,30.460359050818624,True,False,"0.9569, 0.9686, 0.9725",#F4F7F8,"0.9569, 0.9686, 0.9725",False
7,594.95996,841.91998,rect,420.35295490129283,421.36830020298675,331.00282544021445,361.4631844910331,1.0153453016939125,30.460359050818624,True,False,"1.0000, 1.0000, 1.0000",#FFFFFF,"1.0000, 1.0000, 1.0000",False
7,594.95996,841.91998,rect,446.24426009448837,447.25960539618234,331.00282544021445,361.4631844910331,1.0153453016939693,30.460359050818624,True,False,"1.0000, 1.0000, 1.0000",#FFFFFF,"1.0000, 1.0000, 1.0000",False
7,594.95996,841.91998,rect,472.13556528768396,473.1509105893779,331.00282544021445,361.4631844910331,1.0153453016939125,30.460359050818624,True,False,"1.0000, 1.0000, 1.0000",#FFFFFF,"1.0000, 1.0000, 1.0000",False
7,594.95996,841.91998,rect,498.02687048087955,499.04221578257346,331.00282544021445,361.4631844910331,1.0153453016939125,30.460359050818624,True,False,"1.0000, 1.0000, 1.0000",#FFFFFF,"1.0000, 1.0000, 1.0000",False
7,594.95996,841.91998,rect,523.9181756740751,575.7007860604663,331.00282544021445,361.4631844910331,51.782610386391184,30.460359050818624,True,False,"0.9569, 0.9686, 0.9725",#F4F7F8,"0.9569, 0.9686, 0.9725",False
7,594.95996,841.91998,rect,523.9181756740751,524.933520975769,331.00282544021445,361.4631844910331,1.0153453016939693,30.460359050818624,True,False,"1.0000, 1.0000, 1.0000",#FFFFFF,"1.0000, 1.0000, 1.0000",False
7,594.95996,841.91998,rect,549.8094808672706,550.8248261689646,331.00282544021445,361.4631844910331,1.0153453016939693,30.460359050818624,True,False,"1.0000, 1.0000, 1.0000",#FFFFFF,"1.0000, 1.0000, 1.0000",False
7,594.95996,841.91998,rect,92.3964224541489,115.74936439310962,362.4785297927268,392.93888884354544,23.35294193896071,30.460359050818624,True,False,"0.9569, 0.9686, 0.9725",#F4F7F8,"0.9569, 0.9686, 0.9725",False
7,594.95996,841.91998,rect,92.3964224541489,93.41176775584285,362.4785297927268,392.93888884354544,1.0153453016939409,30.460359050818624,True,False,"1.0000, 1.0000, 1.0000",#FFFFFF,"1.0000, 1.0000, 1.0000",False
7,594.95996,841.91998,rect,115.74936439310962,161.43990296933708,362.4785297927268,392.93888884354544,45.69053857622747,30.460359050818624,True,False,"0.9569, 0.9686, 0.9725",#F4F7F8,"0.9569, 0.9686, 0.9725",False
7,594.95996,841.91998,rect,115.74936439310962,116.76470969480356,362.4785297927268,392.93888884354544,1.0153453016939409,30.460359050818624,True,False,"1.0000, 1.0000, 1.0000",#FFFFFF,"1.0000, 1.0000, 1.0000",False
7,594.95996,841.91998,rect,161.43990296933708,213.22251335572824,362.4785297927268,392.93888884354544,51.782610386391156,30.460359050818624,True,False,"0.9569, 0.9686, 0.9725",#F4F7F8,"0.9569, 0.9686, 0.9725",False
7,594.95996,841.91998,rect,161.43990296933708,162.45524827103105,362.4785297927268,392.93888884354544,1.0153453016939693,30.460359050818624,True,False,"1.0000, 1.0000, 1.0000",#FFFFFF,"1.0000, 1.0000, 1.0000",False
7,594.95996,841.91998,rect,187.33120816253268,188.34655346422662,362.4785297927268,392.93888884354544,1.0153453016939409,30.460359050818624,True,False,"1.0000, 1.0000, 1.0000",#FFFFFF,"1.0000, 1.0000, 1.0000",False
7,594.95996,841.91998,rect,213.22251335572824,316.7877341285105,362.4785297927268,392.93888884354544,103.56522077278228,30.460359050818624,True,False,"0.9569, 0.9686, 0.9725",#F4F7F8,"0.9569, 0.9686, 0.9725",False
7,594.95996,841.91998,rect,213.22251335572824,214.23785865742218,362.4785297927268,392.93888884354544,1.0153453016939409,30.460359050818624,True,False,"1.0000, 1.0000, 1.0000",#FFFFFF,"1.0000, 1.0000, 1.0000",False
7,594.95996,841.91998,rect,239.1138185489238,240.12916385061774,362.4785297927268,392.93888884354544,1.0153453016939409,30.460359050818624,True,False,"1.0000, 1.0000, 1.0000",#FFFFFF,"1.0000, 1.0000, 1.0000",False
7,594.95996,841.91998,rect,265.0051237421194,266.0204690438133,362.4785297927268,392.93888884354544,1.0153453016939125,30.460359050818624,True,False,"1.0000, 1.0000, 1.0000",#FFFFFF,"1.0000, 1.0000, 1.0000",False
7,594.95996,841.91998,rect,290.89642893531493,291.9117742370089,362.4785297927268,392.93888884354544,1.0153453016939693,30.460359050818624,True,False,"1.0000, 1.0000, 1.0000",#FFFFFF,"1.0000, 1.0000, 1.0000",False
7,594.95996,841.91998,rect,316.7877341285105,420.35295490129283,362.4785297927268,392.93888884354544,103.56522077278231,30.460359050818624,True,False,"0.9569, 0.9686, 0.9725",#F4F7F8,"0.9569, 0.9686, 0.9725",False
7,594.95996,841.91998,rect,316.7877341285105,317.8030794302045,362.4785297927268,392.93888884354544,1.0153453016939693,30.460359050818624,True,False,"1.0000, 1.0000, 1.0000",#FFFFFF,"1.0000, 1.0000, 1.0000",False
7,594.95996,841.91998,rect,342.6790393217061,343.6943846234,362.4785297927268,392.93888884354544,1.0153453016939125,30.460359050818624,True,False,"1.0000, 1.0000, 1.0000",#FFFFFF,"1.0000, 1.0000, 1.0000",False
7,594.95996,841.91998,rect,368.57034451490165,369.5856898165956,362.4785297927268,392.93888884354544,1.0153453016939693,30.460359050818624,True,False,"1.0000, 1.0000, 1.0000",#FFFFFF,"1.0000, 1.0000, 1.0000",False
7,594.95996,841.91998,rect,394.46164970809724,395.4769950097912,362.4785297927268,392.93888884354544,1.0153453016939693,30.460359050818624,True,False,"1.0000, 1.0000, 1.0000",#FFFFFF,"1.0000, 1.0000, 1.0000",False
7,594.95996,841.91998,rect,420.35295490129283,523.9181756740751,362.4785297927268,392.93888884354544,103.56522077278225,30.460359050818624,True,False,"0.9569, 0.9686, 0.9725",#F4F7F8,"0.9569, 0.9686, 0.9725",False
7,594.95996,841.91998,rect,420.35295490129283,421.36830020298675,362.4785297927268,392.93888884354544,1.0153453016939125,30.460359050818624,True,False,"1.0000, 1.0000, 1.0000",#FFFFFF,"1.0000, 1.0000, 1.0000",False
7,594.95996,841.91998,rect,446.24426009448837,447.25960539618234,362.4785297927268,392.93888884354544,1.0153453016939693,30.460359050818624,True,False,"1.0000, 1.0000, 1.0000",#FFFFFF,"1.0000, 1.0000, 1.0000",False
7,594.95996,841.91998,rect,472.13556528768396,473.1509105893779,362.4785297927268,392.93888884354544,1.0153453016939125,30.460359050818624,True,False,"1.0000, 1.0000, 1.0000",#FFFFFF,"1.0000, 1.0000, 1.0000",False
7,594.95996,841.91998,rect,498.02687048087955,499.04221578257346,362.4785297927268,392.93888884354544,1.0153453016939125,30.460359050818624,True,False,"1.0000, 1.0000, 1.0000",#FFFFFF,"1.0000, 1.0000, 1.0000",False
7,594.95996,841.91998,rect,523.9181756740751,575.7007860604663,362.4785297927268,392.93888884354544,51.782610386391184,30.460359050818624,True,False,"0.9569, 0.9686, 0.9725",#F4F7F8,"0.9569, 0.9686, 0.9725",False
7,594.95996,841.91998,rect,523.9181756740751,524.933520975769,362.4785297927268,392.93888884354544,1.0153453016939693,30.460359050818624,True,False,"1.0000, 1.0000, 1.0000",#FFFFFF,"1.0000, 1.0000, 1.0000",False
7,594.95996,841.91998,rect,549.8094808672706,550.8248261689646,362.4785297927268,392.93888884354544,1.0153453016939693,30.460359050818624,True,False,"1.0000, 1.0000, 1.0000",#FFFFFF,"1.0000, 1.0000, 1.0000",False
7,594.95996,841.91998,rect,92.3964224541489,115.74936439310962,393.9542341452392,424.4145931960578,23.35294193896071,30.460359050818624,True,False,"0.9569, 0.9686, 0.9725",#F4F7F8,"0.9569, 0.9686, 0.9725",False
7,594.95996,841.91998,rect,92.3964224541489,93.41176775584285,393.9542341452392,424.4145931960578,1.0153453016939409,30.460359050818624,True,False,"1.0000, 1.0000, 1.0000",#FFFFFF,"1.0000, 1.0000, 1.0000",False
7,594.95996,841.91998,rect,115.74936439310962,161.43990296933708,393.9542341452392,424.4145931960578,45.69053857622747,30.460359050818624,True,False,"0.9569, 0.9686, 0.9725",#F4F7F8,"0.9569, 0.9686, 0.9725",False
7,594.95996,841.91998,rect,115.74936439310962,116.76470969480356,393.9542341452392,424.4145931960578,1.0153453016939409,30.460359050818624,True,False,"1.0000, 1.0000, 1.0000",#FFFFFF,"1.0000, 1.0000, 1.0000",False
7,594.95996,841.91998,rect,161.43990296933708,213.22251335572824,393.9542341452392,424.4145931960578,51.782610386391156,30.460359050818624,True,False,"0.9569, 0.9686, 0.9725",#F4F7F8,"0.9569, 0.9686, 0.9725",False
7,594.95996,841.91998,rect,161.43990296933708,162.45524827103105,393.9542341452392,424.4145931960578,1.0153453016939693,30.460359050818624,True,False,"1.0000, 1.0000, 1.0000",#FFFFFF,"1.0000, 1.0000, 1.0000",False
7,594.95996,841.91998,rect,187.33120816253268,188.34655346422662,393.9542341452392,424.4145931960578,1.0153453016939409,30.460359050818624,True,False,"1.0000, 1.0000, 1.0000",#FFFFFF,"1.0000, 1.0000, 1.0000",False
7,594.95996,841.91998,rect,213.22251335572824,316.7877341285105,393.9542341452392,424.4145931960578,103.56522077278228,30.460359050818624,True,False,"0.9569, 0.9686, 0.9725",#F4F7F8,"0.9569, 0.9686, 0.9725",False
7,594.95996,841.91998,rect,213.22251335572824,214.23785865742218,393.9542341452392,424.4145931960578,1.0153453016939409,30.460359050818624,True,False,"1.0000, 1.0000, 1.0000",#FFFFFF,"1.0000, 1.0000, 1.0000",False
7,594.95996,841.91998,rect,239.1138185489238,240.12916385061774,393.9542341452392,424.4145931960578,1.0153453016939409,30.460359050818624,True,False,"1.0000, 1.0000, 1.0000",#FFFFFF,"1.0000, 1.0000, 1.0000",False
7,594.95996,841.91998,rect,265.0051237421194,266.0204690438133,393.9542341452392,424.4145931960578,1.0153453016939125,30.460359050818624,True,False,"1.0000, 1.0000, 1.0000",#FFFFFF,"1.0000, 1.0000, 1.0000",False
7,594.95996,841.91998,rect,290.89642893531493,291.9117742370089,393.9542341452392,424.4145931960578,1.0153453016939693,30.460359050818624,True,False,"1.0000, 1.0000, 1.0000",#FFFFFF,"1.0000, 1.0000, 1.0000",False
7,594.95996,841.91998,rect,316.7877341285105,420.35295490129283,393.9542341452392,424.4145931960578,103.56522077278231,30.460359050818624,True,False,"0.9569, 0.9686, 0.9725",#F4F7F8,"0.9569, 0.9686, 0.9725",False
7,594.95996,841.91998,rect,316.7877341285105,317.8030794302045,393.9542341452392,424.4145931960578,1.0153453016939693,30.460359050818624,True,False,"1.0000, 1.0000, 1.0000",#FFFFFF,"1.0000, 1.0000, 1.0000",False
7,594.95996,841.91998,rect,342.6790393217061,343.6943846234,393.9542341452392,424.4145931960578,1.0153453016939125,30.460359050818624,True,False,"1.0000, 1.0000, 1.0000",#FFFFFF,"1.0000, 1.0000, 1.0000",False
7,594.95996,841.91998,rect,368.57034451490165,369.5856898165956,393.9542341452392,424.4145931960578,1.0153453016939693,30.460359050818624,True,False,"1.0000, 1.0000, 1.0000",#FFFFFF,"1.0000, 1.0000, 1.0000",False
7,594.95996,841.91998,rect,394.46164970809724,395.4769950097912,393.9542341452392,424.4145931960578,1.0153453016939693,30.460359050818624,True,False,"1.0000, 1.0000, 1.0000",#FFFFFF,"1.0000, 1.0000, 1.0000",False
7,594.95996,841.91998,rect,420.35295490129283,523.9181756740751,393.9542341452392,424.4145931960578,103.56522077278225,30.460359050818624,True,False,"0.9569, 0.9686, 0.9725",#F4F7F8,"0.9569, 0.9686, 0.9725",False
7,594.95996,841.91998,rect,420.35295490129283,421.36830020298675,393.9542341452392,424.4145931960578,1.0153453016939125,30.460359050818624,True,False,"1.0000, 1.0000, 1.0000",#FFFFFF,"1.0000, 1.0000, 1.0000",False
7,594.95996,841.91998,rect,446.24426009448837,447.25960539618234,393.9542341452392,424.4145931960578,1.0153453016939693,30.460359050818624,True,False,"1.0000, 1.0000, 1.0000",#FFFFFF,"1.0000, 1.0000, 1.0000",False
7,594.95996,841.91998,rect,472.13556528768396,473.1509105893779,393.9542341452392,424.4145931960578,1.0153453016939125,30.460359050818624,True,False,"1.0000, 1.0000, 1.0000",#FFFFFF,"1.0000, 1.0000, 1.0000",False
7,594.95996,841.91998,rect,498.02687048087955,499.04221578257346,393.9542341452392,424.4145931960578,1.0153453016939125,30.460359050818624,True,False,"1.0000, 1.0000, 1.0000",#FFFFFF,"1.0000, 1.0000, 1.0000",False
7,594.95996,841.91998,rect,523.9181756740751,575.7007860604663,393.9542341452392,424.4145931960578,51.782610386391184,30.460359050818624,True,False,"0.9569, 0.9686, 0.9725",#F4F7F8,"0.9569, 0.9686, 0.9725",False
7,594.95996,841.91998,rect,523.9181756740751,524.933520975769,393.9542341452392,424.4145931960578,1.0153453016939693,30.460359050818624,True,False,"1.0000, 1.0000, 1.0000",#FFFFFF,"1.0000, 1.0000, 1.0000",False
7,594.95996,841.91998,rect,549.8094808672706,550.8248261689646,393.9542341452392,424.4145931960578,1.0153453016939693,30.460359050818624,True,False,"1.0000, 1.0000, 1.0000",#FFFFFF,"1.0000, 1.0000, 1.0000",False
7,594.95996,841.91998,rect,92.3964224541489,115.74936439310962,425.42993849775155,455.89029754856927,23.35294193896071,30.460359050817715,True,False,"0.9569, 0.9686, 0.9725",#F4F7F8,"0.9569, 0.9686, 0.9725",False
7,594.95996,841.91998,rect,92.3964224541489,93.41176775584285,425.42993849775155,455.89029754856927,1.0153453016939409,30.460359050817715,True,False,"1.0000, 1.0000, 1.0000",#FFFFFF,"1.0000, 1.0000, 1.0000",False
7,594.95996,841.91998,rect,115.74936439310962,161.43990296933708,425.42993849775155,455.89029754856927,45.69053857622747,30.460359050817715,True,False,"0.9569, 0.9686, 0.9725",#F4F7F8,"0.9569, 0.9686, 0.9725",False
7,594.95996,841.91998,rect,115.74936439310962,116.76470969480356,425.42993849775155,455.89029754856927,1.0153453016939409,30.460359050817715,True,False,"1.0000, 1.0000, 1.0000",#FFFFFF,"1.0000, 1.0000, 1.0000",False
7,594.95996,841.91998,rect,161.43990296933708,213.22251335572824,425.42993849775155,455.89029754856927,51.782610386391156,30.460359050817715,True,False,"0.9569, 0.9686, 0.9725",#F4F7F8,"0.9569, 0.9686, 0.9725",False
7,594.95996,841.91998,rect,161.43990296933708,162.45524827103105,425.42993849775155,455.89029754856927,1.0153453016939693,30.460359050817715,True,False,"1.0000, 1.0000, 1.0000",#FFFFFF,"1.0000, 1.0000, 1.0000",False
7,594.95996,841.91998,rect,187.33120816253268,188.34655346422662,425.42993849775155,455.89029754856927,1.0153453016939409,30.460359050817715,True,False,"1.0000, 1.0000, 1.0000",#FFFFFF,"1.0000, 1.0000, 1.0000",False
7,594.95996,841.91998,rect,213.22251335572824,316.7877341285105,425.42993849775155,455.89029754856927,103.56522077278228,30.460359050817715,True,False,"0.9569, 0.9686, 0.9725",#F4F7F8,"0.9569, 0.9686, 0.9725",False
7,594.95996,841.91998,rect,213.22251335572824,214.23785865742218,425.42993849775155,455.89029754856927,1.0153453016939409,30.460359050817715,True,False,"1.0000, 1.0000, 1.0000",#FFFFFF,"1.0000, 1.0000, 1.0000",False
7,594.95996,841.91998,rect,239.1138185489238,240.12916385061774,425.42993849775155,455.89029754856927,1.0153453016939409,30.460359050817715,True,False,"1.0000, 1.0000, 1.0000",#FFFFFF,"1.0000, 1.0000, 1.0000",False
7,594.95996,841.91998,rect,265.0051237421194,266.0204690438133,425.42993849775155,455.89029754856927,1.0153453016939125,30.460359050817715,True,False,"1.0000, 1.0000, 1.0000",#FFFFFF,"1.0000, 1.0000, 1.0000",False
7,594.95996,841.91998,rect,290.89642893531493,291.9117742370089,425.42993849775155,455.89029754856927,1.0153453016939693,30.460359050817715,True,False,"1.0000, 1.0000, 1.0000",#FFFFFF,"1.0000, 1.0000, 1.0000",False
7,594.95996,841.91998,rect,316.7877341285105,420.35295490129283,425.42993849775155,455.89029754856927,103.56522077278231,30.460359050817715,True,False,"0.9569, 0.9686, 0.9725",#F4F7F8,"0.9569, 0.9686, 0.9725",False
7,594.95996,841.91998,rect,316.7877341285105,317.8030794302045,425.42993849775155,455.89029754856927,1.0153453016939693,30.460359050817715,True,False,"1.0000, 1.0000, 1.0000",#FFFFFF,"1.0000, 1.0000, 1.0000",False
7,594.95996,841.91998,rect,342.6790393217061,343.6943846234,425.42993849775155,455.89029754856927,1.0153453016939125,30.460359050817715,True,False,"1.0000, 1.0000, 1.0000",#FFFFFF,"1.0000, 1.0000, 1.0000",False
7,594.95996,841.91998,rect,368.57034451490165,369.5856898165956,425.42993849775155,455.89029754856927,1.0153453016939693,30.460359050817715,True,False,"1.0000, 1.0000, 1.0000",#FFFFFF,"1.0000, 1.0000, 1.0000",False
7,594.95996,841.91998,rect,394.46164970809724,395.4769950097912,425.42993849775155,455.89029754856927,1.0153453016939693,30.460359050817715,True,False,"1.0000, 1.0000, 1.0000",#FFFFFF,"1.0000, 1.0000, 1.0000",False
7,594.95996,841.91998,rect,420.35295490129283,523.9181756740751,425.42993849775155,455.89029754856927,103.56522077278225,30.460359050817715,True,False,"0.9569, 0.9686, 0.9725",#F4F7F8,"0.9569, 0.9686, 0.9725",False
7,594.95996,841.91998,rect,420.35295490129283,421.36830020298675,425.42993849775155,455.89029754856927,1.0153453016939125,30.460359050817715,True,False,"1.0000, 1.0000, 1.0000",#FFFFFF,"1.0000, 1.0000, 1.0000",False
7,594.95996,841.91998,rect,446.24426009448837,447.25960539618234,425.42993849775155,455.89029754856927,1.0153453016939693,30.460359050817715,True,False,"1.0000, 1.0000, 1.0000",#FFFFFF,"1.0000, 1.0000, 1.0000",False
7,594.95996,841.91998,rect,472.13556528768396,473.1509105893779,425.42993849775155,455.89029754856927,1.0153453016939125,30.460359050817715,True,False,"1.0000, 1.0000, 1.0000",#FFFFFF,"1.0000, 1.0000, 1.0000",False
7,594.95996,841.91998,rect,498.02687048087955,499.04221578257346,425.42993849775155,455.89029754856927,1.0153453016939125,30.460359050817715,True,False,"1.0000, 1.0000, 1.0000",#FFFFFF,"1.0000, 1.0000, 1.0000",False
7,594.95996,841.91998,rect,523.9181756740751,575.7007860604663,425.42993849775155,455.89029754856927,51.782610386391184,30.460359050817715,True,False,"0.9569, 0.9686, 0.9725",#F4F7F8,"0.9569, 0.9686, 0.9725",False
7,594.95996,841.91998,rect,523.9181756740751,524.933520975769,425.42993849775155,455.89029754856927,1.0153453016939693,30.460359050817715,True,False,"1.0000, 1.0000, 1.0000",#FFFFFF,"1.0000, 1.0000, 1.0000",False
7,594.95996,841.91998,rect,549.8094808672706,550.8248261689646,425.42993849775155,455.89029754856927,1.0153453016939693,30.460359050817715,True,False,"1.0000, 1.0000, 1.0000",#FFFFFF,"1.0000, 1.0000, 1.0000",False
7,594.95996,841.91998,rect,92.3964224541489,115.74936439310962,456.9056428502639,487.36600190108163,23.35294193896071,30.460359050817715,True,False,"0.9569, 0.9686, 0.9725",#F4F7F8,"0.9569, 0.9686, 0.9725",False
7,594.95996,841.91998,rect,92.3964224541489,93.41176775584285,456.9056428502639,487.36600190108163,1.0153453016939409,30.460359050817715,True,False,"1.0000, 1.0000, 1.0000",#FFFFFF,"1.0000, 1.0000, 1.0000",False
7,594.95996,841.91998,rect,115.74936439310962,161.43990296933708,456.9056428502639,487.36600190108163,45.69053857622747,30.460359050817715,True,False,"0.9569, 0.9686, 0.9725",#F4F7F8,"0.9569, 0.9686, 0.9725",False
7,594.95996,841.91998,rect,115.74936439310962,116.76470969480356,456.9056428502639,487.36600190108163,1.0153453016939409,30.460359050817715,True,False,"1.0000, 1.0000, 1.0000",#FFFFFF,"1.0000, 1.0000, 1.0000",False
7,594.95996,841.91998,rect,161.43990296933708,213.22251335572824,456.9056428502639,487.36600190108163,51.782610386391156,30.460359050817715,True,False,"0.9569, 0.9686, 0.9725",#F4F7F8,"0.9569, 0.9686, 0.9725",False
7,594.95996,841.91998,rect,161.43990296933708,162.45524827103105,456.9056428502639,487.36600190108163,1.0153453016939693,30.460359050817715,True,False,"1.0000, 1.0000, 1.0000",#FFFFFF,"1.0000, 1.0000, 1.0000",False
7,594.95996,841.91998,rect,187.33120816253268,188.34655346422662,456.9056428502639,487.36600190108163,1.0153453016939409,30.460359050817715,True,False,"1.0000, 1.0000, 1.0000",#FFFFFF,"1.0000, 1.0000, 1.0000",False
7,594.95996,841.91998,rect,213.22251335572824,316.7877341285105,456.9056428502639,487.36600190108163,103.56522077278228,30.460359050817715,True,False,"0.9569, 0.9686, 0.9725",#F4F7F8,"0.9569, 0.9686, 0.9725",False
7,594.95996,841.91998,rect,213.22251335572824,214.23785865742218,456.9056428502639,487.36600190108163,1.0153453016939409,30.460359050817715,True,False,"1.0000, 1.0000, 1.0000",#FFFFFF,"1.0000, 1.0000, 1.0000",False
7,594.95996,841.91998,rect,239.1138185489238,240.12916385061774,456.9056428502639,487.36600190108163,1.0153453016939409,30.460359050817715,True,False,"1.0000, 1.0000, 1.0000",#FFFFFF,"1.0000, 1.0000, 1.0000",False
7,594.95996,841.91998,rect,265.0051237421194,266.0204690438133,456.9056428502639,487.36600190108163,1.0153453016939125,30.460359050817715,True,False,"1.0000, 1.0000, 1.0000",#FFFFFF,"1.0000, 1.0000, 1.0000",False
7,594.95996,841.91998,rect,290.89642893531493,291.9117742370089,456.9056428502639,487.36600190108163,1.0153453016939693,30.460359050817715,True,False,"1.0000, 1.0000, 1.0000",#FFFFFF,"1.0000, 1.0000, 1.0000",False
7,594.95996,841.91998,rect,316.7877341285105,420.35295490129283,456.9056428502639,487.36600190108163,103.56522077278231,30.460359050817715,True,False,"0.9569, 0.9686, 0.9725",#F4F7F8,"0.9569, 0.9686, 0.9725",False
7,594.95996,841.91998,rect,316.7877341285105,317.8030794302045,456.9056428502639,487.36600190108163,1.0153453016939693,30.460359050817715,True,False,"1.0000, 1.0000, 1.0000",#FFFFFF,"1.0000, 1.0000, 1.0000",False
7,594.95996,841.91998,rect,342.6790393217061,343.6943846234,456.9056428502639,487.36600190108163,1.0153453016939125,30.460359050817715,True,False,"1.0000, 1.0000, 1.0000",#FFFFFF,"1.0000, 1.0000, 1.0000",False
7,594.95996,841.91998,rect,368.57034451490165,369.5856898165956,456.9056428502639,487.36600190108163,1.0153453016939693,30.460359050817715,True,False,"1.0000, 1.0000, 1.0000",#FFFFFF,"1.0000, 1.0000, 1.0000",False
7,594.95996,841.91998,rect,394.46164970809724,395.4769950097912,456.9056428502639,487.36600190108163,1.0153453016939693,30.460359050817715,True,False,"1.0000, 1.0000, 1.0000",#FFFFFF,"1.0000, 1.0000, 1.0000",False
7,594.95996,841.91998,rect,420.35295490129283,523.9181756740751,456.9056428502639,487.36600190108163,103.56522077278225,30.460359050817715,True,False,"0.9569, 0.9686, 0.9725",#F4F7F8,"0.9569, 0.9686, 0.9725",False
7,594.95996,841.91998,rect,420.35295490129283,421.36830020298675,456.9056428502639,487.36600190108163,1.0153453016939125,30.460359050817715,True,False,"1.0000, 1.0000, 1.0000",#FFFFFF,"1.0000, 1.0000, 1.0000",False
7,594.95996,841.91998,rect,446.24426009448837,447.25960539618234,456.9056428502639,487.36600190108163,1.0153453016939693,30.460359050817715,True,False,"1.0000, 1.0000, 1.0000",#FFFFFF,"1.0000, 1.0000, 1.0000",False
7,594.95996,841.91998,rect,472.13556528768396,473.1509105893779,456.9056428502639,487.36600190108163,1.0153453016939125,30.460359050817715,True,False,"1.0000, 1.0000, 1.0000",#FFFFFF,"1.0000, 1.0000, 1.0000",False
7,594.95996,841.91998,rect,498.02687048087955,499.04221578257346,456.9056428502639,487.36600190108163,1.0153453016939125,30.460359050817715,True,False,"1.0000, 1.0000, 1.0000",#FFFFFF,"1.0000, 1.0000, 1.0000",False
7,594.95996,841.91998,rect,523.9181756740751,575.7007860604663,456.9056428502639,487.36600190108163,51.782610386391184,30.460359050817715,True,False,"0.9569, 0.9686, 0.9725",#F4F7F8,"0.9569, 0.9686, 0.9725",False
7,594.95996,841.91998,rect,523.9181756740751,524.933520975769,456.9056428502639,487.36600190108163,1.0153453016939693,30.460359050817715,True,False,"1.0000, 1.0000, 1.0000",#FFFFFF,"1.0000, 1.0000, 1.0000",False
7,594.95996,841.91998,rect,549.8094808672706,550.8248261689646,456.9056428502639,487.36600190108163,1.0153453016939693,30.460359050817715,True,False,"1.0000, 1.0000, 1.0000",#FFFFFF,"1.0000, 1.0000, 1.0000",False
7,594.95996,841.91998,rect,92.3964224541489,115.74936439310962,488.3813472027763,518.841706253594,23.35294193896071,30.460359050817715,True,False,"0.9569, 0.9686, 0.9725",#F4F7F8,"0.9569, 0.9686, 0.9725",False
7,594.95996,841.91998,rect,92.3964224541489,93.41176775584285,488.3813472027763,518.841706253594,1.0153453016939409,30.460359050817715,True,False,"1.0000, 1.0000, 1.0000",#FFFFFF,"1.0000, 1.0000, 1.0000",False
7,594.95996,841.91998,rect,115.74936439310962,161.43990296933708,488.3813472027763,518.841706253594,45.69053857622747,30.460359050817715,True,False,"0.9569, 0.9686, 0.9725",#F4F7F8,"0.9569, 0.9686, 0.9725",False
7,594.95996,841.91998,rect,115.74936439310962,116.76470969480356,488.3813472027763,518.841706253594,1.0153453016939409,30.460359050817715,True,False,"1.0000, 1.0000, 1.0000",#FFFFFF,"1.0000, 1.0000, 1.0000",False
7,594.95996,841.91998,rect,161.43990296933708,213.22251335572824,488.3813472027763,518.841706253594,51.782610386391156,30.460359050817715,True,False,"0.9569, 0.9686, 0.9725",#F4F7F8,"0.9569, 0.9686, 0.9725",False
7,594.95996,841.91998,rect,161.43990296933708,162.45524827103105,488.3813472027763,518.841706253594,1.0153453016939693,30.460359050817715,True,False,"1.0000, 1.0000, 1.0000",#FFFFFF,"1.0000, 1.0000, 1.0000",False
7,594.95996,841.91998,rect,187.33120816253268,188.34655346422662,488.3813472027763,518.841706253594,1.0153453016939409,30.460359050817715,True,False,"1.0000, 1.0000, 1.0000",#FFFFFF,"1.0000, 1.0000, 1.0000",False
7,594.95996,841.91998,rect,213.22251335572824,316.7877341285105,488.3813472027763,518.841706253594,103.56522077278228,30.460359050817715,True,False,"0.9569, 0.9686, 0.9725",#F4F7F8,"0.9569, 0.9686, 0.9725",False
7,594.95996,841.91998,rect,213.22251335572824,214.23785865742218,488.3813472027763,518.841706253594,1.0153453016939409,30.460359050817715,True,False,"1.0000, 1.0000, 1.0000",#FFFFFF,"1.0000, 1.0000, 1.0000",False
7,594.95996,841.91998,rect,239.1138185489238,240.12916385061774,488.3813472027763,518.841706253594,1.0153453016939409,30.460359050817715,True,False,"1.0000, 1.0000, 1.0000",#FFFFFF,"1.0000, 1.0000, 1.0000",False
7,594.95996,841.91998,rect,265.0051237421194,266.0204690438133,488.3813472027763,518.841706253594,1.0153453016939125,30.460359050817715,True,False,"1.0000, 1.0000, 1.0000",#FFFFFF,"1.0000, 1.0000, 1.0000",False
7,594.95996,841.91998,rect,290.89642893531493,291.9117742370089,488.3813472027763,518.841706253594,1.0153453016939693,30.460359050817715,True,False,"1.0000, 1.0000, 1.0000",#FFFFFF,"1.0000, 1.0000, 1.0000",False
7,594.95996,841.91998,rect,316.7877341285105,420.35295490129283,488.3813472027763,518.841706253594,103.56522077278231,30.460359050817715,True,False,"0.9569, 0.9686, 0.9725",#F4F7F8,"0.9569, 0.9686, 0.9725",False
7,594.95996,841.91998,rect,316.7877341285105,317.8030794302045,488.3813472027763,518.841706253594,1.0153453016939693,30.460359050817715,True,False,"1.0000, 1.0000, 1.0000",#FFFFFF,"1.0000, 1.0000, 1.0000",False
7,594.95996,841.91998,rect,342.6790393217061,343.6943846234,488.3813472027763,518.841706253594,1.0153453016939125,30.460359050817715,True,False,"1.0000, 1.0000, 1.0000",#FFFFFF,"1.0000, 1.0000, 1.0000",False
7,594.95996,841.91998,rect,368.57034451490165,369.5856898165956,488.3813472027763,518.841706253594,1.0153453016939693,30.460359050817715,True,False,"1.0000, 1.0000, 1.0000",#FFFFFF,"1.0000, 1.0000, 1.0000",False
7,594.95996,841.91998,rect,394.46164970809724,395.4769950097912,488.3813472027763,518.841706253594,1.0153453016939693,30.460359050817715,True,False,"1.0000, 1.0000, 1.0000",#FFFFFF,"1.0000, 1.0000, 1.0000",False
7,594.95996,841.91998,rect,420.35295490129283,523.9181756740751,488.3813472027763,518.841706253594,103.56522077278225,30.460359050817715,True,False,"0.9569, 0.9686, 0.9725",#F4F7F8,"0.9569, 0.9686, 0.9725",False
7,594.95996,841.91998,rect,420.35295490129283,421.36830020298675,488.3813472027763,518.841706253594,1.0153453016939125,30.460359050817715,True,False,"1.0000, 1.0000, 1.0000",#FFFFFF,"1.0000, 1.0000, 1.0000",False
7,594.95996,841.91998,rect,446.24426009448837,447.25960539618234,488.3813472027763,518.841706253594,1.0153453016939693,30.460359050817715,True,False,"1.0000, 1.0000, 1.0000",#FFFFFF,"1.0000, 1.0000, 1.0000",False
7,594.95996,841.91998,rect,472.13556528768396,473.1509105893779,488.3813472027763,518.841706253594,1.0153453016939125,30.460359050817715,True,False,"1.0000, 1.0000, 1.0000",#FFFFFF,"1.0000, 1.0000, 1.0000",False
7,594.95996,841.91998,rect,498.02687048087955,499.04221578257346,488.3813472027763,518.841706253594,1.0153453016939125,30.460359050817715,True,False,"1.0000, 1.0000, 1.0000",#FFFFFF,"1.0000, 1.0000, 1.0000",False
7,594.95996,841.91998,rect,523.9181756740751,575.7007860604663,488.3813472027763,518.841706253594,51.782610386391184,30.460359050817715,True,False,"0.9569, 0.9686, 0.9725",#F4F7F8,"0.9569, 0.9686, 0.9725",False
7,594.95996,841.91998,rect,523.9181756740751,524.933520975769,488.3813472027763,518.841706253594,1.0153453016939693,30.460359050817715,True,False,"1.0000, 1.0000, 1.0000",#FFFFFF,"1.0000, 1.0000, 1.0000",False
7,594.95996,841.91998,rect,549.8094808672706,550.8248261689646,488.3813472027763,518.841706253594,1.0153453016939693,30.460359050817715,True,False,"1.0000, 1.0000, 1.0000",#FFFFFF,"1.0000, 1.0000, 1.0000",False
7,594.95996,841.91998,rect,92.3964224541489,115.74936439310962,519.8570515552877,550.3174106061064,23.35294193896071,30.460359050818624,True,False,"0.9569, 0.9686, 0.9725",#F4F7F8,"0.9569, 0.9686, 0.9725",False
7,594.95996,841.91998,rect,92.3964224541489,93.41176775584285,519.8570515552877,550.3174106061064,1.0153453016939409,30.460359050818624,True,False,"1.0000, 1.0000, 1.0000",#FFFFFF,"1.0000, 1.0000, 1.0000",False
7,594.95996,841.91998,rect,115.74936439310962,161.43990296933708,519.8570515552877,550.3174106061064,45.69053857622747,30.460359050818624,True,False,"0.9569, 0.9686, 0.9725",#F4F7F8,"0.9569, 0.9686, 0.9725",False
7,594.95996,841.91998,rect,115.74936439310962,116.76470969480356,519.8570515552877,550.3174106061064,1.0153453016939409,30.460359050818624,True,False,"1.0000, 1.0000, 1.0000",#FFFFFF,"1.0000, 1.0000, 1.0000",False
7,594.95996,841.91998,rect,161.43990296933708,213.22251335572824,519.8570515552877,550.3174106061064,51.782610386391156,30.460359050818624,True,False,"0.9569, 0.9686, 0.9725",#F4F7F8,"0.9569, 0.9686, 0.9725",False
7,594.95996,841.91998,rect,161.43990296933708,162.45524827103105,519.8570515552877,550.3174106061064,1.0153453016939693,30.460359050818624,True,False,"1.0000, 1.0000, 1.0000",#FFFFFF,"1.0000, 1.0000, 1.0000",False
7,594.95996,841.91998,rect,187.33120816253268,188.34655346422662,519.8570515552877,550.3174106061064,1.0153453016939409,30.460359050818624,True,False,"1.0000, 1.0000, 1.0000",#FFFFFF,"1.0000, 1.0000, 1.0000",False
7,594.95996,841.91998,rect,213.22251335572824,316.7877341285105,519.8570515552877,550.3174106061064,103.56522077278228,30.460359050818624,True,False,"0.9569, 0.9686, 0.9725",#F4F7F8,"0.9569, 0.9686, 0.9725",False
7,594.95996,841.91998,rect,213.22251335572824,214.23785865742218,519.8570515552877,550.3174106061064,1.0153453016939409,30.460359050818624,True,False,"1.0000, 1.0000, 1.0000",#FFFFFF,"1.0000, 1.0000, 1.0000",False
7,594.95996,841.91998,rect,239.1138185489238,240.12916385061774,519.8570515552877,550.3174106061064,1.0153453016939409,30.460359050818624,True,False,"1.0000, 1.0000, 1.0000",#FFFFFF,"1.0000, 1.0000, 1.0000",False
7,594.95996,841.91998,rect,265.0051237421194,266.0204690438133,519.8570515552877,550.3174106061064,1.0153453016939125,30.460359050818624,True,False,"1.0000, 1.0000, 1.0000",#FFFFFF,"1.0000, 1.0000, 1.0000",False
7,594.95996,841.91998,rect,290.89642893531493,291.9117742370089,519.8570515552877,550.3174106061064,1.0153453016939693,30.460359050818624,True,False,"1.0000, 1.0000, 1.0000",#FFFFFF,"1.0000, 1.0000, 1.0000",False
7,594.95996,841.91998,rect,316.7877341285105,420.35295490129283,519.8570515552877,550.3174106061064,103.56522077278231,30.460359050818624,True,False,"0.9569, 0.9686, 0.9725",#F4F7F8,"0.9569, 0.9686, 0.9725",False
7,594.95996,841.91998,rect,316.7877341285105,317.8030794302045,519.8570515552877,550.3174106061064,1.0153453016939693,30.460359050818624,True,False,"1.0000, 1.0000, 1.0000",#FFFFFF,"1.0000, 1.0000, 1.0000",False
7,594.95996,841.91998,rect,342.6790393217061,343.6943846234,519.8570515552877,550.3174106061064,1.0153453016939125,30.460359050818624,True,False,"1.0000, 1.0000, 1.0000",#FFFFFF,"1.0000, 1.0000, 1.0000",False
7,594.95996,841.91998,rect,368.57034451490165,369.5856898165956,519.8570515552877,550.3174106061064,1.0153453016939693,30.460359050818624,True,False,"1.0000, 1.0000, 1.0000",#FFFFFF,"1.0000, 1.0000, 1.0000",False
7,594.95996,841.91998,rect,394.46164970809724,395.4769950097912,519.8570515552877,550.3174106061064,1.0153453016939693,30.460359050818624,True,False,"1.0000, 1.0000, 1.0000",#FFFFFF,"1.0000, 1.0000, 1.0000",False
7,594.95996,841.91998,rect,420.35295490129283,523.9181756740751,519.8570515552877,550.3174106061064,103.56522077278225,30.460359050818624,True,False,"0.9569, 0.9686, 0.9725",#F4F7F8,"0.9569, 0.9686, 0.9725",False
7,594.95996,841.91998,rect,420.35295490129283,421.36830020298675,519.8570515552877,550.3174106061064,1.0153453016939125,30.460359050818624,True,False,"1.0000, 1.0000, 1.0000",#FFFFFF,"1.0000, 1.0000, 1.0000",False
7,594.95996,841.91998,rect,446.24426009448837,447.25960539618234,519.8570515552877,550.3174106061064,1.0153453016939693,30.460359050818624,True,False,"1.0000, 1.0000, 1.0000",#FFFFFF,"1.0000, 1.0000, 1.0000",False
7,594.95996,841.91998,rect,472.13556528768396,473.1509105893779,519.8570515552877,550.3174106061064,1.0153453016939125,30.460359050818624,True,False,"1.0000, 1.0000, 1.0000",#FFFFFF,"1.0000, 1.0000, 1.0000",False
7,594.95996,841.91998,rect,498.02687048087955,499.04221578257346,519.8570515552877,550.3174106061064,1.0153453016939125,30.460359050818624,True,False,"1.0000, 1.0000, 1.0000",#FFFFFF,"1.0000, 1.0000, 1.0000",False
7,594.95996,841.91998,rect,523.9181756740751,575.7007860604663,519.8570515552877,550.3174106061064,51.782610386391184,30.460359050818624,True,False,"0.9569, 0.9686, 0.9725",#F4F7F8,"0.9569, 0.9686, 0.9725",False
7,594.95996,841.91998,rect,523.9181756740751,524.933520975769,519.8570515552877,550.3174106061064,1.0153453016939693,30.460359050818624,True,False,"1.0000, 1.0000, 1.0000",#FFFFFF,"1.0000, 1.0000, 1.0000",False
7,594.95996,841.91998,rect,549.8094808672706,550.8248261689646,519.8570515552877,550.3174106061064,1.0153453016939693,30.460359050818624,True,False,"1.0000, 1.0000, 1.0000",#FFFFFF,"1.0000, 1.0000, 1.0000",False
7,594.95996,841.91998,rect,92.3964224541489,115.74936439310962,551.3327559078001,581.7931149586187,23.35294193896071,30.460359050818624,True,False,"0.9569, 0.9686, 0.9725",#F4F7F8,"0.9569, 0.9686, 0.9725",False
7,594.95996,841.91998,rect,92.3964224541489,93.41176775584285,551.3327559078001,581.7931149586187,1.0153453016939409,30.460359050818624,True,False,"1.0000, 1.0000, 1.0000",#FFFFFF,"1.0000, 1.0000, 1.0000",False
7,594.95996,841.91998,rect,115.74936439310962,161.43990296933708,551.3327559078001,581.7931149586187,45.69053857622747,30.460359050818624,True,False,"0.9569, 0.9686, 0.9725",#F4F7F8,"0.9569, 0.9686, 0.9725",False
7,594.95996,841.91998,rect,115.74936439310962,116.76470969480356,551.3327559078001,581.7931149586187,1.0153453016939409,30.460359050818624,True,False,"1.0000, 1.0000, 1.0000",#FFFFFF,"1.0000, 1.0000, 1.0000",False
7,594.95996,841.91998,rect,161.43990296933708,213.22251335572824,551.3327559078001,581.7931149586187,51.782610386391156,30.460359050818624,True,False,"0.9569, 0.9686, 0.9725",#F4F7F8,"0.9569, 0.9686, 0.9725",False
7,594.95996,841.91998,rect,161.43990296933708,162.45524827103105,551.3327559078001,581.7931149586187,1.0153453016939693,30.460359050818624,True,False,"1.0000, 1.0000, 1.0000",#FFFFFF,"1.0000, 1.0000, 1.0000",False
7,594.95996,841.91998,rect,187.33120816253268,188.34655346422662,551.3327559078001,581.7931149586187,1.0153453016939409,30.460359050818624,True,False,"1.0000, 1.0000, 1.0000",#FFFFFF,"1.0000, 1.0000, 1.0000",False
7,594.95996,841.91998,rect,213.22251335572824,316.7877341285105,551.3327559078001,581.7931149586187,103.56522077278228,30.460359050818624,True,False,"0.9569, 0.9686, 0.9725",#F4F7F8,"0.9569, 0.9686, 0.9725",False
7,594.95996,841.91998,rect,213.22251335572824,214.23785865742218,551.3327559078001,581.7931149586187,1.0153453016939409,30.460359050818624,True,False,"1.0000, 1.0000, 1.0000",#FFFFFF,"1.0000, 1.0000, 1.0000",False
7,594.95996,841.91998,rect,239.1138185489238,240.12916385061774,551.3327559078001,581.7931149586187,1.0153453016939409,30.460359050818624,True,False,"1.0000, 1.0000, 1.0000",#FFFFFF,"1.0000, 1.0000, 1.0000",False
7,594.95996,841.91998,rect,265.0051237421194,266.0204690438133,551.3327559078001,581.7931149586187,1.0153453016939125,30.460359050818624,True,False,"1.0000, 1.0000, 1.0000",#FFFFFF,"1.0000, 1.0000, 1.0000",False
7,594.95996,841.91998,rect,290.89642893531493,291.9117742370089,551.3327559078001,581.7931149586187,1.0153453016939693,30.460359050818624,True,False,"1.0000, 1.0000, 1.0000",#FFFFFF,"1.0000, 1.0000, 1.0000",False
7,594.95996,841.91998,rect,316.7877341285105,420.35295490129283,551.3327559078001,581.7931149586187,103.56522077278231,30.460359050818624,True,False,"0.9569, 0.9686, 0.9725",#F4F7F8,"0.9569, 0.9686, 0.9725",False
7,594.95996,841.91998,rect,316.7877341285105,317.8030794302045,551.3327559078001,581.7931149586187,1.0153453016939693,30.460359050818624,True,False,"1.0000, 1.0000, 1.0000",#FFFFFF,"1.0000, 1.0000, 1.0000",False
7,594.95996,841.91998,rect,342.6790393217061,343.6943846234,551.3327559078001,581.7931149586187,1.0153453016939125,30.460359050818624,True,False,"1.0000, 1.0000, 1.0000",#FFFFFF,"1.0000, 1.0000, 1.0000",False
7,594.95996,841.91998,rect,368.57034451490165,369.5856898165956,551.3327559078001,581.7931149586187,1.0153453016939693,30.460359050818624,True,False,"1.0000, 1.0000, 1.0000",#FFFFFF,"1.0000, 1.0000, 1.0000",False
7,594.95996,841.91998,rect,394.46164970809724,395.4769950097912,551.3327559078001,581.7931149586187,1.0153453016939693,30.460359050818624,True,False,"1.0000, 1.0000, 1.0000",#FFFFFF,"1.0000, 1.0000, 1.0000",False
7,594.95996,841.91998,rect,420.35295490129283,523.9181756740751,551.3327559078001,581.7931149586187,103.56522077278225,30.460359050818624,True,False,"0.9569, 0.9686, 0.9725",#F4F7F8,"0.9569, 0.9686, 0.9725",False
7,594.95996,841.91998,rect,420.35295490129283,421.36830020298675,551.3327559078001,581.7931149586187,1.0153453016939125,30.460359050818624,True,False,"1.0000, 1.0000, 1.0000",#FFFFFF,"1.0000, 1.0000, 1.0000",False
7,594.95996,841.91998,rect,446.24426009448837,447.25960539618234,551.3327559078001,581.7931149586187,1.0153453016939693,30.460359050818624,True,False,"1.0000, 1.0000, 1.0000",#FFFFFF,"1.0000, 1.0000, 1.0000",False
7,594.95996,841.91998,rect,472.13556528768396,473.1509105893779,551.3327559078001,581.7931149586187,1.0153453016939125,30.460359050818624,True,False,"1.0000, 1.0000, 1.0000",#FFFFFF,"1.0000, 1.0000, 1.0000",False
7,594.95996,841.91998,rect,498.02687048087955,499.04221578257346,551.3327559078001,581.7931149586187,1.0153453016939125,30.460359050818624,True,False,"1.0000, 1.0000, 1.0000",#FFFFFF,"1.0000, 1.0000, 1.0000",False
7,594.95996,841.91998,rect,523.9181756740751,575.7007860604663,551.3327559078001,581.7931149586187,51.782610386391184,30.460359050818624,True,False,"0.9569, 0.9686, 0.9725",#F4F7F8,"0.9569, 0.9686, 0.9725",False
7,594.95996,841.91998,rect,523.9181756740751,524.933520975769,551.3327559078001,581.7931149586187,1.0153453016939693,30.460359050818624,True,False,"1.0000, 1.0000, 1.0000",#FFFFFF,"1.0000, 1.0000, 1.0000",False
7,594.95996,841.91998,rect,549.8094808672706,550.8248261689646,551.3327559078001,581.7931149586187,1.0153453016939693,30.460359050818624,True,False,"1.0000, 1.0000, 1.0000",#FFFFFF,"1.0000, 1.0000, 1.0000",False
7,594.95996,841.91998,rect,92.3964224541489,115.74936439310962,582.8084602603125,613.2688193111311,23.35294193896071,30.460359050818624,True,False,"0.9569, 0.9686, 0.9725",#F4F7F8,"0.9569, 0.9686, 0.9725",False
7,594.95996,841.91998,rect,92.3964224541489,93.41176775584285,582.8084602603125,613.2688193111311,1.0153453016939409,30.460359050818624,True,False,"1.0000, 1.0000, 1.0000",#FFFFFF,"1.0000, 1.0000, 1.0000",False
7,594.95996,841.91998,rect,115.74936439310962,161.43990296933708,582.8084602603125,613.2688193111311,45.69053857622747,30.460359050818624,True,False,"0.9569, 0.9686, 0.9725",#F4F7F8,"0.9569, 0.9686, 0.9725",False
7,594.95996,841.91998,rect,115.74936439310962,116.76470969480356,582.8084602603125,613.2688193111311,1.0153453016939409,30.460359050818624,True,False,"1.0000, 1.0000, 1.0000",#FFFFFF,"1.0000, 1.0000, 1.0000",False
7,594.95996,841.91998,rect,161.43990296933708,213.22251335572824,582.8084602603125,613.2688193111311,51.782610386391156,30.460359050818624,True,False,"0.9569, 0.9686, 0.9725",#F4F7F8,"0.9569, 0.9686, 0.9725",False
7,594.95996,841.91998,rect,161.43990296933708,162.45524827103105,582.8084602603125,613.2688193111311,1.0153453016939693,30.460359050818624,True,False,"1.0000, 1.0000, 1.0000",#FFFFFF,"1.0000, 1.0000, 1.0000",False
7,594.95996,841.91998,rect,187.33120816253268,188.34655346422662,582.8084602603125,613.2688193111311,1.0153453016939409,30.460359050818624,True,False,"1.0000, 1.0000, 1.0000",#FFFFFF,"1.0000, 1.0000, 1.0000",False
7,594.95996,841.91998,rect,213.22251335572824,316.7877341285105,582.8084602603125,613.2688193111311,103.56522077278228,30.460359050818624,True,False,"0.9569, 0.9686, 0.9725",#F4F7F8,"0.9569, 0.9686, 0.9725",False
7,594.95996,841.91998,rect,213.22251335572824,214.23785865742218,582.8084602603125,613.2688193111311,1.0153453016939409,30.460359050818624,True,False,"1.0000, 1.0000, 1.0000",#FFFFFF,"1.0000, 1.0000, 1.0000",False
7,594.95996,841.91998,rect,239.1138185489238,240.12916385061774,582.8084602603125,613.2688193111311,1.0153453016939409,30.460359050818624,True,False,"1.0000, 1.0000, 1.0000",#FFFFFF,"1.0000, 1.0000, 1.0000",False
7,594.95996,841.91998,rect,265.0051237421194,266.0204690438133,582.8084602603125,613.2688193111311,1.0153453016939125,30.460359050818624,True,False,"1.0000, 1.0000, 1.0000",#FFFFFF,"1.0000, 1.0000, 1.0000",False
7,594.95996,841.91998,rect,290.89642893531493,291.9117742370089,582.8084602603125,613.2688193111311,1.0153453016939693,30.460359050818624,True,False,"1.0000, 1.0000, 1.0000",#FFFFFF,"1.0000, 1.0000, 1.0000",False
7,594.95996,841.91998,rect,316.7877341285105,420.35295490129283,582.8084602603125,613.2688193111311,103.56522077278231,30.460359050818624,True,False,"0.9569, 0.9686, 0.9725",#F4F7F8,"0.9569, 0.9686, 0.9725",False
7,594.95996,841.91998,rect,316.7877341285105,317.8030794302045,582.8084602603125,613.2688193111311,1.0153453016939693,30.460359050818624,True,False,"1.0000, 1.0000, 1.0000",#FFFFFF,"1.0000, 1.0000, 1.0000",False
7,594.95996,841.91998,rect,342.6790393217061,343.6943846234,582.8084602603125,613.2688193111311,1.0153453016939125,30.460359050818624,True,False,"1.0000, 1.0000, 1.0000",#FFFFFF,"1.0000, 1.0000, 1.0000",False
7,594.95996,841.91998,rect,368.57034451490165,369.5856898165956,582.8084602603125,613.2688193111311,1.0153453016939693,30.460359050818624,True,False,"1.0000, 1.0000, 1.0000",#FFFFFF,"1.0000, 1.0000, 1.0000",False
7,594.95996,841.91998,rect,394.46164970809724,395.4769950097912,582.8084602603125,613.2688193111311,1.0153453016939693,30.460359050818624,True,False,"1.0000, 1.0000, 1.0000",#FFFFFF,"1.0000, 1.0000, 1.0000",False
7,594.95996,841.91998,rect,420.35295490129283,523.9181756740751,582.8084602603125,613.2688193111311,103.56522077278225,30.460359050818624,True,False,"0.9569, 0.9686, 0.9725",#F4F7F8,"0.9569, 0.9686, 0.9725",False
7,594.95996,841.91998,rect,420.35295490129283,421.36830020298675,582.8084602603125,613.2688193111311,1.0153453016939125,30.460359050818624,True,False,"1.0000, 1.0000, 1.0000",#FFFFFF,"1.0000, 1.0000, 1.0000",False
7,594.95996,841.91998,rect,446.24426009448837,447.25960539618234,582.8084602603125,613.2688193111311,1.0153453016939693,30.460359050818624,True,False,"1.0000, 1.0000, 1.0000",#FFFFFF,"1.0000, 1.0000, 1.0000",False
7,594.95996,841.91998,rect,472.13556528768396,473.1509105893779,582.8084602603125,613.2688193111311,1.0153453016939125,30.460359050818624,True,False,"1.0000, 1.0000, 1.0000",#FFFFFF,"1.0000, 1.0000, 1.0000",False
7,594.95996,841.91998,rect,498.02687048087955,499.04221578257346,582.8084602603125,613.2688193111311,1.0153453016939125,30.460359050818624,True,False,"1.0000, 1.0000, 1.0000",#FFFFFF,"1.0000, 1.0000, 1.0000",False
7,594.95996,841.91998,rect,523.9181756740751,575.7007860604663,582.8084602603125,613.2688193111311,51.782610386391184,30.460359050818624,True,False,"0.9569, 0.9686, 0.9725",#F4F7F8,"0.9569, 0.9686, 0.9725",False
7,594.95996,841.91998,rect,523.9181756740751,524.933520975769,582.8084602603125,613.2688193111311,1.0153453016939693,30.460359050818624,True,False,"1.0000, 1.0000, 1.0000",#FFFFFF,"1.0000, 1.0000, 1.0000",False
7,594.95996,841.91998,rect,549.8094808672706,550.8248261689646,582.8084602603125,613.2688193111311,1.0153453016939693,30.460359050818624,True,False,"1.0000, 1.0000, 1.0000",#FFFFFF,"1.0000, 1.0000, 1.0000",False
7,594.95996,841.91998,rect,92.3964224541489,115.74936439310962,614.2841646128248,644.7445236636435,23.35294193896071,30.460359050818624,True,False,"0.9569, 0.9686, 0.9725",#F4F7F8,"0.9569, 0.9686, 0.9725",False
7,594.95996,841.91998,rect,92.3964224541489,93.41176775584285,614.2841646128248,644.7445236636435,1.0153453016939409,30.460359050818624,True,False,"1.0000, 1.0000, 1.0000",#FFFFFF,"1.0000, 1.0000, 1.0000",False
7,594.95996,841.91998,rect,115.74936439310962,161.43990296933708,614.2841646128248,644.7445236636435,45.69053857622747,30.460359050818624,True,False,"0.9569, 0.9686, 0.9725",#F4F7F8,"0.9569, 0.9686, 0.9725",False
7,594.95996,841.91998,rect,115.74936439310962,116.76470969480356,614.2841646128248,644.7445236636435,1.0153453016939409,30.460359050818624,True,False,"1.0000, 1.0000, 1.0000",#FFFFFF,"1.0000, 1.0000, 1.0000",False
7,594.95996,841.91998,rect,161.43990296933708,213.22251335572824,614.2841646128248,644.7445236636435,51.782610386391156,30.460359050818624,True,False,"0.9569, 0.9686, 0.9725",#F4F7F8,"0.9569, 0.9686, 0.9725",False
7,594.95996,841.91998,rect,161.43990296933708,162.45524827103105,614.2841646128248,644.7445236636435,1.0153453016939693,30.460359050818624,True,False,"1.0000, 1.0000, 1.0000",#FFFFFF,"1.0000, 1.0000, 1.0000",False
7,594.95996,841.91998,rect,187.33120816253268,188.34655346422662,614.2841646128248,644.7445236636435,1.0153453016939409,30.460359050818624,True,False,"1.0000, 1.0000, 1.0000",#FFFFFF,"1.0000, 1.0000, 1.0000",False
7,594.95996,841.91998,rect,213.22251335572824,316.7877341285105,614.2841646128248,644.7445236636435,103.56522077278228,30.460359050818624,True,False,"0.9569, 0.9686, 0.9725",#F4F7F8,"0.9569, 0.9686, 0.9725",False
7,594.95996,841.91998,rect,213.22251335572824,214.23785865742218,614.2841646128248,644.7445236636435,1.0153453016939409,30.460359050818624,True,False,"1.0000, 1.0000, 1.0000",#FFFFFF,"1.0000, 1.0000, 1.0000",False
7,594.95996,841.91998,rect,239.1138185489238,240.12916385061774,614.2841646128248,644.7445236636435,1.0153453016939409,30.460359050818624,True,False,"1.0000, 1.0000, 1.0000",#FFFFFF,"1.0000, 1.0000, 1.0000",False
7,594.95996,841.91998,rect,265.0051237421194,266.0204690438133,614.2841646128248,644.7445236636435,1.0153453016939125,30.460359050818624,True,False,"1.0000, 1.0000, 1.0000",#FFFFFF,"1.0000, 1.0000, 1.0000",False
7,594.95996,841.91998,rect,290.89642893531493,291.9117742370089,614.2841646128248,644.7445236636435,1.0153453016939693,30.460359050818624,True,False,"1.0000, 1.0000, 1.0000",#FFFFFF,"1.0000, 1.0000, 1.0000",False
7,594.95996,841.91998,rect,316.7877341285105,420.35295490129283,614.2841646128248,644.7445236636435,103.56522077278231,30.460359050818624,True,False,"0.9569, 0.9686, 0.9725",#F4F7F8,"0.9569, 0.9686, 0.9725",False
7,594.95996,841.91998,rect,316.7877341285105,317.8030794302045,614.2841646128248,644.7445236636435,1.0153453016939693,30.460359050818624,True,False,"1.0000, 1.0000, 1.0000",#FFFFFF,"1.0000, 1.0000, 1.0000",False
7,594.95996,841.91998,rect,342.6790393217061,343.6943846234,614.2841646128248,644.7445236636435,1.0153453016939125,30.460359050818624,True,False,"1.0000, 1.0000, 1.0000",#FFFFFF,"1.0000, 1.0000, 1.0000",False
7,594.95996,841.91998,rect,368.57034451490165,369.5856898165956,614.2841646128248,644.7445236636435,1.0153453016939693,30.460359050818624,True,False,"1.0000, 1.0000, 1.0000",#FFFFFF,"1.0000, 1.0000, 1.0000",False
7,594.95996,841.91998,rect,394.46164970809724,395.4769950097912,614.2841646128248,644.7445236636435,1.0153453016939693,30.460359050818624,True,False,"1.0000, 1.0000, 1.0000",#FFFFFF,"1.0000, 1.0000, 1.0000",False
7,594.95996,841.91998,rect,420.35295490129283,523.9181756740751,614.2841646128248,644.7445236636435,103.56522077278225,30.460359050818624,True,False,"0.9569, 0.9686, 0.9725",#F4F7F8,"0.9569, 0.9686, 0.9725",False
7,594.95996,841.91998,rect,420.35295490129283,421.36830020298675,614.2841646128248,644.7445236636435,1.0153453016939125,30.460359050818624,True,False,"1.0000, 1.0000, 1.0000",#FFFFFF,"1.0000, 1.0000, 1.0000",False
7,594.95996,841.91998,rect,446.24426009448837,447.25960539618234,614.2841646128248,644.7445236636435,1.0153453016939693,30.460359050818624,True,False,"1.0000, 1.0000, 1.0000",#FFFFFF,"1.0000, 1.0000, 1.0000",False
7,594.95996,841.91998,rect,472.13556528768396,473.1509105893779,614.2841646128248,644.7445236636435,1.0153453016939125,30.460359050818624,True,False,"1.0000, 1.0000, 1.0000",#FFFFFF,"1.0000, 1.0000, 1.0000",False
7,594.95996,841.91998,rect,498.02687048087955,499.04221578257346,614.2841646128248,644.7445236636435,1.0153453016939125,30.460359050818624,True,False,"1.0000, 1.0000, 1.0000",#FFFFFF,"1.0000, 1.0000, 1.0000",False
7,594.95996,841.91998,rect,523.9181756740751,575.7007860604663,614.2841646128248,644.7445236636435,51.782610386391184,30.460359050818624,True,False,"0.9569, 0.9686, 0.9725",#F4F7F8,"0.9569, 0.9686, 0.9725",False
7,594.95996,841.91998,rect,523.9181756740751,524.933520975769,614.2841646128248,644.7445236636435,1.0153453016939693,30.460359050818624,True,False,"1.0000, 1.0000, 1.0000",#FFFFFF,"1.0000, 1.0000, 1.0000",False
7,594.95996,841.91998,rect,549.8094808672706,550.8248261689646,614.2841646128248,644.7445236636435,1.0153453016939693,30.460359050818624,True,False,"1.0000, 1.0000, 1.0000",#FFFFFF,"1.0000, 1.0000, 1.0000",False
7,594.95996,841.91998,rect,92.3964224541489,115.74936439310962,645.7598689653372,676.2202280161558,23.35294193896071,30.460359050818624,True,False,"0.9569, 0.9686, 0.9725",#F4F7F8,"0.9569, 0.9686, 0.9725",False
7,594.95996,841.91998,rect,92.3964224541489,93.41176775584285,645.7598689653372,676.2202280161558,1.0153453016939409,30.460359050818624,True,False,"1.0000, 1.0000, 1.0000",#FFFFFF,"1.0000, 1.0000, 1.0000",False
7,594.95996,841.91998,rect,115.74936439310962,161.43990296933708,645.7598689653372,676.2202280161558,45.69053857622747,30.460359050818624,True,False,"0.9569, 0.9686, 0.9725",#F4F7F8,"0.9569, 0.9686, 0.9725",False
7,594.95996,841.91998,rect,115.74936439310962,116.76470969480356,645.7598689653372,676.2202280161558,1.0153453016939409,30.460359050818624,True,False,"1.0000, 1.0000, 1.0000",#FFFFFF,"1.0000, 1.0000, 1.0000",False
7,594.95996,841.91998,rect,161.43990296933708,213.22251335572824,645.7598689653372,676.2202280161558,51.782610386391156,30.460359050818624,True,False,"0.9569, 0.9686, 0.9725",#F4F7F8,"0.9569, 0.9686, 0.9725",False
7,594.95996,841.91998,rect,161.43990296933708,162.45524827103105,645.7598689653372,676.2202280161558,1.0153453016939693,30.460359050818624,True,False,"1.0000, 1.0000, 1.0000",#FFFFFF,"1.0000, 1.0000, 1.0000",False
7,594.95996,841.91998,rect,187.33120816253268,188.34655346422662,645.7598689653372,676.2202280161558,1.0153453016939409,30.460359050818624,True,False,"1.0000, 1.0000, 1.0000",#FFFFFF,"1.0000, 1.0000, 1.0000",False
7,594.95996,841.91998,rect,213.22251335572824,316.7877341285105,645.7598689653372,676.2202280161558,103.56522077278228,30.460359050818624,True,False,"0.9569, 0.9686, 0.9725",#F4F7F8,"0.9569, 0.9686, 0.9725",False
7,594.95996,841.91998,rect,213.22251335572824,214.23785865742218,645.7598689653372,676.2202280161558,1.0153453016939409,30.460359050818624,True,False,"1.0000, 1.0000, 1.0000",#FFFFFF,"1.0000, 1.0000, 1.0000",False
7,594.95996,841.91998,rect,239.1138185489238,240.12916385061774,645.7598689653372,676.2202280161558,1.0153453016939409,30.460359050818624,True,False,"1.0000, 1.0000, 1.0000",#FFFFFF,"1.0000, 1.0000, 1.0000",False
7,594.95996,841.91998,rect,265.0051237421194,266.0204690438133,645.7598689653372,676.2202280161558,1.0153453016939125,30.460359050818624,True,False,"1.0000, 1.0000, 1.0000",#FFFFFF,"1.0000, 1.0000, 1.0000",False
7,594.95996,841.91998,rect,290.89642893531493,291.9117742370089,645.7598689653372,676.2202280161558,1.0153453016939693,30.460359050818624,True,False,"1.0000, 1.0000, 1.0000",#FFFFFF,"1.0000, 1.0000, 1.0000",False
7,594.95996,841.91998,rect,316.7877341285105,420.35295490129283,645.7598689653372,676.2202280161558,103.56522077278231,30.460359050818624,True,False,"0.9569, 0.9686, 0.9725",#F4F7F8,"0.9569, 0.9686, 0.9725",False
7,594.95996,841.91998,rect,316.7877341285105,317.8030794302045,645.7598689653372,676.2202280161558,1.0153453016939693,30.460359050818624,True,False,"1.0000, 1.0000, 1.0000",#FFFFFF,"1.0000, 1.0000, 1.0000",False
7,594.95996,841.91998,rect,342.6790393217061,343.6943846234,645.7598689653372,676.2202280161558,1.0153453016939125,30.460359050818624,True,False,"1.0000, 1.0000, 1.0000",#FFFFFF,"1.0000, 1.0000, 1.0000",False
7,594.95996,841.91998,rect,368.57034451490165,369.5856898165956,645.7598689653372,676.2202280161558,1.0153453016939693,30.460359050818624,True,False,"1.0000, 1.0000, 1.0000",#FFFFFF,"1.0000, 1.0000, 1.0000",False
7,594.95996,841.91998,rect,394.46164970809724,395.4769950097912,645.7598689653372,676.2202280161558,1.0153453016939693,30.460359050818624,True,False,"1.0000, 1.0000, 1.0000",#FFFFFF,"1.0000, 1.0000, 1.0000",False
7,594.95996,841.91998,rect,420.35295490129283,523.9181756740751,645.7598689653372,676.2202280161558,103.56522077278225,30.460359050818624,True,False,"0.9569, 0.9686, 0.9725",#F4F7F8,"0.9569, 0.9686, 0.9725",False
7,594.95996,841.91998,rect,420.35295490129283,421.36830020298675,645.7598689653372,676.2202280161558,1.0153453016939125,30.460359050818624,True,False,"1.0000, 1.0000, 1.0000",#FFFFFF,"1.0000, 1.0000, 1.0000",False
7,594.95996,841.91998,rect,446.24426009448837,447.25960539618234,645.7598689653372,676.2202280161558,1.0153453016939693,30.460359050818624,True,False,"1.0000, 1.0000, 1.0000",#FFFFFF,"1.0000, 1.0000, 1.0000",False
7,594.95996,841.91998,rect,472.13556528768396,473.1509105893779,645.7598689653372,676.2202280161558,1.0153453016939125,30.460359050818624,True,False,"1.0000, 1.0000, 1.0000",#FFFFFF,"1.0000, 1.0000, 1.0000",False
7,594.95996,841.91998,rect,498.02687048087955,499.04221578257346,645.7598689653372,676.2202280161558,1.0153453016939125,30.460359050818624,True,False,"1.0000, 1.0000, 1.0000",#FFFFFF,"1.0000, 1.0000, 1.0000",False
7,594.95996,841.91998,rect,523.9181756740751,575.7007860604663,645.7598689653372,676.2202280161558,51.782610386391184,30.460359050818624,True,False,"0.9569, 0.9686, 0.9725",#F4F7F8,"0.9569, 0.9686, 0.9725",False
7,594.95996,841.91998,rect,523.9181756740751,524.933520975769,645.7598689653372,676.2202280161558,1.0153453016939693,30.460359050818624,True,False,"1.0000, 1.0000, 1.0000",#FFFFFF,"1.0000, 1.0000, 1.0000",False
7,594.95996,841.91998,rect,549.8094808672706,550.8248261689646,645.7598689653372,676.2202280161558,1.0153453016939693,30.460359050818624,True,False,"1.0000, 1.0000, 1.0000",#FFFFFF,"1.0000, 1.0000, 1.0000",False
7,594.95996,841.91998,rect,92.3964224541489,115.74936439310962,677.2355733178496,707.6959323686682,23.35294193896071,30.460359050818624,True,False,"0.9569, 0.9686, 0.9725",#F4F7F8,"0.9569, 0.9686, 0.9725",False
7,594.95996,841.91998,rect,92.3964224541489,93.41176775584285,677.2355733178496,707.6959323686682,1.0153453016939409,30.460359050818624,True,False,"1.0000, 1.0000, 1.0000",#FFFFFF,"1.0000, 1.0000, 1.0000",False
7,594.95996,841.91998,rect,115.74936439310962,161.43990296933708,677.2355733178496,707.6959323686682,45.69053857622747,30.460359050818624,True,False,"0.9569, 0.9686, 0.9725",#F4F7F8,"0.9569, 0.9686, 0.9725",False
7,594.95996,841.91998,rect,115.74936439310962,116.76470969480356,677.2355733178496,707.6959323686682,1.0153453016939409,30.460359050818624,True,False,"1.0000, 1.0000, 1.0000",#FFFFFF,"1.0000, 1.0000, 1.0000",False
7,594.95996,841.91998,rect,161.43990296933708,213.22251335572824,677.2355733178496,707.6959323686682,51.782610386391156,30.460359050818624,True,False,"0.9569, 0.9686, 0.9725",#F4F7F8,"0.9569, 0.9686, 0.9725",False
7,594.95996,841.91998,rect,161.43990296933708,162.45524827103105,677.2355733178496,707.6959323686682,1.0153453016939693,30.460359050818624,True,False,"1.0000, 1.0000, 1.0000",#FFFFFF,"1.0000, 1.0000, 1.0000",False
7,594.95996,841.91998,rect,187.33120816253268,188.34655346422662,677.2355733178496,707.6959323686682,1.0153453016939409,30.460359050818624,True,False,"1.0000, 1.0000, 1.0000",#FFFFFF,"1.0000, 1.0000, 1.0000",False
7,594.95996,841.91998,rect,213.22251335572824,316.7877341285105,677.2355733178496,707.6959323686682,103.56522077278228,30.460359050818624,True,False,"0.9569, 0.9686, 0.9725",#F4F7F8,"0.9569, 0.9686, 0.9725",False
7,594.95996,841.91998,rect,213.22251335572824,214.23785865742218,677.2355733178496,707.6959323686682,1.0153453016939409,30.460359050818624,True,False,"1.0000, 1.0000, 1.0000",#FFFFFF,"1.0000, 1.0000, 1.0000",False
7,594.95996,841.91998,rect,239.1138185489238,240.12916385061774,677.2355733178496,707.6959323686682,1.0153453016939409,30.460359050818624,True,False,"1.0000, 1.0000, 1.0000",#FFFFFF,"1.0000, 1.0000, 1.0000",False
7,594.95996,841.91998,rect,265.0051237421194,266.0204690438133,677.2355733178496,707.6959323686682,1.0153453016939125,30.460359050818624,True,False,"1.0000, 1.0000, 1.0000",#FFFFFF,"1.0000, 1.0000, 1.0000",False
7,594.95996,841.91998,rect,290.89642893531493,291.9117742370089,677.2355733178496,707.6959323686682,1.0153453016939693,30.460359050818624,True,False,"1.0000, 1.0000, 1.0000",#FFFFFF,"1.0000, 1.0000, 1.0000",False
7,594.95996,841.91998,rect,316.7877341285105,420.35295490129283,677.2355733178496,707.6959323686682,103.56522077278231,30.460359050818624,True,False,"0.9569, 0.9686, 0.9725",#F4F7F8,"0.9569, 0.9686, 0.9725",False
7,594.95996,841.91998,rect,316.7877341285105,317.8030794302045,677.2355733178496,707.6959323686682,1.0153453016939693,30.460359050818624,True,False,"1.0000, 1.0000, 1.0000",#FFFFFF,"1.0000, 1.0000, 1.0000",False
7,594.95996,841.91998,rect,342.6790393217061,343.6943846234,677.2355733178496,707.6959323686682,1.0153453016939125,30.460359050818624,True,False,"1.0000, 1.0000, 1.0000",#FFFFFF,"1.0000, 1.0000, 1.0000",False
7,594.95996,841.91998,rect,368.57034451490165,369.5856898165956,677.2355733178496,707.6959323686682,1.0153453016939693,30.460359050818624,True,False,"1.0000, 1.0000, 1.0000",#FFFFFF,"1.0000, 1.0000, 1.0000",False
7,594.95996,841.91998,rect,394.46164970809724,395.4769950097912,677.2355733178496,707.6959323686682,1.0153453016939693,30.460359050818624,True,False,"1.0000, 1.0000, 1.0000",#FFFFFF,"1.0000, 1.0000, 1.0000",False
7,594.95996,841.91998,rect,420.35295490129283,523.9181756740751,677.2355733178496,707.6959323686682,103.56522077278225,30.460359050818624,True,False,"0.9569, 0.9686, 0.9725",#F4F7F8,"0.9569, 0.9686, 0.9725",False
7,594.95996,841.91998,rect,420.35295490129283,421.36830020298675,677.2355733178496,707.6959323686682,1.0153453016939125,30.460359050818624,True,False,"1.0000, 1.0000, 1.0000",#FFFFFF,"1.0000, 1.0000, 1.0000",False
7,594.95996,841.91998,rect,446.24426009448837,447.25960539618234,677.2355733178496,707.6959323686682,1.0153453016939693,30.460359050818624,True,False,"1.0000, 1.0000, 1.0000",#FFFFFF,"1.0000, 1.0000, 1.0000",False
7,594.95996,841.91998,rect,472.13556528768396,473.1509105893779,677.2355733178496,707.6959323686682,1.0153453016939125,30.460359050818624,True,False,"1.0000, 1.0000, 1.0000",#FFFFFF,"1.0000, 1.0000, 1.0000",False
7,594.95996,841.91998,rect,498.02687048087955,499.04221578257346,677.2355733178496,707.6959323686682,1.0153453016939125,30.460359050818624,True,False,"1.0000, 1.0000, 1.0000",#FFFFFF,"1.0000, 1.0000, 1.0000",False
7,594.95996,841.91998,rect,523.9181756740751,575.7007860604663,677.2355733178496,707.6959323686682,51.782610386391184,30.460359050818624,True,False,"0.9569, 0.9686, 0.9725",#F4F7F8,"0.9569, 0.9686, 0.9725",False
7,594.95996,841.91998,rect,523.9181756740751,524.933520975769,677.2355733178496,707.6959323686682,1.0153453016939693,30.460359050818624,True,False,"1.0000, 1.0000, 1.0000",#FFFFFF,"1.0000, 1.0000, 1.0000",False
7,594.95996,841.91998,rect,549.8094808672706,550.8248261689646,677.2355733178496,707.6959323686682,1.0153453016939693,30.460359050818624,True,False,"1.0000, 1.0000, 1.0000",#FFFFFF,"1.0000, 1.0000, 1.0000",False
7,594.95996,841.91998,rect,92.3964224541489,115.74936439310962,708.7112776703619,739.1716367211797,23.35294193896071,30.460359050817715,True,False,"0.9569, 0.9686, 0.9725",#F4F7F8,"0.9569, 0.9686, 0.9725",False
7,594.95996,841.91998,rect,92.3964224541489,93.41176775584285,708.7112776703619,739.1716367211797,1.0153453016939409,30.460359050817715,True,False,"1.0000, 1.0000, 1.0000",#FFFFFF,"1.0000, 1.0000, 1.0000",False
7,594.95996,841.91998,rect,115.74936439310962,161.43990296933708,708.7112776703619,739.1716367211797,45.69053857622747,30.460359050817715,True,False,"0.9569, 0.9686, 0.9725",#F4F7F8,"0.9569, 0.9686, 0.9725",False
7,594.95996,841.91998,rect,115.74936439310962,116.76470969480356,708.7112776703619,739.1716367211797,1.0153453016939409,30.460359050817715,True,False,"1.0000, 1.0000, 1.0000",#FFFFFF,"1.0000, 1.0000, 1.0000",False
7,594.95996,841.91998,rect,161.43990296933708,213.22251335572824,708.7112776703619,739.1716367211797,51.782610386391156,30.460359050817715,True,False,"0.9569, 0.9686, 0.9725",#F4F7F8,"0.9569, 0.9686, 0.9725",False
7,594.95996,841.91998,rect,161.43990296933708,162.45524827103105,708.7112776703619,739.1716367211797,1.0153453016939693,30.460359050817715,True,False,"1.0000, 1.0000, 1.0000",#FFFFFF,"1.0000, 1.0000, 1.0000",False
7,594.95996,841.91998,rect,187.33120816253268,188.34655346422662,708.7112776703619,739.1716367211797,1.0153453016939409,30.460359050817715,True,False,"1.0000, 1.0000, 1.0000",#FFFFFF,"1.0000, 1.0000, 1.0000",False
7,594.95996,841.91998,rect,213.22251335572824,316.7877341285105,708.7112776703619,739.1716367211797,103.56522077278228,30.460359050817715,True,False,"0.9569, 0.9686, 0.9725",#F4F7F8,"0.9569, 0.9686, 0.9725",False
7,594.95996,841.91998,rect,213.22251335572824,214.23785865742218,708.7112776703619,739.1716367211797,1.0153453016939409,30.460359050817715,True,False,"1.0000, 1.0000, 1.0000",#FFFFFF,"1.0000, 1.0000, 1.0000",False
7,594.95996,841.91998,rect,239.1138185489238,240.12916385061774,708.7112776703619,739.1716367211797,1.0153453016939409,30.460359050817715,True,False,"1.0000, 1.0000, 1.0000",#FFFFFF,"1.0000, 1.0000, 1.0000",False
7,594.95996,841.91998,rect,265.0051237421194,266.0204690438133,708.7112776703619,739.1716367211797,1.0153453016939125,30.460359050817715,True,False,"1.0000, 1.0000, 1.0000",#FFFFFF,"1.0000, 1.0000, 1.0000",False
7,594.95996,841.91998,rect,290.89642893531493,291.9117742370089,708.7112776703619,739.1716367211797,1.0153453016939693,30.460359050817715,True,False,"1.0000, 1.0000, 1.0000",#FFFFFF,"1.0000, 1.0000, 1.0000",False
7,594.95996,841.91998,rect,316.7877341285105,420.35295490129283,708.7112776703619,739.1716367211797,103.56522077278231,30.460359050817715,True,False,"0.9569, 0.9686, 0.9725",#F4F7F8,"0.9569, 0.9686, 0.9725",False
7,594.95996,841.91998,rect,316.7877341285105,317.8030794302045,708.7112776703619,739.1716367211797,1.0153453016939693,30.460359050817715,True,False,"1.0000, 1.0000, 1.0000",#FFFFFF,"1.0000, 1.0000, 1.0000",False
7,594.95996,841.91998,rect,342.6790393217061,343.6943846234,708.7112776703619,739.1716367211797,1.0153453016939125,30.460359050817715,True,False,"1.0000, 1.0000, 1.0000",#FFFFFF,"1.0000, 1.0000, 1.0000",False
7,594.95996,841.91998,rect,368.57034451490165,369.5856898165956,708.7112776703619,739.1716367211797,1.0153453016939693,30.460359050817715,True,False,"1.0000, 1.0000, 1.0000",#FFFFFF,"1.0000, 1.0000, 1.0000",False
7,594.95996,841.91998,rect,394.46164970809724,395.4769950097912,708.7112776703619,739.1716367211797,1.0153453016939693,30.460359050817715,True,False,"1.0000, 1.0000, 1.0000",#FFFFFF,"1.0000, 1.0000, 1.0000",False
7,594.95996,841.91998,rect,420.35295490129283,523.9181756740751,708.7112776703619,739.1716367211797,103.56522077278225,30.460359050817715,True,False,"0.9569, 0.9686, 0.9725",#F4F7F8,"0.9569, 0.9686, 0.9725",False
7,594.95996,841.91998,rect,420.35295490129283,421.36830020298675,708.7112776703619,739.1716367211797,1.0153453016939125,30.460359050817715,True,False,"1.0000, 1.0000, 1.0000",#FFFFFF,"1.0000, 1.0000, 1.0000",False
7,594.95996,841.91998,rect,446.24426009448837,447.25960539618234,708.7112776703619,739.1716367211797,1.0153453016939693,30.460359050817715,True,False,"1.0000, 1.0000, 1.0000",#FFFFFF,"1.0000, 1.0000, 1.0000",False
7,594.95996,841.91998,rect,472.13556528768396,473.1509105893779,708.7112776703619,739.1716367211797,1.0153453016939125,30.460359050817715,True,False,"1.0000, 1.0000, 1.0000",#FFFFFF,"1.0000, 1.0000, 1.0000",False
7,594.95996,841.91998,rect,498.02687048087955,499.04221578257346,708.7112776703619,739.1716367211797,1.0153453016939125,30.460359050817715,True,False,"1.0000, 1.0000, 1.0000",#FFFFFF,"1.0000, 1.0000, 1.0000",False
7,594.95996,841.91998,rect,523.9181756740751,575.7007860604663,708.7112776703619,739.1716367211797,51.782610386391184,30.460359050817715,True,False,"0.9569, 0.9686, 0.9725",#F4F7F8,"0.9569, 0.9686, 0.9725",False
7,594.95996,841.91998,rect,523.9181756740751,524.933520975769,708.7112776703619,739.1716367211797,1.0153453016939693,30.460359050817715,True,False,"1.0000, 1.0000, 1.0000",#FFFFFF,"1.0000, 1.0000, 1.0000",False
7,594.95996,841.91998,rect,549.8094808672706,550.8248261689646,708.7112776703619,739.1716367211797,1.0153453016939693,30.460359050817715,True,False,"1.0000, 1.0000, 1.0000",#FFFFFF,"1.0000, 1.0000, 1.0000",False
7,594.95996,841.91998,rect,92.3964224541489,115.74936439310962,740.1869820228743,770.647341073692,23.35294193896071,30.460359050817715,True,False,"0.9569, 0.9686, 0.9725",#F4F7F8,"0.9569, 0.9686, 0.9725",False
7,594.95996,841.91998,rect,92.3964224541489,93.41176775584285,740.1869820228743,770.647341073692,1.0153453016939409,30.460359050817715,True,False,"1.0000, 1.0000, 1.0000",#FFFFFF,"1.0000, 1.0000, 1.0000",False
7,594.95996,841.91998,rect,115.74936439310962,161.43990296933708,740.1869820228743,770.647341073692,45.69053857622747,30.460359050817715,True,False,"0.9569, 0.9686, 0.9725",#F4F7F8,"0.9569, 0.9686, 0.9725",False
7,594.95996,841.91998,rect,115.74936439310962,116.76470969480356,740.1869820228743,770.647341073692,1.0153453016939409,30.460359050817715,True,False,"1.0000, 1.0000, 1.0000",#FFFFFF,"1.0000, 1.0000, 1.0000",False
7,594.95996,841.91998,rect,161.43990296933708,213.22251335572824,740.1869820228743,770.647341073692,51.782610386391156,30.460359050817715,True,False,"0.9569, 0.9686, 0.9725",#F4F7F8,"0.9569, 0.9686, 0.9725",False
7,594.95996,841.91998,rect,161.43990296933708,162.45524827103105,740.1869820228743,770.647341073692,1.0153453016939693,30.460359050817715,True,False,"1.0000, 1.0000, 1.0000",#FFFFFF,"1.0000, 1.0000, 1.0000",False
7,594.95996,841.91998,rect,187.33120816253268,188.34655346422662,740.1869820228743,770.647341073692,1.0153453016939409,30.460359050817715,True,False,"1.0000, 1.0000, 1.0000",#FFFFFF,"1.0000, 1.0000, 1.0000",False
7,594.95996,841.91998,rect,213.22251335572824,316.7877341285105,740.1869820228743,770.647341073692,103.56522077278228,30.460359050817715,True,False,"0.9569, 0.9686, 0.9725",#F4F7F8,"0.9569, 0.9686, 0.9725",False
7,594.95996,841.91998,rect,213.22251335572824,214.23785865742218,740.1869820228743,770.647341073692,1.0153453016939409,30.460359050817715,True,False,"1.0000, 1.0000, 1.0000",#FFFFFF,"1.0000, 1.0000, 1.0000",False
7,594.95996,841.91998,rect,239.1138185489238,240.12916385061774,740.1869820228743,770.647341073692,1.0153453016939409,30.460359050817715,True,False,"1.0000, 1.0000, 1.0000",#FFFFFF,"1.0000, 1.0000, 1.0000",False
7,594.95996,841.91998,rect,265.0051237421194,266.0204690438133,740.1869820228743,770.647341073692,1.0153453016939125,30.460359050817715,True,False,"1.0000, 1.0000, 1.0000",#FFFFFF,"1.0000, 1.0000, 1.0000",False
7,594.95996,841.91998,rect,290.89642893531493,291.9117742370089,740.1869820228743,770.647341073692,1.0153453016939693,30.460359050817715,True,False,"1.0000, 1.0000, 1.0000",#FFFFFF,"1.0000, 1.0000, 1.0000",False
7,594.95996,841.91998,rect,316.7877341285105,420.35295490129283,740.1869820228743,770.647341073692,103.56522077278231,30.460359050817715,True,False,"0.9569, 0.9686, 0.9725",#F4F7F8,"0.9569, 0.9686, 0.9725",False
7,594.95996,841.91998,rect,316.7877341285105,317.8030794302045,740.1869820228743,770.647341073692,1.0153453016939693,30.460359050817715,True,False,"1.0000, 1.0000, 1.0000",#FFFFFF,"1.0000, 1.0000, 1.0000",False
7,594.95996,841.91998,rect,342.6790393217061,343.6943846234,740.1869820228743,770.647341073692,1.0153453016939125,30.460359050817715,True,False,"1.0000, 1.0000, 1.0000",#FFFFFF,"1.0000, 1.0000, 1.0000",False
7,594.95996,841.91998,rect,368.57034451490165,369.5856898165956,740.1869820228743,770.647341073692,1.0153453016939693,30.460359050817715,True,False,"1.0000, 1.0000, 1.0000",#FFFFFF,"1.0000, 1.0000, 1.0000",False
7,594.95996,841.91998,rect,394.46164970809724,395.4769950097912,740.1869820228743,770.647341073692,1.0153453016939693,30.460359050817715,True,False,"1.0000, 1.0000, 1.0000",#FFFFFF,"1.0000, 1.0000, 1.0000",False
7,594.95996,841.91998,rect,420.35295490129283,523.9181756740751,740.1869820228743,770.647341073692,103.56522077278225,30.460359050817715,True,False,"0.9569, 0.9686, 0.9725",#F4F7F8,"0.9569, 0.9686, 0.9725",False
7,594.95996,841.91998,rect,420.35295490129283,421.36830020298675,740.1869820228743,770.647341073692,1.0153453016939125,30.460359050817715,True,False,"1.0000, 1.0000, 1.0000",#FFFFFF,"1.0000, 1.0000, 1.0000",False
7,594.95996,841.91998,rect,446.24426009448837,447.25960539618234,740.1869820228743,770.647341073692,1.0153453016939693,30.460359050817715,True,False,"1.0000, 1.0000, 1.0000",#FFFFFF,"1.0000, 1.0000, 1.0000",False
7,594.95996,841.91998,rect,472.13556528768396,473.1509105893779,740.1869820228743,770.647341073692,1.0153453016939125,30.460359050817715,True,False,"1.0000, 1.0000, 1.0000",#FFFFFF,"1.0000, 1.0000, 1.0000",False
7,594.95996,841.91998,rect,498.02687048087955,499.04221578257346,740.1869820228743,770.647341073692,1.0153453016939125,30.460359050817715,True,False,"1.0000, 1.0000, 1.0000",#FFFFFF,"1.0000, 1.0000, 1.0000",False
7,594.95996,841.91998,rect,523.9181756740751,575.7007860604663,740.1869820228743,770.647341073692,51.782610386391184,30.460359050817715,True,False,"0.9569, 0.9686, 0.9725",#F4F7F8,"0.9569, 0.9686, 0.9725",False
7,594.95996,841.91998,rect,523.9181756740751,524.933520975769,740.1869820228743,770.647341073692,1.0153453016939693,30.460359050817715,True,False,"1.0000, 1.0000, 1.0000",#FFFFFF,"1.0000, 1.0000, 1.0000",False
7,594.95996,841.91998,rect,549.8094808672706,550.8248261689646,740.1869820228743,770.647341073692,1.0153453016939693,30.460359050817715,True,False,"1.0000, 1.0000, 1.0000",#FFFFFF,"1.0000, 1.0000, 1.0000",False
7,594.95996,841.91998,rect,92.3964224541489,115.74936439310962,771.6626863753867,802.1230454262044,23.35294193896071,30.460359050817715,True,False,"0.9569, 0.9686, 0.9725",#F4F7F8,"0.9569, 0.9686, 0.9725",False
7,594.95996,841.91998,rect,92.3964224541489,93.41176775584285,771.6626863753867,802.1230454262044,1.0153453016939409,30.460359050817715,True,False,"1.0000, 1.0000, 1.0000",#FFFFFF,"1.0000, 1.0000, 1.0000",False
7,594.95996,841.91998,rect,115.74936439310962,161.43990296933708,771.6626863753867,802.1230454262044,45.69053857622747,30.460359050817715,True,False,"0.9569, 0.9686, 0.9725",#F4F7F8,"0.9569, 0.9686, 0.9725",False
7,594.95996,841.91998,rect,115.74936439310962,116.76470969480356,771.6626863753867,802.1230454262044,1.0153453016939409,30.460359050817715,True,False,"1.0000, 1.0000, 1.0000",#FFFFFF,"1.0000, 1.0000, 1.0000",False
7,594.95996,841.91998,rect,161.43990296933708,213.22251335572824,771.6626863753867,802.1230454262044,51.782610386391156,30.460359050817715,True,False,"0.9569, 0.9686, 0.9725",#F4F7F8,"0.9569, 0.9686, 0.9725",False
7,594.95996,841.91998,rect,161.43990296933708,162.45524827103105,771.6626863753867,802.1230454262044,1.0153453016939693,30.460359050817715,True,False,"1.0000, 1.0000, 1.0000",#FFFFFF,"1.0000, 1.0000, 1.0000",False
7,594.95996,841.91998,rect,187.33120816253268,188.34655346422662,771.6626863753867,802.1230454262044,1.0153453016939409,30.460359050817715,True,False,"1.0000, 1.0000, 1.0000",#FFFFFF,"1.0000, 1.0000, 1.0000",False
7,594.95996,841.91998,rect,213.22251335572824,316.7877341285105,771.6626863753867,802.1230454262044,103.56522077278228,30.460359050817715,True,False,"0.9569, 0.9686, 0.9725",#F4F7F8,"0.9569, 0.9686, 0.9725",False
7,594.95996,841.91998,rect,213.22251335572824,214.23785865742218,771.6626863753867,802.1230454262044,1.0153453016939409,30.460359050817715,True,False,"1.0000, 1.0000, 1.0000",#FFFFFF,"1.0000, 1.0000, 1.0000",False
7,594.95996,841.91998,rect,239.1138185489238,240.12916385061774,771.6626863753867,802.1230454262044,1.0153453016939409,30.460359050817715,True,False,"1.0000, 1.0000, 1.0000",#FFFFFF,"1.0000, 1.0000, 1.0000",False
7,594.95996,841.91998,rect,265.0051237421194,266.0204690438133,771.6626863753867,802.1230454262044,1.0153453016939125,30.460359050817715,True,False,"1.0000, 1.0000, 1.0000",#FFFFFF,"1.0000, 1.0000, 1.0000",False
7,594.95996,841.91998,rect,290.89642893531493,291.9117742370089,771.6626863753867,802.1230454262044,1.0153453016939693,30.460359050817715,True,False,"1.0000, 1.0000, 1.0000",#FFFFFF,"1.0000, 1.0000, 1.0000",False
7,594.95996,841.91998,rect,316.7877341285105,420.35295490129283,771.6626863753867,802.1230454262044,103.56522077278231,30.460359050817715,True,False,"0.9569, 0.9686, 0.9725",#F4F7F8,"0.9569, 0.9686, 0.9725",False
7,594.95996,841.91998,rect,316.7877341285105,317.8030794302045,771.6626863753867,802.1230454262044,1.0153453016939693,30.460359050817715,True,False,"1.0000, 1.0000, 1.0000",#FFFFFF,"1.0000, 1.0000, 1.0000",False
7,594.95996,841.91998,rect,342.6790393217061,343.6943846234,771.6626863753867,802.1230454262044,1.0153453016939125,30.460359050817715,True,False,"1.0000, 1.0000, 1.0000",#FFFFFF,"1.0000, 1.0000, 1.0000",False
7,594.95996,841.91998,rect,368.57034451490165,369.5856898165956,771.6626863753867,802.1230454262044,1.0153453016939693,30.460359050817715,True,False,"1.0000, 1.0000, 1.0000",#FFFFFF,"1.0000, 1.0000, 1.0000",False
7,594.95996,841.91998,rect,394.46164970809724,395.4769950097912,771.6626863753867,802.1230454262044,1.0153453016939693,30.460359050817715,True,False,"1.0000, 1.0000, 1.0000",#FFFFFF,"1.0000, 1.0000, 1.0000",False
7,594.95996,841.91998,rect,420.35295490129283,523.9181756740751,771.6626863753867,802.1230454262044,103.56522077278225,30.460359050817715,True,False,"0.9569, 0.9686, 0.9725",#F4F7F8,"0.9569, 0.9686, 0.9725",False
7,594.95996,841.91998,rect,420.35295490129283,421.36830020298675,771.6626863753867,802.1230454262044,1.0153453016939125,30.460359050817715,True,False,"1.0000, 1.0000, 1.0000",#FFFFFF,"1.0000, 1.0000, 1.0000",False
7,594.95996,841.91998,rect,446.24426009448837,447.25960539618234,771.6626863753867,802.1230454262044,1.0153453016939693,30.460359050817715,True,False,"1.0000, 1.0000, 1.0000",#FFFFFF,"1.0000, 1.0000, 1.0000",False
7,594.95996,841.91998,rect,472.13556528768396,473.1509105893779,771.6626863753867,802.1230454262044,1.0153453016939125,30.460359050817715,True,False,"1.0000, 1.0000, 1.0000",#FFFFFF,"1.0000, 1.0000, 1.0000",False
7,594.95996,841.91998,rect,498.02687048087955,499.04221578257346,771.6626863753867,802.1230454262044,1.0153453016939125,30.460359050817715,True,False,"1.0000, 1.0000, 1.0000",#FFFFFF,"1.0000, 1.0000, 1.0000",False
7,594.95996,841.91998,rect,523.9181756740751,575.7007860604663,771.6626863753867,802.1230454262044,51.782610386391184,30.460359050817715,True,False,"0.9569, 0.9686, 0.9725",#F4F7F8,"0.9569, 0.9686, 0.9725",False
7,594.95996,841.91998,rect,523.9181756740751,524.933520975769,771.6626863753867,802.1230454262044,1.0153453016939693,30.460359050817715,True,False,"1.0000, 1.0000, 1.0000",#FFFFFF,"1.0000, 1.0000, 1.0000",False
7,594.95996,841.91998,rect,549.8094808672706,550.8248261689646,771.6626863753867,802.1230454262044,1.0153453016939693,30.460359050817715,True,False,"1.0000, 1.0000, 1.0000",#FFFFFF,"1.0000, 1.0000, 1.0000",False
7,594.95996,841.91998,rect,92.3964224541489,115.74936439310962,803.1383907278981,833.5987497787168,23.35294193896071,30.460359050818624,True,False,"0.9569, 0.9686, 0.9725",#F4F7F8,"0.9569, 0.9686, 0.9725",False
7,594.95996,841.91998,rect,92.3964224541489,93.41176775584285,803.1383907278981,833.5987497787168,1.0153453016939409,30.460359050818624,True,False,"1.0000, 1.0000, 1.0000",#FFFFFF,"1.0000, 1.0000, 1.0000",False
7,594.95996,841.91998,rect,115.74936439310962,161.43990296933708,803.1383907278981,833.5987497787168,45.69053857622747,30.460359050818624,True,False,"0.9569, 0.9686, 0.9725",#F4F7F8,"0.9569, 0.9686, 0.9725",False
7,594.95996,841.91998,rect,115.74936439310962,116.76470969480356,803.1383907278981,833.5987497787168,1.0153453016939409,30.460359050818624,True,False,"1.0000, 1.0000, 1.0000",#FFFFFF,"1.0000, 1.0000, 1.0000",False
7,594.95996,841.91998,rect,161.43990296933708,213.22251335572824,803.1383907278981,833.5987497787168,51.782610386391156,30.460359050818624,True,False,"0.9569, 0.9686, 0.9725",#F4F7F8,"0.9569, 0.9686, 0.9725",False
7,594.95996,841.91998,rect,161.43990296933708,162.45524827103105,803.1383907278981,833.5987497787168,1.0153453016939693,30.460359050818624,True,False,"1.0000, 1.0000, 1.0000",#FFFFFF,"1.0000, 1.0000, 1.0000",False
7,594.95996,841.91998,rect,187.33120816253268,188.34655346422662,803.1383907278981,833.5987497787168,1.0153453016939409,30.460359050818624,True,False,"1.0000, 1.0000, 1.0000",#FFFFFF,"1.0000, 1.0000, 1.0000",False
7,594.95996,841.91998,rect,213.22251335572824,316.7877341285105,803.1383907278981,833.5987497787168,103.56522077278228,30.460359050818624,True,False,"0.9569, 0.9686, 0.9725",#F4F7F8,"0.9569, 0.9686, 0.9725",False
7,594.95996,841.91998,rect,213.22251335572824,214.23785865742218,803.1383907278981,833.5987497787168,1.0153453016939409,30.460359050818624,True,False,"1.0000, 1.0000, 1.0000",#FFFFFF,"1.0000, 1.0000, 1.0000",False
7,594.95996,841.91998,rect,239.1138185489238,240.12916385061774,803.1383907278981,833.5987497787168,1.0153453016939409,30.460359050818624,True,False,"1.0000, 1.0000, 1.0000",#FFFFFF,"1.0000, 1.0000, 1.0000",False
7,594.95996,841.91998,rect,265.0051237421194,266.0204690438133,803.1383907278981,833.5987497787168,1.0153453016939125,30.460359050818624,True,False,"1.0000, 1.0000, 1.0000",#FFFFFF,"1.0000, 1.0000, 1.0000",False
7,594.95996,841.91998,rect,290.89642893531493,291.9117742370089,803.1383907278981,833.5987497787168,1.0153453016939693,30.460359050818624,True,False,"1.0000, 1.0000, 1.0000",#FFFFFF,"1.0000, 1.0000, 1.0000",False
7,594.95996,841.91998,rect,316.7877341285105,420.35295490129283,803.1383907278981,833.5987497787168,103.56522077278231,30.460359050818624,True,False,"0.9569, 0.9686, 0.9725",#F4F7F8,"0.9569, 0.9686, 0.9725",False
7,594.95996,841.91998,rect,316.7877341285105,317.8030794302045,803.1383907278981,833.5987497787168,1.0153453016939693,30.460359050818624,True,False,"1.0000, 1.0000, 1.0000",#FFFFFF,"1.0000, 1.0000, 1.0000",False
7,594.95996,841.91998,rect,342.6790393217061,343.6943846234,803.1383907278981,833.5987497787168,1.0153453016939125,30.460359050818624,True,False,"1.0000, 1.0000, 1.0000",#FFFFFF,"1.0000, 1.0000, 1.0000",False
7,594.95996,841.91998,rect,368.57034451490165,369.5856898165956,803.1383907278981,833.5987497787168,1.0153453016939693,30.460359050818624,True,False,"1.0000, 1.0000, 1.0000",#FFFFFF,"1.0000, 1.0000, 1.0000",False
7,594.95996,841.91998,rect,394.46164970809724,395.4769950097912,803.1383907278981,833.5987497787168,1.0153453016939693,30.460359050818624,True,False,"1.0000, 1.0000, 1.0000",#FFFFFF,"1.0000, 1.0000, 1.0000",False
7,594.95996,841.91998,rect,420.35295490129283,523.9181756740751,803.1383907278981,833.5987497787168,103.56522077278225,30.460359050818624,True,False,"0.9569, 0.9686, 0.9725",#F4F7F8,"0.9569, 0.9686, 0.9725",False
7,594.95996,841.91998,rect,420.35295490129283,421.36830020298675,803.1383907278981,833.5987497787168,1.0153453016939125,30.460359050818624,True,False,"1.0000, 1.0000, 1.0000",#FFFFFF,"1.0000, 1.0000, 1.0000",False
7,594.95996,841.91998,rect,446.24426009448837,447.25960539618234,803.1383907278981,833.5987497787168,1.0153453016939693,30.460359050818624,True,False,"1.0000, 1.0000, 1.0000",#FFFFFF,"1.0000, 1.0000, 1.0000",False
7,594.95996,841.91998,rect,472.13556528768396,473.1509105893779,803.1383907278981,833.5987497787168,1.0153453016939125,30.460359050818624,True,False,"1.0000, 1.0000, 1.0000",#FFFFFF,"1.0000, 1.0000, 1.0000",False
7,594.95996,841.91998,rect,498.02687048087955,499.04221578257346,803.1383907278981,833.5987497787168,1.0153453016939125,30.460359050818624,True,False,"1.0000, 1.0000, 1.0000",#FFFFFF,"1.0000, 1.0000, 1.0000",False
7,594.95996,841.91998,rect,523.9181756740751,575.7007860604663,803.1383907278981,833.5987497787168,51.782610386391184,30.460359050818624,True,False,"0.9569, 0.9686, 0.9725",#F4F7F8,"0.9569, 0.9686, 0.9725",False
7,594.95996,841.91998,rect,523.9181756740751,524.933520975769,803.1383907278981,833.5987497787168,1.0153453016939693,30.460359050818624,True,False,"1.0000, 1.0000, 1.0000",#FFFFFF,"1.0000, 1.0000, 1.0000",False
7,594.95996,841.91998,rect,549.8094808672706,550.8248261689646,803.1383907278981,833.5987497787168,1.0153453016939693,30.460359050818624,True,False,"1.0000, 1.0000, 1.0000",#FFFFFF,"1.0000, 1.0000, 1.0000",False
7,594.95996,841.91998,rect,162.4552516310309,186.3158662208386,59.144059135664065,69.80518557145047,23.860614589807682,10.6611264357864,True,False,"0.9490, 0.9647, 0.9686",#F2F6F7,"0.9490, 0.9647, 0.9686",False
7,594.95996,841.91998,rect,188.34655375222658,289.881083921621,59.144059135664065,69.80518557145047,101.5345301693944,10.6611264357864,True,False,"0.9490, 0.9647, 0.9686",#F2F6F7,"0.9490, 0.9647, 0.9686",False
7,594.95996,841.91998,rect,162.9629236098779,212.71484339288114,90.36608983474605,98.48885224829758,49.751919783003245,8.122762413551527,True,False,"0.8667, 0.0000, 0.1882",#DD0030,"0.8667, 0.0000, 0.1882",True
7,594.95996,841.91998,rect,162.9629236098779,212.71484339288114,90.36608983474605,98.48885224829758,49.751919783003245,8.122762413551527,True,False,"0.8667, 0.0000, 0.1882",#DD0030,"0.8667, 0.0000, 0.1882",True
7,594.95996,841.91998,rect,162.9629236098779,212.71484339288114,90.36608983474605,98.48885224829758,49.751919783003245,8.122762413551527,True,False,"0.8667, 0.0000, 0.1882",#DD0030,"0.8667, 0.0000, 0.1882",True
7,594.95996,841.91998,rect,162.9629236098779,212.71484339288114,90.6196834241797,101.2808098599661,49.751919783003245,10.6611264357864,True,False,"0.9490, 0.9647, 0.9686",#F2F6F7,"0.9490, 0.9647, 0.9686",False
7,594.95996,841.91998,rect,240.1291603946179,419.33760614359903,90.6196834241797,101.2808098599661,179.20844574898112,10.6611264357864,True,False,"0.9490, 0.9647, 0.9686",#F2F6F7,"0.9490, 0.9647, 0.9686",False
7,594.95996,841.91998,rect,162.4552516310309,212.20717141403415,122.09577571267585,132.75690214846225,49.751919783003245,10.6611264357864,True,False,"0.9490, 0.9647, 0.9686",#F2F6F7,"0.9490, 0.9647, 0.9686",False
7,594.95996,841.91998,rect,214.2378414734229,574.685423574773,122.09577571267585,132.75690214846225,360.4475821013501,10.6611264357864,True,False,"0.9490, 0.9647, 0.9686",#F2F6F7,"0.9490, 0.9647, 0.9686",False
7,594.95996,841.91998,rect,162.4552516310309,186.3158662208386,436.85249379781203,447.51362023359843,23.860614589807682,10.6611264357864,True,False,"0.9490, 0.9647, 0.9686",#F2F6F7,"0.9490, 0.9647, 0.9686",False
7,594.95996,841.91998,rect,188.34655375222658,471.12022027398996,436.85249379781203,447.51362023359843,282.7736665217634,10.6611264357864,True,False,"0.9490, 0.9647, 0.9686",#F2F6F7,"0.9490, 0.9647, 0.9686",False
7,594.95996,841.91998,rect,162.4552516310309,212.20717141403415,468.32856448630895,478.98969092209535,49.751919783003245,10.6611264357864,True,False,"0.9490, 0.9647, 0.9686",#F2F6F7,"0.9490, 0.9647, 0.9686",False
7,594.95996,841.91998,rect,214.2378414734229,574.685423574773,468.32856448630895,478.98969092209535,360.4475821013501,10.6611264357864,True,False,"0.9490, 0.9647, 0.9686",#F2F6F7,"0.9490, 0.9647, 0.9686",False
7,594.95996,841.91998,rect,162.4552516310309,186.3158662208386,531.27981786334,541.9409442991264,23.860614589807682,10.6611264357864,True,False,"0.9490, 0.9647, 0.9686",#F2F6F7,"0.9490, 0.9647, 0.9686",False
7,594.95996,841.91998,rect,188.34655375222658,471.12022027398996,531.27981786334,541.9409442991264,282.7736665217634,10.6611264357864,True,False,"0.9490, 0.9647, 0.9686",#F2F6F7,"0.9490, 0.9647, 0.9686",False
7,594.95996,841.91998,rect,162.4552516310309,186.3158662208386,657.182780617383,667.8439070531693,23.860614589807682,10.661126435786372,True,False,"0.9490, 0.9647, 0.9686",#F2F6F7,"0.9490, 0.9647, 0.9686",False
7,594.95996,841.91998,rect,188.34655375222658,497.0115254671856,657.182780617383,667.8439070531693,308.66497171495905,10.661126435786372,True,False,"0.9490, 0.9647, 0.9686",#F2F6F7,"0.9490, 0.9647, 0.9686",False
7,594.95996,841.91998,rect,318.31073873705196,419.84526890644634,688.4043553164839,696.5271177300355,101.53453016939437,8.122762413551555,True,False,"0.8667, 0.0000, 0.1882",#DD0030,"0.8667, 0.0000, 0.1882",True
7,594.95996,841.91998,rect,318.31073873705196,419.84526890644634,688.4043553164839,696.5271177300355,101.53453016939437,8.122762413551555,True,False,"0.8667, 0.0000, 0.1882",#DD0030,"0.8667, 0.0000, 0.1882",True
7,594.95996,841.91998,rect,318.31073873705196,419.84526890644634,688.4043553164839,696.5271177300355,101.53453016939437,8.122762413551555,True,False,"0.8667, 0.0000, 0.1882",#DD0030,"0.8667, 0.0000, 0.1882",True
7,594.95996,841.91998,rect,318.31073873705196,419.84526890644634,688.658419305898,699.3195457416844,101.53453016939437,10.661126435786372,True,False,"0.9490, 0.9647, 0.9686",#F2F6F7,"0.9490, 0.9647, 0.9686",False
7,594.95996,841.91998,rect,499.04225120657196,574.6854761827708,688.658419305898,699.3195457416844,75.64322497619884,10.661126435786372,True,False,"0.9490, 0.9647, 0.9686",#F2F6F7,"0.9490, 0.9647, 0.9686",False
7,594.95996,841.91998,rect,162.9629236098779,212.71484339288114,751.356064693496,759.4788271070476,49.751919783003245,8.122762413551555,True,False,"0.8667, 0.0000, 0.1882",#DD0030,"0.8667, 0.0000, 0.1882",True
7,594.95996,841.91998,rect,162.9629236098779,212.71484339288114,751.356064693496,759.4788271070476,49.751919783003245,8.122762413551555,True,False,"0.8667, 0.0000, 0.1882",#DD0030,"0.8667, 0.0000, 0.1882",True
7,594.95996,841.91998,rect,162.9629236098779,212.71484339288114,751.356064693496,759.4788271070476,49.751919783003245,8.122762413551555,True,False,"0.8667, 0.0000, 0.1882",#DD0030,"0.8667, 0.0000, 0.1882",True
7,594.95996,841.91998,rect,162.9629236098779,212.71484339288114,751.60964868293,762.2707751187164,49.751919783003245,10.661126435786386,True,False,"0.9490, 0.9647, 0.9686",#F2F6F7,"0.9490, 0.9647, 0.9686",False
7,594.95996,841.91998,rect,240.1291603946179,445.22891133679457,751.60964868293,762.2707751187164,205.09975094217666,10.661126435786386,True,False,"0.9490, 0.9647, 0.9686",#F2F6F7,"0.9490, 0.9647, 0.9686",False
7,594.95996,841.91998,rect,162.4552516310309,186.3158662208386,783.085287371445,793.7464138072314,23.860614589807682,10.661126435786379,True,False,"0.9490, 0.9647, 0.9686",#F2F6F7,"0.9490, 0.9647, 0.9686",False
7,594.95996,841.91998,rect,188.34655375222658,393.44630469440324,783.085287371445,793.7464138072314,205.09975094217666,10.661126435786379,True,False,"0.9490, 0.9647, 0.9686",#F2F6F7,"0.9490, 0.9647, 0.9686",False
7,594.95996,841.91998,rect,16.245524827103104,92.3964224541489,0.0002570879890981814,1.0156023896828401,76.1508976270458,1.015345301693742,True,False,"1.0000, 1.0000, 1.0000",#FFFFFF,"1.0000, 1.0000, 1.0000",False
7,594.95996,841.91998,rect,16.245524827103104,92.3964224541489,21.322508423561317,46.70614096591032,76.1508976270458,25.383632542349005,True,False,"0.5333, 0.5451, 0.5529",#888B8D,"0.5333, 0.5451, 0.5529",False
7,594.95996,841.91998,rect,16.245524827103104,92.3964224541489,46.70614096591032,47.721486267604064,76.1508976270458,1.015345301693742,True,False,"1.0000, 1.0000, 1.0000",#FFFFFF,"1.0000, 1.0000, 1.0000",False
7,594.95996,841.91998,rect,16.245524827103104,92.3964224541489,78.18184531842269,79.19719062011643,76.1508976270458,1.015345301693742,True,False,"1.0000, 1.0000, 1.0000",#FFFFFF,"1.0000, 1.0000, 1.0000",False
7,594.95996,841.91998,rect,16.245524827103104,92.3964224541489,109.65754967093505,110.6728949726288,76.1508976270458,1.015345301693742,True,False,"1.0000, 1.0000, 1.0000",#FFFFFF,"1.0000, 1.0000, 1.0000",False
7,594.95996,841.91998,rect,16.245524827103104,92.3964224541489,141.13325402344742,142.14859932514116,76.1508976270458,1.015345301693742,True,False,"1.0000, 1.0000, 1.0000",#FFFFFF,"1.0000, 1.0000, 1.0000",False
7,594.95996,841.91998,rect,16.245524827103104,92.3964224541489,172.60895837595888,173.62430367765353,76.1508976270458,1.0153453016946514,True,False,"1.0000, 1.0000, 1.0000",#FFFFFF,"1.0000, 1.0000, 1.0000",False
7,594.95996,841.91998,rect,16.245524827103104,92.3964224541489,204.08466272847124,205.1000080301659,76.1508976270458,1.0153453016946514,True,False,"1.0000, 1.0000, 1.0000",#FFFFFF,"1.0000, 1.0000, 1.0000",False
7,594.95996,841.91998,rect,16.245524827103104,92.3964224541489,235.5603670809836,236.57571238267735,76.1508976270458,1.015345301693742,True,False,"1.0000, 1.0000, 1.0000",#FFFFFF,"1.0000, 1.0000, 1.0000",False
7,594.95996,841.91998,rect,16.245524827103104,92.3964224541489,267.036071433496,268.0514167351897,76.1508976270458,1.015345301693742,True,False,"1.0000, 1.0000, 1.0000",#FFFFFF,"1.0000, 1.0000, 1.0000",False
7,594.95996,841.91998,rect,16.245524827103104,92.3964224541489,298.51177578600834,299.5271210877021,76.1508976270458,1.015345301693742,True,False,"1.0000, 1.0000, 1.0000",#FFFFFF,"1.0000, 1.0000, 1.0000",False
7,594.95996,841.91998,rect,16.245524827103104,92.3964224541489,329.9874801385207,331.00282544021445,76.1508976270458,1.015345301693742,True,False,"1.0000, 1.0000, 1.0000",#FFFFFF,"1.0000, 1.0000, 1.0000",False
7,594.95996,841.91998,rect,16.245524827103104,92.3964224541489,361.4631844910331,362.4785297927268,76.1508976270458,1.015345301693742,True,False,"1.0000, 1.0000, 1.0000",#FFFFFF,"1.0000, 1.0000, 1.0000",False
7,594.95996,841.91998,rect,16.245524827103104,92.3964224541489,392.93888884354544,393.9542341452392,76.1508976270458,1.015345301693742,True,False,"1.0000, 1.0000, 1.0000",#FFFFFF,"1.0000, 1.0000, 1.0000",False
7,594.95996,841.91998,rect,16.245524827103104,92.3964224541489,424.4145931960578,425.42993849775155,76.1508976270458,1.015345301693742,True,False,"1.0000, 1.0000, 1.0000",#FFFFFF,"1.0000, 1.0000, 1.0000",False
7,594.95996,841.91998,rect,16.245524827103104,92.3964224541489,455.89029754856927,456.9056428502639,76.1508976270458,1.0153453016946514,True,False,"1.0000, 1.0000, 1.0000",#FFFFFF,"1.0000, 1.0000, 1.0000",False
7,594.95996,841.91998,rect,16.245524827103104,92.3964224541489,487.36600190108163,488.3813472027763,76.1508976270458,1.0153453016946514,True,False,"1.0000, 1.0000, 1.0000",#FFFFFF,"1.0000, 1.0000, 1.0000",False
7,594.95996,841.91998,rect,16.245524827103104,92.3964224541489,518.841706253594,519.8570515552877,76.1508976270458,1.015345301693742,True,False,"1.0000, 1.0000, 1.0000",#FFFFFF,"1.0000, 1.0000, 1.0000",False
7,594.95996,841.91998,rect,16.245524827103104,92.3964224541489,550.3174106061064,551.3327559078001,76.1508976270458,1.015345301693742,True,False,"1.0000, 1.0000, 1.0000",#FFFFFF,"1.0000, 1.0000, 1.0000",False
7,594.95996,841.91998,rect,16.245524827103104,92.3964224541489,581.7931149586187,582.8084602603125,76.1508976270458,1.015345301693742,True,False,"1.0000, 1.0000, 1.0000",#FFFFFF,"1.0000, 1.0000, 1.0000",False
7,594.95996,841.91998,rect,16.245524827103104,92.3964224541489,613.2688193111311,614.2841646128248,76.1508976270458,1.015345301693742,True,False,"1.0000, 1.0000, 1.0000",#FFFFFF,"1.0000, 1.0000, 1.0000",False
7,594.95996,841.91998,rect,16.245524827103104,92.3964224541489,644.7445236636435,645.7598689653372,76.1508976270458,1.015345301693742,True,False,"1.0000, 1.0000, 1.0000",#FFFFFF,"1.0000, 1.0000, 1.0000",False
7,594.95996,841.91998,rect,16.245524827103104,92.3964224541489,676.2202280161558,677.2355733178496,76.1508976270458,1.015345301693742,True,False,"1.0000, 1.0000, 1.0000",#FFFFFF,"1.0000, 1.0000, 1.0000",False
7,594.95996,841.91998,rect,16.245524827103104,92.3964224541489,707.6959323686682,708.7112776703619,76.1508976270458,1.015345301693742,True,False,"1.0000, 1.0000, 1.0000",#FFFFFF,"1.0000, 1.0000, 1.0000",False
7,594.95996,841.91998,rect,16.245524827103104,92.3964224541489,739.1716367211797,740.1869820228743,76.1508976270458,1.0153453016946514,True,False,"1.0000, 1.0000, 1.0000",#FFFFFF,"1.0000, 1.0000, 1.0000",False
7,594.95996,841.91998,rect,16.245524827103104,92.3964224541489,770.647341073692,771.6626863753867,76.1508976270458,1.0153453016946514,True,False,"1.0000, 1.0000, 1.0000",#FFFFFF,"1.0000, 1.0000, 1.0000",False
7,594.95996,841.91998,rect,16.245524827103104,92.3964224541489,802.1230454262044,803.1383907278981,76.1508976270458,1.015345301693742,True,False,"1.0000, 1.0000, 1.0000",#FFFFFF,"1.0000, 1.0000, 1.0000",False
7,594.95996,841.91998,rect,16.245524827103104,92.3964224541489,47.721486267604064,78.18184531842269,76.1508976270458,30.460359050818624,True,False,"0.9569, 0.9686, 0.9725",#F4F7F8,"0.9569, 0.9686, 0.9725",False
7,594.95996,841.91998,rect,16.245524827103104,92.3964224541489,79.19719062011643,109.65754967093505,76.1508976270458,30.460359050818624,True,False,"0.9569, 0.9686, 0.9725",#F4F7F8,"0.9569, 0.9686, 0.9725",False
7,594.95996,841.91998,rect,16.245524827103104,92.3964224541489,110.6728949726288,141.13325402344742,76.1508976270458,30.460359050818624,True,False,"0.9569, 0.9686, 0.9725",#F4F7F8,"0.9569, 0.9686, 0.9725",False
7,594.95996,841.91998,rect,16.245524827103104,92.3964224541489,142.14859932514116,172.60895837595888,76.1508976270458,30.460359050817715,True,False,"0.9569, 0.9686, 0.9725",#F4F7F8,"0.9569, 0.9686, 0.9725",False
7,594.95996,841.91998,rect,16.245524827103104,92.3964224541489,173.62430367765353,204.08466272847124,76.1508976270458,30.460359050817715,True,False,"0.9569, 0.9686, 0.9725",#F4F7F8,"0.9569, 0.9686, 0.9725",False
7,594.95996,841.91998,rect,16.245524827103104,92.3964224541489,205.1000080301659,235.5603670809836,76.1508976270458,30.460359050817715,True,False,"0.9569, 0.9686, 0.9725",#F4F7F8,"0.9569, 0.9686, 0.9725",False
7,594.95996,841.91998,rect,16.245524827103104,92.3964224541489,236.57571238267735,267.036071433496,76.1508976270458,30.460359050818624,True,False,"0.9569, 0.9686, 0.9725",#F4F7F8,"0.9569, 0.9686, 0.9725",False
7,594.95996,841.91998,rect,16.245524827103104,92.3964224541489,268.0514167351897,298.51177578600834,76.1508976270458,30.460359050818624,True,False,"0.9569, 0.9686, 0.9725",#F4F7F8,"0.9569, 0.9686, 0.9725",False
7,594.95996,841.91998,rect,16.245524827103104,92.3964224541489,299.5271210877021,329.9874801385207,76.1508976270458,30.460359050818624,True,False,"0.9569, 0.9686, 0.9725",#F4F7F8,"0.9569, 0.9686, 0.9725",False
7,594.95996,841.91998,rect,16.245524827103104,92.3964224541489,331.00282544021445,361.4631844910331,76.1508976270458,30.460359050818624,True,False,"0.9569, 0.9686, 0.9725",#F4F7F8,"0.9569, 0.9686, 0.9725",False
7,594.95996,841.91998,rect,16.245524827103104,92.3964224541489,362.4785297927268,392.93888884354544,76.1508976270458,30.460359050818624,True,False,"0.9569, 0.9686, 0.9725",#F4F7F8,"0.9569, 0.9686, 0.9725",False
7,594.95996,841.91998,rect,16.245524827103104,92.3964224541489,393.9542341452392,424.4145931960578,76.1508976270458,30.460359050818624,True,False,"0.9569, 0.9686, 0.9725",#F4F7F8,"0.9569, 0.9686, 0.9725",False
7,594.95996,841.91998,rect,16.245524827103104,92.3964224541489,425.42993849775155,455.89029754856927,76.1508976270458,30.460359050817715,True,False,"0.9569, 0.9686, 0.9725",#F4F7F8,"0.9569, 0.9686, 0.9725",False
7,594.95996,841.91998,rect,16.245524827103104,92.3964224541489,456.9056428502639,487.36600190108163,76.1508976270458,30.460359050817715,True,False,"0.9569, 0.9686, 0.9725",#F4F7F8,"0.9569, 0.9686, 0.9725",False
7,594.95996,841.91998,rect,16.245524827103104,92.3964224541489,488.3813472027763,518.841706253594,76.1508976270458,30.460359050817715,True,False,"0.9569, 0.9686, 0.9725",#F4F7F8,"0.9569, 0.9686, 0.9725",False
7,594.95996,841.91998,rect,16.245524827103104,92.3964224541489,519.8570515552877,550.3174106061064,76.1508976270458,30.460359050818624,True,False,"0.9569, 0.9686, 0.9725",#F4F7F8,"0.9569, 0.9686, 0.9725",False
7,594.95996,841.91998,rect,16.245524827103104,92.3964224541489,551.3327559078001,581.7931149586187,76.1508976270458,30.460359050818624,True,False,"0.9569, 0.9686, 0.9725",#F4F7F8,"0.9569, 0.9686, 0.9725",False
7,594.95996,841.91998,rect,16.245524827103104,92.3964224541489,582.8084602603125,613.2688193111311,76.1508976270458,30.460359050818624,True,False,"0.9569, 0.9686, 0.9725",#F4F7F8,"0.9569, 0.9686, 0.9725",False
7,594.95996,841.91998,rect,16.245524827103104,92.3964224541489,614.2841646128248,644.7445236636435,76.1508976270458,30.460359050818624,True,False,"0.9569, 0.9686, 0.9725",#F4F7F8,"0.9569, 0.9686, 0.9725",False
7,594.95996,841.91998,rect,16.245524827103104,92.3964224541489,645.7598689653372,676.2202280161558,76.1508976270458,30.460359050818624,True,False,"0.9569, 0.9686, 0.9725",#F4F7F8,"0.9569, 0.9686, 0.9725",False
7,594.95996,841.91998,rect,16.245524827103104,92.3964224541489,677.2355733178496,707.6959323686682,76.1508976270458,30.460359050818624,True,False,"0.9569, 0.9686, 0.9725",#F4F7F8,"0.9569, 0.9686, 0.9725",False
7,594.95996,841.91998,rect,16.245524827103104,92.3964224541489,708.7112776703619,739.1716367211797,76.1508976270458,30.460359050817715,True,False,"0.9569, 0.9686, 0.9725",#F4F7F8,"0.9569, 0.9686, 0.9725",False
7,594.95996,841.91998,rect,16.245524827103104,92.3964224541489,740.1869820228743,770.647341073692,76.1508976270458,30.460359050817715,True,False,"0.9569, 0.9686, 0.9725",#F4F7F8,"0.9569, 0.9686, 0.9725",False
7,594.95996,841.91998,rect,16.245524827103104,92.3964224541489,771.6626863753867,802.1230454262044,76.1508976270458,30.460359050817715,True,False,"0.9569, 0.9686, 0.9725",#F4F7F8,"0.9569, 0.9686, 0.9725",False
7,594.95996,841.91998,rect,16.245524827103104,92.3964224541489,803.1383907278981,833.5987497787168,76.1508976270458,30.460359050818624,True,False,"0.9569, 0.9686, 0.9725",#F4F7F8,"0.9569, 0.9686, 0.9725",False
7,594.95996,841.91998,curve,162.9629236098779,186.82353819968557,58.89046554623053,67.01322795978206,23.860614589807682,8.122762413551527,True,False,"0.7647, 0.6667, 0.8235",#C3AAD2,"0.7647, 0.6667, 0.8235",True
7,594.95996,841.91998,curve,162.4552516310309,186.3158662208386,59.41058872455869,66.8733772296091,23.860614589807682,7.462788505050412,True,False,"0.8667, 0.0000, 0.1882",#DD0030,"0.8667, 0.0000, 0.1882",True
7,594.95996,841.91998,curve,162.4552516310309,186.3158662208386,59.41058872455869,66.8733772296091,23.860614589807682,7.462788505050412,False,True,"0.8667, 0.0000, 0.1882",#DD0030,"0.8667, 0.0000, 0.1882",False
7,594.95996,841.91998,curve,188.8542257310736,290.388755900468,58.89046554623053,67.01322795978206,101.53453016939443,8.122762413551527,True,False,"0.7647, 0.6667, 0.8235",#C3AAD2,"0.7647, 0.6667, 0.8235",True
7,594.95996,841.91998,curve,188.34655375222658,289.881083921621,59.41058872455869,66.8733772296091,101.5345301693944,7.462788505050412,True,False,"0.0902, 0.1882, 0.4667",#173077,"0.0902, 0.1882, 0.4667",True
7,594.95996,841.91998,curve,188.34655375222658,289.881083921621,59.41058872455869,66.8733772296091,101.5345301693944,7.462788505050412,False,True,"0.0902, 0.1882, 0.4667",#173077,"0.0902, 0.1882, 0.4667",False
7,594.95996,841.91998,curve,163.21675993530138,212.46100706745767,90.36608983474605,98.23501592287414,49.24424713215629,7.868926088128092,True,False,"0.9529, 0.6824, 0.6392",#F3AEA3,"0.9529, 0.6824, 0.6392",True
7,594.95996,841.91998,curve,162.9629236098779,212.71484339288114,90.88621301307433,98.34900151812474,49.751919783003245,7.462788505050412,True,False,"0.9529, 0.6824, 0.6392",#F3AEA3,"0.9529, 0.6824, 0.6392",True
7,594.95996,841.91998,curve,162.9629236098779,212.71484339288114,90.88621301307433,98.34900151812474,49.751919783003245,7.462788505050412,False,True,"0.8667, 0.0000, 0.1882",#DD0030,"0.8667, 0.0000, 0.1882",False
7,594.95996,841.91998,curve,240.636829973465,419.8452757224461,90.36608983474605,98.48885224829758,179.2084457489811,8.122762413551527,True,False,"0.7647, 0.6667, 0.8235",#C3AAD2,"0.7647, 0.6667, 0.8235",True
7,594.95996,841.91998,curve,240.1291603946179,419.33760614359903,90.88621301307433,98.34900151812474,179.20844574898112,7.462788505050412,True,False,"0.6118, 0.6157, 0.7725",#9C9DC5,"0.6118, 0.6157, 0.7725",True
7,594.95996,841.91998,curve,240.1291603946179,419.33760614359903,90.88621301307433,98.34900151812474,179.20844574898112,7.462788505050412,False,True,"0.0902, 0.1882, 0.4667",#173077,"0.0902, 0.1882, 0.4667",False
7,594.95996,841.91998,curve,162.9629236098779,212.71484339288114,121.84171412326168,129.9644765368132,49.751919783003245,8.122762413551527,True,False,"0.7647, 0.6667, 0.8235",#C3AAD2,"0.7647, 0.6667, 0.8235",True
7,594.95996,841.91998,curve,162.4552516310309,212.20717141403415,122.36230530157036,129.82509380662077,49.751919783003245,7.462788505050412,True,False,"0.8667, 0.0000, 0.1882",#DD0030,"0.8667, 0.0000, 0.1882",True
7,594.95996,841.91998,curve,162.4552516310309,212.20717141403415,122.36230530157036,129.82509380662077,49.751919783003245,7.462788505050412,False,True,"0.8667, 0.0000, 0.1882",#DD0030,"0.8667, 0.0000, 0.1882",False
7,594.95996,841.91998,curve,214.74552785226928,575.1931099536193,121.84171412326168,129.9644765368132,360.44758210135006,8.122762413551527,True,False,"0.7647, 0.6667, 0.8235",#C3AAD2,"0.7647, 0.6667, 0.8235",True
7,594.95996,841.91998,curve,214.2378414734229,574.685423574773,122.36230530157036,129.82509380662077,360.4475821013501,7.462788505050412,True,False,"0.6118, 0.6157, 0.7725",#9C9DC5,"0.6118, 0.6157, 0.7725",True
7,594.95996,841.91998,curve,214.2378414734229,574.685423574773,122.36230530157036,129.82509380662077,360.4475821013501,7.462788505050412,False,True,"0.0902, 0.1882, 0.4667",#173077,"0.0902, 0.1882, 0.4667",False
7,594.95996,841.91998,curve,163.21675993530138,367.8088382266311,153.57117473720075,161.1862644999054,204.59207829132973,7.615089762704656,True,False,"0.1255, 0.6588, 0.8824",#20A8E1,"0.1255, 0.6588, 0.8824",True
7,594.95996,841.91998,curve,163.21675993530138,367.8088382266311,153.57117473720075,161.1862644999054,204.59207829132973,7.615089762704656,False,True,"0.1255, 0.6588, 0.8824",#20A8E1,"0.1255, 0.6588, 0.8824",False
7,594.95996,841.91998,curve,162.9629236098779,575.1931160976192,184.79296030029298,192.9157227138445,412.2301924877413,8.122762413551527,True,False,"0.7647, 0.6667, 0.8235",#C3AAD2,"0.7647, 0.6667, 0.8235",True
7,594.95996,841.91998,curve,162.9629236098779,575.1931160976192,216.26905258878912,224.39181500234065,412.2301924877413,8.122762413551527,True,False,"0.7647, 0.6667, 0.8235",#C3AAD2,"0.7647, 0.6667, 0.8235",True
7,594.95996,841.91998,curve,163.21675993530138,367.8088382266311,247.99851320272808,255.61360296543273,204.59207829132973,7.615089762704656,True,False,"0.1255, 0.6588, 0.8824",#20A8E1,"0.1255, 0.6588, 0.8824",True
7,594.95996,841.91998,curve,163.21675993530138,367.8088382266311,247.99851320272808,255.61360296543273,204.59207829132973,7.615089762704656,False,True,"0.1255, 0.6588, 0.8824",#20A8E1,"0.1255, 0.6588, 0.8824",False
7,594.95996,841.91998,curve,370.0933741794421,575.1931251216188,247.74467687730464,255.86743929085617,205.09975094217668,8.122762413551527,True,False,"0.7647, 0.6667, 0.8235",#C3AAD2,"0.7647, 0.6667, 0.8235",True
7,594.95996,841.91998,curve,163.21675993530138,367.8088382266311,279.4741374912437,287.08922725394837,204.59207829132973,7.615089762704656,True,False,"0.1255, 0.6588, 0.8824",#20A8E1,"0.1255, 0.6588, 0.8824",True
7,594.95996,841.91998,curve,163.21675993530138,367.8088382266311,279.4741374912437,287.08922725394837,204.59207829132973,7.615089762704656,False,True,"0.1255, 0.6588, 0.8824",#20A8E1,"0.1255, 0.6588, 0.8824",False
7,594.95996,841.91998,curve,370.0933741794421,575.1931251216188,279.2203011658203,287.3430635793718,205.09975094217668,8.122762413551527,True,False,"0.7647, 0.6667, 0.8235",#C3AAD2,"0.7647, 0.6667, 0.8235",True
7,594.95996,841.91998,curve,162.9629236098779,445.73659013164126,310.6959254543359,318.81868786788743,282.7736665217634,8.122762413551527,True,False,"0.7647, 0.6667, 0.8235",#C3AAD2,"0.7647, 0.6667, 0.8235",True
7,594.95996,841.91998,curve,162.9629236098779,445.73659013164126,342.1715473428516,350.29430975640315,282.7736665217634,8.122762413551527,True,False,"0.7647, 0.6667, 0.8235",#C3AAD2,"0.7647, 0.6667, 0.8235",True
7,594.95996,841.91998,curve,162.9629236098779,497.51920051803245,373.6476396313477,381.77040204489924,334.5562769081546,8.122762413551527,True,False,"0.7647, 0.6667, 0.8235",#C3AAD2,"0.7647, 0.6667, 0.8235",True
7,594.95996,841.91998,curve,162.9629236098779,575.1931160976192,405.123271119863,413.2460335334145,412.2301924877413,8.122762413551527,True,False,"0.7647, 0.6667, 0.8235",#C3AAD2,"0.7647, 0.6667, 0.8235",True
7,594.95996,841.91998,curve,162.9629236098779,186.82353819968557,436.598885808379,444.72164822193054,23.860614589807682,8.122762413551527,True,False,"0.7647, 0.6667, 0.8235",#C3AAD2,"0.7647, 0.6667, 0.8235",True
7,594.95996,841.91998,curve,162.4552516310309,186.3158662208386,437.11898978670797,444.58177829175844,23.860614589807682,7.462788505050469,True,False,"0.8667, 0.0000, 0.1882",#DD0030,"0.8667, 0.0000, 0.1882",True
7,594.95996,841.91998,curve,162.4552516310309,186.3158662208386,437.11898978670797,444.58177829175844,23.860614589807682,7.462788505050469,False,True,"0.8667, 0.0000, 0.1882",#DD0030,"0.8667, 0.0000, 0.1882",False
7,594.95996,841.91998,curve,188.8542257310736,471.627892252837,436.598885808379,444.72164822193054,282.7736665217634,8.122762413551527,True,False,"0.7647, 0.6667, 0.8235",#C3AAD2,"0.7647, 0.6667, 0.8235",True
7,594.95996,841.91998,curve,188.34655375222658,471.12022027398996,437.11898978670797,444.58177829175844,282.7736665217634,7.462788505050469,True,False,"0.0902, 0.1882, 0.4667",#173077,"0.0902, 0.1882, 0.4667",True
7,594.95996,841.91998,curve,188.34655375222658,471.12022027398996,437.11898978670797,444.58177829175844,282.7736665217634,7.462788505050469,False,True,"0.0902, 0.1882, 0.4667",#173077,"0.0902, 0.1882, 0.4667",False
7,594.95996,841.91998,curve,162.9629236098779,212.71484339288114,468.074500496895,476.1972629104465,49.751919783003245,8.122762413551527,True,False,"0.7647, 0.6667, 0.8235",#C3AAD2,"0.7647, 0.6667, 0.8235",True
7,594.95996,841.91998,curve,162.4552516310309,212.20717141403415,468.595084475204,476.05787298025444,49.751919783003245,7.462788505050469,True,False,"0.8667, 0.0000, 0.1882",#DD0030,"0.8667, 0.0000, 0.1882",True
7,594.95996,841.91998,curve,162.4552516310309,212.20717141403415,468.595084475204,476.05787298025444,49.751919783003245,7.462788505050469,False,True,"0.8667, 0.0000, 0.1882",#DD0030,"0.8667, 0.0000, 0.1882",False
7,594.95996,841.91998,curve,214.74552785226928,575.1931099536193,468.074500496895,476.1972629104465,360.44758210135006,8.122762413551527,True,False,"0.7647, 0.6667, 0.8235",#C3AAD2,"0.7647, 0.6667, 0.8235",True
7,594.95996,841.91998,curve,214.2378414734229,574.685423574773,468.595084475204,476.05787298025444,360.4475821013501,7.462788505050469,True,False,"0.0902, 0.1882, 0.4667",#173077,"0.0902, 0.1882, 0.4667",True
7,594.95996,841.91998,curve,214.2378414734229,574.685423574773,468.595084475204,476.05787298025444,360.4475821013501,7.462788505050469,False,True,"0.0902, 0.1882, 0.4667",#173077,"0.0902, 0.1882, 0.4667",False
7,594.95996,841.91998,curve,162.9629236098779,575.1931160976192,499.55013918540993,507.67290159896146,412.2301924877413,8.122762413551527,True,False,"0.7647, 0.6667, 0.8235",#C3AAD2,"0.7647, 0.6667, 0.8235",True
7,594.95996,841.91998,curve,162.9629236098779,186.82353819968557,531.025753873926,539.1485162874775,23.860614589807682,8.122762413551527,True,False,"0.7647, 0.6667, 0.8235",#C3AAD2,"0.7647, 0.6667, 0.8235",True
7,594.95996,841.91998,curve,162.4552516310309,186.3158662208386,531.546361852234,539.0091503572844,23.860614589807682,7.462788505050469,True,False,"0.8667, 0.0000, 0.1882",#DD0030,"0.8667, 0.0000, 0.1882",True
7,594.95996,841.91998,curve,162.4552516310309,186.3158662208386,531.546361852234,539.0091503572844,23.860614589807682,7.462788505050469,False,True,"0.8667, 0.0000, 0.1882",#DD0030,"0.8667, 0.0000, 0.1882",False
7,594.95996,841.91998,curve,188.8542257310736,471.627892252837,531.025753873926,539.1485162874775,282.7736665217634,8.122762413551527,True,False,"0.7647, 0.6667, 0.8235",#C3AAD2,"0.7647, 0.6667, 0.8235",True
7,594.95996,841.91998,curve,188.34655375222658,471.12022027398996,531.546361852234,539.0091503572844,282.7736665217634,7.462788505050469,True,False,"0.0902, 0.1882, 0.4667",#173077,"0.0902, 0.1882, 0.4667",True
7,594.95996,841.91998,curve,188.34655375222658,471.12022027398996,531.546361852234,539.0091503572844,282.7736665217634,7.462788505050469,False,True,"0.0902, 0.1882, 0.4667",#173077,"0.0902, 0.1882, 0.4667",False
7,594.95996,841.91998,curve,162.9629236098779,575.1931160976192,562.501848562422,570.6246109759735,412.2301924877413,8.122762413551527,True,False,"0.7647, 0.6667, 0.8235",#C3AAD2,"0.7647, 0.6667, 0.8235",True
7,594.95996,841.91998,curve,162.9629236098779,575.1931160976192,593.977487250937,602.1002496644885,412.2301924877413,8.122762413551555,True,False,"0.7647, 0.6667, 0.8235",#C3AAD2,"0.7647, 0.6667, 0.8235",True
7,594.95996,841.91998,curve,162.9629236098779,575.1931160976192,625.4531019394531,633.5758643530046,412.2301924877413,8.122762413551555,True,False,"0.7647, 0.6667, 0.8235",#C3AAD2,"0.7647, 0.6667, 0.8235",True
7,594.95996,841.91998,curve,162.9629236098779,186.82353819968557,656.928716627969,665.0514790415206,23.860614589807682,8.122762413551555,True,False,"0.7647, 0.6667, 0.8235",#C3AAD2,"0.7647, 0.6667, 0.8235",True
7,594.95996,841.91998,curve,162.4552516310309,186.3158662208386,657.449324606277,664.9121131113275,23.860614589807682,7.462788505050469,True,False,"0.8667, 0.0000, 0.1882",#DD0030,"0.8667, 0.0000, 0.1882",True
7,594.95996,841.91998,curve,162.4552516310309,186.3158662208386,657.449324606277,664.9121131113275,23.860614589807682,7.462788505050469,False,True,"0.8667, 0.0000, 0.1882",#DD0030,"0.8667, 0.0000, 0.1882",False
7,594.95996,841.91998,curve,188.8542257310736,497.5191974460326,656.928716627969,665.0514790415206,308.664971714959,8.122762413551555,True,False,"0.7647, 0.6667, 0.8235",#C3AAD2,"0.7647, 0.6667, 0.8235",True
7,594.95996,841.91998,curve,188.34655375222658,497.0115254671856,657.449324606277,664.9121131113275,308.66497171495905,7.462788505050469,True,False,"0.0902, 0.1882, 0.4667",#173077,"0.0902, 0.1882, 0.4667",True
7,594.95996,841.91998,curve,188.34655375222658,497.0115254671856,657.449324606277,664.9121131113275,308.66497171495905,7.462788505050469,False,True,"0.0902, 0.1882, 0.4667",#173077,"0.0902, 0.1882, 0.4667",False
7,594.95996,841.91998,curve,318.56457506247546,419.5914325810229,688.4043553164839,696.273281404612,101.02685751854744,7.868926088128063,True,False,"0.9529, 0.6824, 0.6392",#F3AEA3,"0.9529, 0.6824, 0.6392",True
7,594.95996,841.91998,curve,318.31073873705196,419.84526890644634,688.924963294792,696.3877517998424,101.53453016939437,7.462788505050469,True,False,"0.9529, 0.6824, 0.6392",#F3AEA3,"0.9529, 0.6824, 0.6392",True
7,594.95996,841.91998,curve,318.31073873705196,419.84526890644634,688.924963294792,696.3877517998424,101.53453016939437,7.462788505050469,False,True,"0.8667, 0.0000, 0.1882",#DD0030,"0.8667, 0.0000, 0.1882",False
7,594.95996,841.91998,curve,499.54989918542003,575.1931241616188,688.4043553164839,696.5271177300355,75.64322497619878,8.122762413551555,True,False,"0.7647, 0.6667, 0.8235",#C3AAD2,"0.7647, 0.6667, 0.8235",True
7,594.95996,841.91998,curve,499.04225120657196,574.6854761827708,688.924963294792,696.3877517998424,75.64322497619884,7.462788505050469,True,False,"0.6118, 0.6157, 0.7725",#9C9DC5,"0.6118, 0.6157, 0.7725",True
7,594.95996,841.91998,curve,499.04225120657196,574.6854761827708,688.924963294792,696.3877517998424,75.64322497619884,7.462788505050469,False,True,"0.0902, 0.1882, 0.4667",#173077,"0.0902, 0.1882, 0.4667",False
7,594.95996,841.91998,curve,162.9629236098779,575.1931160976192,719.879970005,728.0027324185515,412.2301924877413,8.122762413551555,True,False,"0.7647, 0.6667, 0.8235",#C3AAD2,"0.7647, 0.6667, 0.8235",True
7,594.95996,841.91998,curve,163.21675993530138,212.46100706745767,751.356064693496,759.2249907816241,49.24424713215629,7.868926088128063,True,False,"0.9529, 0.6824, 0.6392",#F3AEA3,"0.9529, 0.6824, 0.6392",True
7,594.95996,841.91998,curve,162.9629236098779,212.71484339288114,751.8761926718239,759.3389811768743,49.751919783003245,7.462788505050469,True,False,"0.9529, 0.6824, 0.6392",#F3AEA3,"0.9529, 0.6824, 0.6392",True
7,594.95996,841.91998,curve,162.9629236098779,212.71484339288114,751.8761926718239,759.3389811768743,49.751919783003245,7.462788505050469,False,True,"0.8667, 0.0000, 0.1882",#DD0030,"0.8667, 0.0000, 0.1882",False
7,594.95996,841.91998,curve,240.636829973465,445.7365809156417,751.356064693496,759.4788271070476,205.09975094217668,8.122762413551555,True,False,"0.7647, 0.6667, 0.8235",#C3AAD2,"0.7647, 0.6667, 0.8235",True
7,594.95996,841.91998,curve,240.1291603946179,445.22891133679457,751.8761926718239,759.3389811768743,205.09975094217666,7.462788505050469,True,False,"0.6118, 0.6157, 0.7725",#9C9DC5,"0.6118, 0.6157, 0.7725",True
7,594.95996,841.91998,curve,240.1291603946179,445.22891133679457,751.8761926718239,759.3389811768743,205.09975094217666,7.462788505050469,False,True,"0.0902, 0.1882, 0.4667",#173077,"0.0902, 0.1882, 0.4667",False
7,594.95996,841.91998,curve,162.9629236098779,186.82353819968557,782.831679382012,790.9544417955635,23.860614589807682,8.122762413551555,True,False,"0.7647, 0.6667, 0.8235",#C3AAD2,"0.7647, 0.6667, 0.8235",True
7,594.95996,841.91998,curve,162.4552516310309,186.3158662208386,783.351831360339,790.8146198653894,23.860614589807682,7.462788505050469,True,False,"0.8667, 0.0000, 0.1882",#DD0030,"0.8667, 0.0000, 0.1882",True
7,594.95996,841.91998,curve,162.4552516310309,186.3158662208386,783.351831360339,790.8146198653894,23.860614589807682,7.462788505050469,False,True,"0.8667, 0.0000, 0.1882",#DD0030,"0.8667, 0.0000, 0.1882",False
7,594.95996,841.91998,curve,188.8542257310736,393.9539766732503,782.831679382012,790.9544417955635,205.09975094217668,8.122762413551555,True,False,"0.7647, 0.6667, 0.8235",#C3AAD2,"0.7647, 0.6667, 0.8235",True
7,594.95996,841.91998,curve,188.34655375222658,393.44630469440324,783.351831360339,790.8146198653894,205.09975094217666,7.462788505050469,True,False,"0.0902, 0.1882, 0.4667",#173077,"0.0902, 0.1882, 0.4667",True
7,594.95996,841.91998,curve,188.34655375222658,393.44630469440324,783.351831360339,790.8146198653894,205.09975094217666,7.462788505050469,False,True,"0.0902, 0.1882, 0.4667",#173077,"0.0902, 0.1882, 0.4667",False
7,594.95996,841.91998,curve,162.9629236098779,575.1931160976192,814.3073180705269,822.4300804840784,412.2301924877413,8.122762413551552,True,False,"0.7647, 0.6667, 0.8235",#C3AAD2,"0.7647, 0.6667, 0.8235",True
8,594.95996,841.91998,rect,0.0,594.9923467926512,0.0,842.2289277551265,594.9923467926512,842.2289277551265,True,False,"1.0000, 1.0000, 1.0000",#FFFFFF,"1.0000, 1.0000, 1.0000",False
8,594.95996,841.91998,rect,0.0,595.5000194434981,0.0003399359869717955,842.2292676911133,595.5000194434981,842.2289277551263,True,False,"1.0000, 1.0000, 1.0000",#FFFFFF,"1.0000, 1.0000, 1.0000",False
8,594.95996,841.91998,rect,92.3964224541489,583.3158758231708,0.0003399359869717955,1.0156852376807137,490.9194533690219,1.015345301693742,True,False,"1.0000, 1.0000, 1.0000",#FFFFFF,"1.0000, 1.0000, 1.0000",False
8,594.95996,841.91998,rect,92.3964224541489,583.3158758231708,31.476044288499338,32.49138959019308,490.9194533690219,1.015345301693742,True,False,"1.0000, 1.0000, 1.0000",#FFFFFF,"1.0000, 1.0000, 1.0000",False
8,594.95996,841.91998,rect,92.3964224541489,583.3158758231708,62.951748641011704,63.967093942705446,490.9194533690219,1.015345301693742,True,False,"1.0000, 1.0000, 1.0000",#FFFFFF,"1.0000, 1.0000, 1.0000",False
8,594.95996,841.91998,rect,92.3964224541489,583.3158758231708,94.42745299352407,95.44279829521781,490.9194533690219,1.015345301693742,True,False,"1.0000, 1.0000, 1.0000",#FFFFFF,"1.0000, 1.0000, 1.0000",False
8,594.95996,841.91998,rect,92.3964224541489,583.3158758231708,197.99267376630576,199.0080190680004,490.9194533690219,1.0153453016946514,True,False,"1.0000, 1.0000, 1.0000",#FFFFFF,"1.0000, 1.0000, 1.0000",False
8,594.95996,841.91998,rect,92.3964224541489,583.3158758231708,219.31492510187888,244.6985576442279,490.9194533690219,25.383632542349005,True,False,"0.5333, 0.5451, 0.5529",#888B8D,"0.5333, 0.5451, 0.5529",False
8,594.95996,841.91998,rect,92.3964224541489,583.3158758231708,244.6985576442279,245.71390294592163,490.9194533690219,1.015345301693742,True,False,"1.0000, 1.0000, 1.0000",#FFFFFF,"1.0000, 1.0000, 1.0000",False
8,594.95996,841.91998,rect,92.3964224541489,583.3158758231708,276.17426199673935,277.189607298434,490.9194533690219,1.0153453016946514,True,False,"1.0000, 1.0000, 1.0000",#FFFFFF,"1.0000, 1.0000, 1.0000",False
8,594.95996,841.91998,rect,92.3964224541489,583.3158758231708,297.4965133323125,322.8801458746615,490.9194533690219,25.383632542349005,True,False,"0.5333, 0.5451, 0.5529",#888B8D,"0.5333, 0.5451, 0.5529",False
8,594.95996,841.91998,rect,92.3964224541489,583.3158758231708,322.8801458746615,323.8954911763552,490.9194533690219,1.015345301693742,True,False,"1.0000, 1.0000, 1.0000",#FFFFFF,"1.0000, 1.0000, 1.0000",False
8,594.95996,841.91998,rect,92.3964224541489,583.3158758231708,354.35585022717385,355.3711955288676,490.9194533690219,1.015345301693742,True,False,"1.0000, 1.0000, 1.0000",#FFFFFF,"1.0000, 1.0000, 1.0000",False
8,594.95996,841.91998,rect,92.3964224541489,583.3158758231708,457.92107099995553,458.9364163016493,490.9194533690219,1.015345301693742,True,False,"1.0000, 1.0000, 1.0000",#FFFFFF,"1.0000, 1.0000, 1.0000",False
8,594.95996,841.91998,rect,92.3964224541489,583.3158758231708,479.24332233552866,504.62695487787676,490.9194533690219,25.383632542348096,True,False,"0.5333, 0.5451, 0.5529",#888B8D,"0.5333, 0.5451, 0.5529",False
8,594.95996,841.91998,rect,92.3964224541489,583.3158758231708,504.62695487787676,505.6423001795714,490.9194533690219,1.0153453016946514,True,False,"1.0000, 1.0000, 1.0000",#FFFFFF,"1.0000, 1.0000, 1.0000",False
8,594.95996,841.91998,rect,92.3964224541489,115.74936439310962,1.0156852376807137,31.476044288499338,23.35294193896071,30.460359050818624,True,False,"0.9569, 0.9686, 0.9725",#F4F7F8,"0.9569, 0.9686, 0.9725",False
8,594.95996,841.91998,rect,92.3964224541489,93.41176775584285,1.0156852376807137,31.476044288499338,1.0153453016939409,30.460359050818624,True,False,"1.0000, 1.0000, 1.0000",#FFFFFF,"1.0000, 1.0000, 1.0000",False
8,594.95996,841.91998,rect,115.74936439310962,161.43990296933708,1.0156852376807137,31.476044288499338,45.69053857622747,30.460359050818624,True,False,"0.9569, 0.9686, 0.9725",#F4F7F8,"0.9569, 0.9686, 0.9725",False
8,594.95996,841.91998,rect,115.74936439310962,116.76470969480356,1.0156852376807137,31.476044288499338,1.0153453016939409,30.460359050818624,True,False,"1.0000, 1.0000, 1.0000",#FFFFFF,"1.0000, 1.0000, 1.0000",False
8,594.95996,841.91998,rect,161.43990296933708,213.22251335572824,1.0156852376807137,31.476044288499338,51.782610386391156,30.460359050818624,True,False,"0.9569, 0.9686, 0.9725",#F4F7F8,"0.9569, 0.9686, 0.9725",False
8,594.95996,841.91998,rect,161.43990296933708,162.45524827103105,1.0156852376807137,31.476044288499338,1.0153453016939693,30.460359050818624,True,False,"1.0000, 1.0000, 1.0000",#FFFFFF,"1.0000, 1.0000, 1.0000",False
8,594.95996,841.91998,rect,187.33120816253268,188.34655346422662,1.0156852376807137,31.476044288499338,1.0153453016939409,30.460359050818624,True,False,"1.0000, 1.0000, 1.0000",#FFFFFF,"1.0000, 1.0000, 1.0000",False
8,594.95996,841.91998,rect,213.22251335572824,316.7877341285105,1.0156852376807137,31.476044288499338,103.56522077278228,30.460359050818624,True,False,"0.9569, 0.9686, 0.9725",#F4F7F8,"0.9569, 0.9686, 0.9725",False
8,594.95996,841.91998,rect,213.22251335572824,214.23785865742218,1.0156852376807137,31.476044288499338,1.0153453016939409,30.460359050818624,True,False,"1.0000, 1.0000, 1.0000",#FFFFFF,"1.0000, 1.0000, 1.0000",False
8,594.95996,841.91998,rect,239.1138185489238,240.12916385061774,1.0156852376807137,31.476044288499338,1.0153453016939409,30.460359050818624,True,False,"1.0000, 1.0000, 1.0000",#FFFFFF,"1.0000, 1.0000, 1.0000",False
8,594.95996,841.91998,rect,265.0051237421194,266.0204690438133,1.0156852376807137,31.476044288499338,1.0153453016939125,30.460359050818624,True,False,"1.0000, 1.0000, 1.0000",#FFFFFF,"1.0000, 1.0000, 1.0000",False
8,594.95996,841.91998,rect,290.89642893531493,291.9117742370089,1.0156852376807137,31.476044288499338,1.0153453016939693,30.460359050818624,True,False,"1.0000, 1.0000, 1.0000",#FFFFFF,"1.0000, 1.0000, 1.0000",False
8,594.95996,841.91998,rect,316.7877341285105,420.35295490129283,1.0156852376807137,31.476044288499338,103.56522077278231,30.460359050818624,True,False,"0.9569, 0.9686, 0.9725",#F4F7F8,"0.9569, 0.9686, 0.9725",False
8,594.95996,841.91998,rect,316.7877341285105,317.8030794302045,1.0156852376807137,31.476044288499338,1.0153453016939693,30.460359050818624,True,False,"1.0000, 1.0000, 1.0000",#FFFFFF,"1.0000, 1.0000, 1.0000",False
8,594.95996,841.91998,rect,342.6790393217061,343.6943846234,1.0156852376807137,31.476044288499338,1.0153453016939125,30.460359050818624,True,False,"1.0000, 1.0000, 1.0000",#FFFFFF,"1.0000, 1.0000, 1.0000",False
8,594.95996,841.91998,rect,368.57034451490165,369.5856898165956,1.0156852376807137,31.476044288499338,1.0153453016939693,30.460359050818624,True,False,"1.0000, 1.0000, 1.0000",#FFFFFF,"1.0000, 1.0000, 1.0000",False
8,594.95996,841.91998,rect,394.46164970809724,395.4769950097912,1.0156852376807137,31.476044288499338,1.0153453016939693,30.460359050818624,True,False,"1.0000, 1.0000, 1.0000",#FFFFFF,"1.0000, 1.0000, 1.0000",False
8,594.95996,841.91998,rect,420.35295490129283,523.9181756740751,1.0156852376807137,31.476044288499338,103.56522077278225,30.460359050818624,True,False,"0.9569, 0.9686, 0.9725",#F4F7F8,"0.9569, 0.9686, 0.9725",False
8,594.95996,841.91998,rect,420.35295490129283,421.36830020298675,1.0156852376807137,31.476044288499338,1.0153453016939125,30.460359050818624,True,False,"1.0000, 1.0000, 1.0000",#FFFFFF,"1.0000, 1.0000, 1.0000",False
8,594.95996,841.91998,rect,446.24426009448837,447.25960539618234,1.0156852376807137,31.476044288499338,1.0153453016939693,30.460359050818624,True,False,"1.0000, 1.0000, 1.0000",#FFFFFF,"1.0000, 1.0000, 1.0000",False
8,594.95996,841.91998,rect,472.13556528768396,473.1509105893779,1.0156852376807137,31.476044288499338,1.0153453016939125,30.460359050818624,True,False,"1.0000, 1.0000, 1.0000",#FFFFFF,"1.0000, 1.0000, 1.0000",False
8,594.95996,841.91998,rect,498.02687048087955,499.04221578257346,1.0156852376807137,31.476044288499338,1.0153453016939125,30.460359050818624,True,False,"1.0000, 1.0000, 1.0000",#FFFFFF,"1.0000, 1.0000, 1.0000",False
8,594.95996,841.91998,rect,523.9181756740751,575.7007860604663,1.0156852376807137,31.476044288499338,51.782610386391184,30.460359050818624,True,False,"0.9569, 0.9686, 0.9725",#F4F7F8,"0.9569, 0.9686, 0.9725",False
8,594.95996,841.91998,rect,523.9181756740751,524.933520975769,1.0156852376807137,31.476044288499338,1.0153453016939693,30.460359050818624,True,False,"1.0000, 1.0000, 1.0000",#FFFFFF,"1.0000, 1.0000, 1.0000",False
8,594.95996,841.91998,rect,549.8094808672706,550.8248261689646,1.0156852376807137,31.476044288499338,1.0153453016939693,30.460359050818624,True,False,"1.0000, 1.0000, 1.0000",#FFFFFF,"1.0000, 1.0000, 1.0000",False
8,594.95996,841.91998,rect,92.3964224541489,115.74936439310962,32.49138959019308,62.951748641011704,23.35294193896071,30.460359050818624,True,False,"0.9569, 0.9686, 0.9725",#F4F7F8,"0.9569, 0.9686, 0.9725",False
8,594.95996,841.91998,rect,92.3964224541489,93.41176775584285,32.49138959019308,62.951748641011704,1.0153453016939409,30.460359050818624,True,False,"1.0000, 1.0000, 1.0000",#FFFFFF,"1.0000, 1.0000, 1.0000",False
8,594.95996,841.91998,rect,115.74936439310962,161.43990296933708,32.49138959019308,62.951748641011704,45.69053857622747,30.460359050818624,True,False,"0.9569, 0.9686, 0.9725",#F4F7F8,"0.9569, 0.9686, 0.9725",False
8,594.95996,841.91998,rect,115.74936439310962,116.76470969480356,32.49138959019308,62.951748641011704,1.0153453016939409,30.460359050818624,True,False,"1.0000, 1.0000, 1.0000",#FFFFFF,"1.0000, 1.0000, 1.0000",False
8,594.95996,841.91998,rect,161.43990296933708,213.22251335572824,32.49138959019308,62.951748641011704,51.782610386391156,30.460359050818624,True,False,"0.9569, 0.9686, 0.9725",#F4F7F8,"0.9569, 0.9686, 0.9725",False
8,594.95996,841.91998,rect,161.43990296933708,162.45524827103105,32.49138959019308,62.951748641011704,1.0153453016939693,30.460359050818624,True,False,"1.0000, 1.0000, 1.0000",#FFFFFF,"1.0000, 1.0000, 1.0000",False
8,594.95996,841.91998,rect,187.33120816253268,188.34655346422662,32.49138959019308,62.951748641011704,1.0153453016939409,30.460359050818624,True,False,"1.0000, 1.0000, 1.0000",#FFFFFF,"1.0000, 1.0000, 1.0000",False
8,594.95996,841.91998,rect,213.22251335572824,316.7877341285105,32.49138959019308,62.951748641011704,103.56522077278228,30.460359050818624,True,False,"0.9569, 0.9686, 0.9725",#F4F7F8,"0.9569, 0.9686, 0.9725",False
8,594.95996,841.91998,rect,213.22251335572824,214.23785865742218,32.49138959019308,62.951748641011704,1.0153453016939409,30.460359050818624,True,False,"1.0000, 1.0000, 1.0000",#FFFFFF,"1.0000, 1.0000, 1.0000",False
8,594.95996,841.91998,rect,239.1138185489238,240.12916385061774,32.49138959019308,62.951748641011704,1.0153453016939409,30.460359050818624,True,False,"1.0000, 1.0000, 1.0000",#FFFFFF,"1.0000, 1.0000, 1.0000",False
8,594.95996,841.91998,rect,265.0051237421194,266.0204690438133,32.49138959019308,62.951748641011704,1.0153453016939125,30.460359050818624,True,False,"1.0000, 1.0000, 1.0000",#FFFFFF,"1.0000, 1.0000, 1.0000",False
8,594.95996,841.91998,rect,290.89642893531493,291.9117742370089,32.49138959019308,62.951748641011704,1.0153453016939693,30.460359050818624,True,False,"1.0000, 1.0000, 1.0000",#FFFFFF,"1.0000, 1.0000, 1.0000",False
8,594.95996,841.91998,rect,316.7877341285105,420.35295490129283,32.49138959019308,62.951748641011704,103.56522077278231,30.460359050818624,True,False,"0.9569, 0.9686, 0.9725",#F4F7F8,"0.9569, 0.9686, 0.9725",False
8,594.95996,841.91998,rect,316.7877341285105,317.8030794302045,32.49138959019308,62.951748641011704,1.0153453016939693,30.460359050818624,True,False,"1.0000, 1.0000, 1.0000",#FFFFFF,"1.0000, 1.0000, 1.0000",False
8,594.95996,841.91998,rect,342.6790393217061,343.6943846234,32.49138959019308,62.951748641011704,1.0153453016939125,30.460359050818624,True,False,"1.0000, 1.0000, 1.0000",#FFFFFF,"1.0000, 1.0000, 1.0000",False
8,594.95996,841.91998,rect,368.57034451490165,369.5856898165956,32.49138959019308,62.951748641011704,1.0153453016939693,30.460359050818624,True,False,"1.0000, 1.0000, 1.0000",#FFFFFF,"1.0000, 1.0000, 1.0000",False
8,594.95996,841.91998,rect,394.46164970809724,395.4769950097912,32.49138959019308,62.951748641011704,1.0153453016939693,30.460359050818624,True,False,"1.0000, 1.0000, 1.0000",#FFFFFF,"1.0000, 1.0000, 1.0000",False
8,594.95996,841.91998,rect,420.35295490129283,523.9181756740751,32.49138959019308,62.951748641011704,103.56522077278225,30.460359050818624,True,False,"0.9569, 0.9686, 0.9725",#F4F7F8,"0.9569, 0.9686, 0.9725",False
8,594.95996,841.91998,rect,420.35295490129283,421.36830020298675,32.49138959019308,62.951748641011704,1.0153453016939125,30.460359050818624,True,False,"1.0000, 1.0000, 1.0000",#FFFFFF,"1.0000, 1.0000, 1.0000",False
8,594.95996,841.91998,rect,446.24426009448837,447.25960539618234,32.49138959019308,62.951748641011704,1.0153453016939693,30.460359050818624,True,False,"1.0000, 1.0000, 1.0000",#FFFFFF,"1.0000, 1.0000, 1.0000",False
8,594.95996,841.91998,rect,472.13556528768396,473.1509105893779,32.49138959019308,62.951748641011704,1.0153453016939125,30.460359050818624,True,False,"1.0000, 1.0000, 1.0000",#FFFFFF,"1.0000, 1.0000, 1.0000",False
8,594.95996,841.91998,rect,498.02687048087955,499.04221578257346,32.49138959019308,62.951748641011704,1.0153453016939125,30.460359050818624,True,False,"1.0000, 1.0000, 1.0000",#FFFFFF,"1.0000, 1.0000, 1.0000",False
8,594.95996,841.91998,rect,523.9181756740751,575.7007860604663,32.49138959019308,62.951748641011704,51.782610386391184,30.460359050818624,True,False,"0.9569, 0.9686, 0.9725",#F4F7F8,"0.9569, 0.9686, 0.9725",False
8,594.95996,841.91998,rect,523.9181756740751,524.933520975769,32.49138959019308,62.951748641011704,1.0153453016939693,30.460359050818624,True,False,"1.0000, 1.0000, 1.0000",#FFFFFF,"1.0000, 1.0000, 1.0000",False
8,594.95996,841.91998,rect,549.8094808672706,550.8248261689646,32.49138959019308,62.951748641011704,1.0153453016939693,30.460359050818624,True,False,"1.0000, 1.0000, 1.0000",#FFFFFF,"1.0000, 1.0000, 1.0000",False
8,594.95996,841.91998,rect,92.3964224541489,115.74936439310962,63.967093942705446,94.42745299352407,23.35294193896071,30.460359050818624,True,False,"0.9569, 0.9686, 0.9725",#F4F7F8,"0.9569, 0.9686, 0.9725",False
8,594.95996,841.91998,rect,92.3964224541489,93.41176775584285,63.967093942705446,94.42745299352407,1.0153453016939409,30.460359050818624,True,False,"1.0000, 1.0000, 1.0000",#FFFFFF,"1.0000, 1.0000, 1.0000",False
8,594.95996,841.91998,rect,115.74936439310962,161.43990296933708,63.967093942705446,94.42745299352407,45.69053857622747,30.460359050818624,True,False,"0.9569, 0.9686, 0.9725",#F4F7F8,"0.9569, 0.9686, 0.9725",False
8,594.95996,841.91998,rect,115.74936439310962,116.76470969480356,63.967093942705446,94.42745299352407,1.0153453016939409,30.460359050818624,True,False,"1.0000, 1.0000, 1.0000",#FFFFFF,"1.0000, 1.0000, 1.0000",False
8,594.95996,841.91998,rect,161.43990296933708,213.22251335572824,63.967093942705446,94.42745299352407,51.782610386391156,30.460359050818624,True,False,"0.9569, 0.9686, 0.9725",#F4F7F8,"0.9569, 0.9686, 0.9725",False
8,594.95996,841.91998,rect,161.43990296933708,162.45524827103105,63.967093942705446,94.42745299352407,1.0153453016939693,30.460359050818624,True,False,"1.0000, 1.0000, 1.0000",#FFFFFF,"1.0000, 1.0000, 1.0000",False
8,594.95996,841.91998,rect,187.33120816253268,188.34655346422662,63.967093942705446,94.42745299352407,1.0153453016939409,30.460359050818624,True,False,"1.0000, 1.0000, 1.0000",#FFFFFF,"1.0000, 1.0000, 1.0000",False
8,594.95996,841.91998,rect,213.22251335572824,316.7877341285105,63.967093942705446,94.42745299352407,103.56522077278228,30.460359050818624,True,False,"0.9569, 0.9686, 0.9725",#F4F7F8,"0.9569, 0.9686, 0.9725",False
8,594.95996,841.91998,rect,213.22251335572824,214.23785865742218,63.967093942705446,94.42745299352407,1.0153453016939409,30.460359050818624,True,False,"1.0000, 1.0000, 1.0000",#FFFFFF,"1.0000, 1.0000, 1.0000",False
8,594.95996,841.91998,rect,239.1138185489238,240.12916385061774,63.967093942705446,94.42745299352407,1.0153453016939409,30.460359050818624,True,False,"1.0000, 1.0000, 1.0000",#FFFFFF,"1.0000, 1.0000, 1.0000",False
8,594.95996,841.91998,rect,265.0051237421194,266.0204690438133,63.967093942705446,94.42745299352407,1.0153453016939125,30.460359050818624,True,False,"1.0000, 1.0000, 1.0000",#FFFFFF,"1.0000, 1.0000, 1.0000",False
8,594.95996,841.91998,rect,290.89642893531493,291.9117742370089,63.967093942705446,94.42745299352407,1.0153453016939693,30.460359050818624,True,False,"1.0000, 1.0000, 1.0000",#FFFFFF,"1.0000, 1.0000, 1.0000",False
8,594.95996,841.91998,rect,316.7877341285105,420.35295490129283,63.967093942705446,94.42745299352407,103.56522077278231,30.460359050818624,True,False,"0.9569, 0.9686, 0.9725",#F4F7F8,"0.9569, 0.9686, 0.9725",False
8,594.95996,841.91998,rect,316.7877341285105,317.8030794302045,63.967093942705446,94.42745299352407,1.0153453016939693,30.460359050818624,True,False,"1.0000, 1.0000, 1.0000",#FFFFFF,"1.0000, 1.0000, 1.0000",False
8,594.95996,841.91998,rect,342.6790393217061,343.6943846234,63.967093942705446,94.42745299352407,1.0153453016939125,30.460359050818624,True,False,"1.0000, 1.0000, 1.0000",#FFFFFF,"1.0000, 1.0000, 1.0000",False
8,594.95996,841.91998,rect,368.57034451490165,369.5856898165956,63.967093942705446,94.42745299352407,1.0153453016939693,30.460359050818624,True,False,"1.0000, 1.0000, 1.0000",#FFFFFF,"1.0000, 1.0000, 1.0000",False
8,594.95996,841.91998,rect,394.46164970809724,395.4769950097912,63.967093942705446,94.42745299352407,1.0153453016939693,30.460359050818624,True,False,"1.0000, 1.0000, 1.0000",#FFFFFF,"1.0000, 1.0000, 1.0000",False
8,594.95996,841.91998,rect,420.35295490129283,523.9181756740751,63.967093942705446,94.42745299352407,103.56522077278225,30.460359050818624,True,False,"0.9569, 0.9686, 0.9725",#F4F7F8,"0.9569, 0.9686, 0.9725",False
8,594.95996,841.91998,rect,420.35295490129283,421.36830020298675,63.967093942705446,94.42745299352407,1.0153453016939125,30.460359050818624,True,False,"1.0000, 1.0000, 1.0000",#FFFFFF,"1.0000, 1.0000, 1.0000",False
8,594.95996,841.91998,rect,446.24426009448837,447.25960539618234,63.967093942705446,94.42745299352407,1.0153453016939693,30.460359050818624,True,False,"1.0000, 1.0000, 1.0000",#FFFFFF,"1.0000, 1.0000, 1.0000",False
8,594.95996,841.91998,rect,472.13556528768396,473.1509105893779,63.967093942705446,94.42745299352407,1.0153453016939125,30.460359050818624,True,False,"1.0000, 1.0000, 1.0000",#FFFFFF,"1.0000, 1.0000, 1.0000",False
8,594.95996,841.91998,rect,498.02687048087955,499.04221578257346,63.967093942705446,94.42745299352407,1.0153453016939125,30.460359050818624,True,False,"1.0000, 1.0000, 1.0000",#FFFFFF,"1.0000, 1.0000, 1.0000",False
8,594.95996,841.91998,rect,523.9181756740751,575.7007860604663,63.967093942705446,94.42745299352407,51.782610386391184,30.460359050818624,True,False,"0.9569, 0.9686, 0.9725",#F4F7F8,"0.9569, 0.9686, 0.9725",False
8,594.95996,841.91998,rect,523.9181756740751,524.933520975769,63.967093942705446,94.42745299352407,1.0153453016939693,30.460359050818624,True,False,"1.0000, 1.0000, 1.0000",#FFFFFF,"1.0000, 1.0000, 1.0000",False
8,594.95996,841.91998,rect,549.8094808672706,550.8248261689646,63.967093942705446,94.42745299352407,1.0153453016939693,30.460359050818624,True,False,"1.0000, 1.0000, 1.0000",#FFFFFF,"1.0000, 1.0000, 1.0000",False
8,594.95996,841.91998,rect,92.3964224541489,115.74936439310962,95.44279829521781,125.90315734603644,23.35294193896071,30.460359050818624,True,False,"0.9569, 0.9686, 0.9725",#F4F7F8,"0.9569, 0.9686, 0.9725",False
8,594.95996,841.91998,rect,92.3964224541489,93.41176775584285,95.44279829521781,125.90315734603644,1.0153453016939409,30.460359050818624,True,False,"1.0000, 1.0000, 1.0000",#FFFFFF,"1.0000, 1.0000, 1.0000",False
8,594.95996,841.91998,rect,115.74936439310962,161.43990296933708,95.44279829521781,125.90315734603644,45.69053857622747,30.460359050818624,True,False,"0.9569, 0.9686, 0.9725",#F4F7F8,"0.9569, 0.9686, 0.9725",False
8,594.95996,841.91998,rect,115.74936439310962,116.76470969480356,95.44279829521781,125.90315734603644,1.0153453016939409,30.460359050818624,True,False,"1.0000, 1.0000, 1.0000",#FFFFFF,"1.0000, 1.0000, 1.0000",False
8,594.95996,841.91998,rect,161.43990296933708,213.22251335572824,95.44279829521781,125.90315734603644,51.782610386391156,30.460359050818624,True,False,"0.9569, 0.9686, 0.9725",#F4F7F8,"0.9569, 0.9686, 0.9725",False
8,594.95996,841.91998,rect,161.43990296933708,162.45524827103105,95.44279829521781,125.90315734603644,1.0153453016939693,30.460359050818624,True,False,"1.0000, 1.0000, 1.0000",#FFFFFF,"1.0000, 1.0000, 1.0000",False
8,594.95996,841.91998,rect,187.33120816253268,188.34655346422662,95.44279829521781,125.90315734603644,1.0153453016939409,30.460359050818624,True,False,"1.0000, 1.0000, 1.0000",#FFFFFF,"1.0000, 1.0000, 1.0000",False
8,594.95996,841.91998,rect,213.22251335572824,316.7877341285105,95.44279829521781,125.90315734603644,103.56522077278228,30.460359050818624,True,False,"0.9569, 0.9686, 0.9725",#F4F7F8,"0.9569, 0.9686, 0.9725",False
8,594.95996,841.91998,rect,213.22251335572824,214.23785865742218,95.44279829521781,125.90315734603644,1.0153453016939409,30.460359050818624,True,False,"1.0000, 1.0000, 1.0000",#FFFFFF,"1.0000, 1.0000, 1.0000",False
8,594.95996,841.91998,rect,239.1138185489238,240.12916385061774,95.44279829521781,125.90315734603644,1.0153453016939409,30.460359050818624,True,False,"1.0000, 1.0000, 1.0000",#FFFFFF,"1.0000, 1.0000, 1.0000",False
8,594.95996,841.91998,rect,265.0051237421194,266.0204690438133,95.44279829521781,125.90315734603644,1.0153453016939125,30.460359050818624,True,False,"1.0000, 1.0000, 1.0000",#FFFFFF,"1.0000, 1.0000, 1.0000",False
8,594.95996,841.91998,rect,290.89642893531493,291.9117742370089,95.44279829521781,125.90315734603644,1.0153453016939693,30.460359050818624,True,False,"1.0000, 1.0000, 1.0000",#FFFFFF,"1.0000, 1.0000, 1.0000",False
8,594.95996,841.91998,rect,316.7877341285105,420.35295490129283,95.44279829521781,125.90315734603644,103.56522077278231,30.460359050818624,True,False,"0.9569, 0.9686, 0.9725",#F4F7F8,"0.9569, 0.9686, 0.9725",False
8,594.95996,841.91998,rect,316.7877341285105,317.8030794302045,95.44279829521781,125.90315734603644,1.0153453016939693,30.460359050818624,True,False,"1.0000, 1.0000, 1.0000",#FFFFFF,"1.0000, 1.0000, 1.0000",False
8,594.95996,841.91998,rect,342.6790393217061,343.6943846234,95.44279829521781,125.90315734603644,1.0153453016939125,30.460359050818624,True,False,"1.0000, 1.0000, 1.0000",#FFFFFF,"1.0000, 1.0000, 1.0000",False
8,594.95996,841.91998,rect,368.57034451490165,369.5856898165956,95.44279829521781,125.90315734603644,1.0153453016939693,30.460359050818624,True,False,"1.0000, 1.0000, 1.0000",#FFFFFF,"1.0000, 1.0000, 1.0000",False
8,594.95996,841.91998,rect,394.46164970809724,395.4769950097912,95.44279829521781,125.90315734603644,1.0153453016939693,30.460359050818624,True,False,"1.0000, 1.0000, 1.0000",#FFFFFF,"1.0000, 1.0000, 1.0000",False
8,594.95996,841.91998,rect,420.35295490129283,523.9181756740751,95.44279829521781,125.90315734603644,103.56522077278225,30.460359050818624,True,False,"0.9569, 0.9686, 0.9725",#F4F7F8,"0.9569, 0.9686, 0.9725",False
8,594.95996,841.91998,rect,420.35295490129283,421.36830020298675,95.44279829521781,125.90315734603644,1.0153453016939125,30.460359050818624,True,False,"1.0000, 1.0000, 1.0000",#FFFFFF,"1.0000, 1.0000, 1.0000",False
8,594.95996,841.91998,rect,446.24426009448837,447.25960539618234,95.44279829521781,125.90315734603644,1.0153453016939693,30.460359050818624,True,False,"1.0000, 1.0000, 1.0000",#FFFFFF,"1.0000, 1.0000, 1.0000",False
8,594.95996,841.91998,rect,472.13556528768396,473.1509105893779,95.44279829521781,125.90315734603644,1.0153453016939125,30.460359050818624,True,False,"1.0000, 1.0000, 1.0000",#FFFFFF,"1.0000, 1.0000, 1.0000",False
8,594.95996,841.91998,rect,498.02687048087955,499.04221578257346,95.44279829521781,125.90315734603644,1.0153453016939125,30.460359050818624,True,False,"1.0000, 1.0000, 1.0000",#FFFFFF,"1.0000, 1.0000, 1.0000",False
8,594.95996,841.91998,rect,523.9181756740751,575.7007860604663,95.44279829521781,125.90315734603644,51.782610386391184,30.460359050818624,True,False,"0.9569, 0.9686, 0.9725",#F4F7F8,"0.9569, 0.9686, 0.9725",False
8,594.95996,841.91998,rect,523.9181756740751,524.933520975769,95.44279829521781,125.90315734603644,1.0153453016939693,30.460359050818624,True,False,"1.0000, 1.0000, 1.0000",#FFFFFF,"1.0000, 1.0000, 1.0000",False
8,594.95996,841.91998,rect,549.8094808672706,550.8248261689646,95.44279829521781,125.90315734603644,1.0153453016939693,30.460359050818624,True,False,"1.0000, 1.0000, 1.0000",#FFFFFF,"1.0000, 1.0000, 1.0000",False
8,594.95996,841.91998,rect,92.3964224541489,115.74936439310962,166.5169694137934,197.99267376630576,23.35294193896071,31.475704352512366,True,False,"0.9569, 0.9686, 0.9725",#F4F7F8,"0.9569, 0.9686, 0.9725",False
8,594.95996,841.91998,rect,92.3964224541489,93.41176775584285,166.5169694137934,197.99267376630576,1.0153453016939409,31.475704352512366,True,False,"1.0000, 1.0000, 1.0000",#FFFFFF,"1.0000, 1.0000, 1.0000",False
8,594.95996,841.91998,rect,115.74936439310962,161.43990296933708,166.5169694137934,197.99267376630576,45.69053857622747,31.475704352512366,True,False,"0.9569, 0.9686, 0.9725",#F4F7F8,"0.9569, 0.9686, 0.9725",False
8,594.95996,841.91998,rect,115.74936439310962,116.76470969480356,166.5169694137934,197.99267376630576,1.0153453016939409,31.475704352512366,True,False,"1.0000, 1.0000, 1.0000",#FFFFFF,"1.0000, 1.0000, 1.0000",False
8,594.95996,841.91998,rect,161.43990296933708,213.22251335572824,166.5169694137934,197.99267376630576,51.782610386391156,31.475704352512366,True,False,"0.9569, 0.9686, 0.9725",#F4F7F8,"0.9569, 0.9686, 0.9725",False
8,594.95996,841.91998,rect,161.43990296933708,162.45524827103105,166.5169694137934,197.99267376630576,1.0153453016939693,31.475704352512366,True,False,"1.0000, 1.0000, 1.0000",#FFFFFF,"1.0000, 1.0000, 1.0000",False
8,594.95996,841.91998,rect,213.22251335572824,316.7877341285105,166.5169694137934,197.99267376630576,103.56522077278228,31.475704352512366,True,False,"0.9569, 0.9686, 0.9725",#F4F7F8,"0.9569, 0.9686, 0.9725",False
8,594.95996,841.91998,rect,213.22251335572824,214.23785865742218,166.5169694137934,197.99267376630576,1.0153453016939409,31.475704352512366,True,False,"1.0000, 1.0000, 1.0000",#FFFFFF,"1.0000, 1.0000, 1.0000",False
8,594.95996,841.91998,rect,316.7877341285105,420.35295490129283,166.5169694137934,197.99267376630576,103.56522077278231,31.475704352512366,True,False,"0.9569, 0.9686, 0.9725",#F4F7F8,"0.9569, 0.9686, 0.9725",False
8,594.95996,841.91998,rect,316.7877341285105,317.8030794302045,166.5169694137934,197.99267376630576,1.0153453016939693,31.475704352512366,True,False,"1.0000, 1.0000, 1.0000",#FFFFFF,"1.0000, 1.0000, 1.0000",False
8,594.95996,841.91998,rect,420.35295490129283,523.9181756740751,166.5169694137934,197.99267376630576,103.56522077278225,31.475704352512366,True,False,"0.9569, 0.9686, 0.9725",#F4F7F8,"0.9569, 0.9686, 0.9725",False
8,594.95996,841.91998,rect,420.35295490129283,421.36830020298675,166.5169694137934,197.99267376630576,1.0153453016939125,31.475704352512366,True,False,"1.0000, 1.0000, 1.0000",#FFFFFF,"1.0000, 1.0000, 1.0000",False
8,594.95996,841.91998,rect,523.9181756740751,575.7007860604663,166.5169694137934,197.99267376630576,51.782610386391184,31.475704352512366,True,False,"0.9569, 0.9686, 0.9725",#F4F7F8,"0.9569, 0.9686, 0.9725",False
8,594.95996,841.91998,rect,523.9181756740751,524.933520975769,166.5169694137934,197.99267376630576,1.0153453016939693,31.475704352512366,True,False,"1.0000, 1.0000, 1.0000",#FFFFFF,"1.0000, 1.0000, 1.0000",False
8,594.95996,841.91998,rect,92.3964224541489,115.74936439310962,245.71390294592163,276.17426199673935,23.35294193896071,30.460359050817715,True,False,"0.9569, 0.9686, 0.9725",#F4F7F8,"0.9569, 0.9686, 0.9725",False
8,594.95996,841.91998,rect,92.3964224541489,93.41176775584285,245.71390294592163,276.17426199673935,1.0153453016939409,30.460359050817715,True,False,"1.0000, 1.0000, 1.0000",#FFFFFF,"1.0000, 1.0000, 1.0000",False
8,594.95996,841.91998,rect,115.74936439310962,161.43990296933708,245.71390294592163,276.17426199673935,45.69053857622747,30.460359050817715,True,False,"0.9569, 0.9686, 0.9725",#F4F7F8,"0.9569, 0.9686, 0.9725",False
8,594.95996,841.91998,rect,115.74936439310962,116.76470969480356,245.71390294592163,276.17426199673935,1.0153453016939409,30.460359050817715,True,False,"1.0000, 1.0000, 1.0000",#FFFFFF,"1.0000, 1.0000, 1.0000",False
8,594.95996,841.91998,rect,161.43990296933708,213.22251335572824,245.71390294592163,276.17426199673935,51.782610386391156,30.460359050817715,True,False,"0.9569, 0.9686, 0.9725",#F4F7F8,"0.9569, 0.9686, 0.9725",False
8,594.95996,841.91998,rect,161.43990296933708,162.45524827103105,245.71390294592163,276.17426199673935,1.0153453016939693,30.460359050817715,True,False,"1.0000, 1.0000, 1.0000",#FFFFFF,"1.0000, 1.0000, 1.0000",False
8,594.95996,841.91998,rect,187.33120816253268,188.34655346422662,245.71390294592163,276.17426199673935,1.0153453016939409,30.460359050817715,True,False,"1.0000, 1.0000, 1.0000",#FFFFFF,"1.0000, 1.0000, 1.0000",False
8,594.95996,841.91998,rect,213.22251335572824,316.7877341285105,245.71390294592163,276.17426199673935,103.56522077278228,30.460359050817715,True,False,"0.9569, 0.9686, 0.9725",#F4F7F8,"0.9569, 0.9686, 0.9725",False
8,594.95996,841.91998,rect,213.22251335572824,214.23785865742218,245.71390294592163,276.17426199673935,1.0153453016939409,30.460359050817715,True,False,"1.0000, 1.0000, 1.0000",#FFFFFF,"1.0000, 1.0000, 1.0000",False
8,594.95996,841.91998,rect,239.1138185489238,240.12916385061774,245.71390294592163,276.17426199673935,1.0153453016939409,30.460359050817715,True,False,"1.0000, 1.0000, 1.0000",#FFFFFF,"1.0000, 1.0000, 1.0000",False
8,594.95996,841.91998,rect,265.0051237421194,266.0204690438133,245.71390294592163,276.17426199673935,1.0153453016939125,30.460359050817715,True,False,"1.0000, 1.0000, 1.0000",#FFFFFF,"1.0000, 1.0000, 1.0000",False
8,594.95996,841.91998,rect,290.89642893531493,291.9117742370089,245.71390294592163,276.17426199673935,1.0153453016939693,30.460359050817715,True,False,"1.0000, 1.0000, 1.0000",#FFFFFF,"1.0000, 1.0000, 1.0000",False
8,594.95996,841.91998,rect,316.7877341285105,420.35295490129283,245.71390294592163,276.17426199673935,103.56522077278231,30.460359050817715,True,False,"0.9569, 0.9686, 0.9725",#F4F7F8,"0.9569, 0.9686, 0.9725",False
8,594.95996,841.91998,rect,316.7877341285105,317.8030794302045,245.71390294592163,276.17426199673935,1.0153453016939693,30.460359050817715,True,False,"1.0000, 1.0000, 1.0000",#FFFFFF,"1.0000, 1.0000, 1.0000",False
8,594.95996,841.91998,rect,342.6790393217061,343.6943846234,245.71390294592163,276.17426199673935,1.0153453016939125,30.460359050817715,True,False,"1.0000, 1.0000, 1.0000",#FFFFFF,"1.0000, 1.0000, 1.0000",False
8,594.95996,841.91998,rect,368.57034451490165,369.5856898165956,245.71390294592163,276.17426199673935,1.0153453016939693,30.460359050817715,True,False,"1.0000, 1.0000, 1.0000",#FFFFFF,"1.0000, 1.0000, 1.0000",False
8,594.95996,841.91998,rect,394.46164970809724,395.4769950097912,245.71390294592163,276.17426199673935,1.0153453016939693,30.460359050817715,True,False,"1.0000, 1.0000, 1.0000",#FFFFFF,"1.0000, 1.0000, 1.0000",False
8,594.95996,841.91998,rect,420.35295490129283,523.9181756740751,245.71390294592163,276.17426199673935,103.56522077278225,30.460359050817715,True,False,"0.9569, 0.9686, 0.9725",#F4F7F8,"0.9569, 0.9686, 0.9725",False
8,594.95996,841.91998,rect,420.35295490129283,421.36830020298675,245.71390294592163,276.17426199673935,1.0153453016939125,30.460359050817715,True,False,"1.0000, 1.0000, 1.0000",#FFFFFF,"1.0000, 1.0000, 1.0000",False
8,594.95996,841.91998,rect,446.24426009448837,447.25960539618234,245.71390294592163,276.17426199673935,1.0153453016939693,30.460359050817715,True,False,"1.0000, 1.0000, 1.0000",#FFFFFF,"1.0000, 1.0000, 1.0000",False
8,594.95996,841.91998,rect,472.13556528768396,473.1509105893779,245.71390294592163,276.17426199673935,1.0153453016939125,30.460359050817715,True,False,"1.0000, 1.0000, 1.0000",#FFFFFF,"1.0000, 1.0000, 1.0000",False
8,594.95996,841.91998,rect,498.02687048087955,499.04221578257346,245.71390294592163,276.17426199673935,1.0153453016939125,30.460359050817715,True,False,"1.0000, 1.0000, 1.0000",#FFFFFF,"1.0000, 1.0000, 1.0000",False
8,594.95996,841.91998,rect,523.9181756740751,575.7007860604663,245.71390294592163,276.17426199673935,51.782610386391184,30.460359050817715,True,False,"0.9569, 0.9686, 0.9725",#F4F7F8,"0.9569, 0.9686, 0.9725",False
8,594.95996,841.91998,rect,523.9181756740751,524.933520975769,245.71390294592163,276.17426199673935,1.0153453016939693,30.460359050817715,True,False,"1.0000, 1.0000, 1.0000",#FFFFFF,"1.0000, 1.0000, 1.0000",False
8,594.95996,841.91998,rect,549.8094808672706,550.8248261689646,245.71390294592163,276.17426199673935,1.0153453016939693,30.460359050817715,True,False,"1.0000, 1.0000, 1.0000",#FFFFFF,"1.0000, 1.0000, 1.0000",False
8,594.95996,841.91998,rect,92.3964224541489,115.74936439310962,323.8954911763552,354.35585022717385,23.35294193896071,30.460359050818624,True,False,"0.9569, 0.9686, 0.9725",#F4F7F8,"0.9569, 0.9686, 0.9725",False
8,594.95996,841.91998,rect,92.3964224541489,93.41176775584285,323.8954911763552,354.35585022717385,1.0153453016939409,30.460359050818624,True,False,"1.0000, 1.0000, 1.0000",#FFFFFF,"1.0000, 1.0000, 1.0000",False
8,594.95996,841.91998,rect,115.74936439310962,161.43990296933708,323.8954911763552,354.35585022717385,45.69053857622747,30.460359050818624,True,False,"0.9569, 0.9686, 0.9725",#F4F7F8,"0.9569, 0.9686, 0.9725",False
8,594.95996,841.91998,rect,115.74936439310962,116.76470969480356,323.8954911763552,354.35585022717385,1.0153453016939409,30.460359050818624,True,False,"1.0000, 1.0000, 1.0000",#FFFFFF,"1.0000, 1.0000, 1.0000",False
8,594.95996,841.91998,rect,161.43990296933708,213.22251335572824,323.8954911763552,354.35585022717385,51.782610386391156,30.460359050818624,True,False,"0.9569, 0.9686, 0.9725",#F4F7F8,"0.9569, 0.9686, 0.9725",False
8,594.95996,841.91998,rect,161.43990296933708,162.45524827103105,323.8954911763552,354.35585022717385,1.0153453016939693,30.460359050818624,True,False,"1.0000, 1.0000, 1.0000",#FFFFFF,"1.0000, 1.0000, 1.0000",False
8,594.95996,841.91998,rect,187.33120816253268,188.34655346422662,323.8954911763552,354.35585022717385,1.0153453016939409,30.460359050818624,True,False,"1.0000, 1.0000, 1.0000",#FFFFFF,"1.0000, 1.0000, 1.0000",False
8,594.95996,841.91998,rect,213.22251335572824,316.7877341285105,323.8954911763552,354.35585022717385,103.56522077278228,30.460359050818624,True,False,"0.9569, 0.9686, 0.9725",#F4F7F8,"0.9569, 0.9686, 0.9725",False
8,594.95996,841.91998,rect,213.22251335572824,214.23785865742218,323.8954911763552,354.35585022717385,1.0153453016939409,30.460359050818624,True,False,"1.0000, 1.0000, 1.0000",#FFFFFF,"1.0000, 1.0000, 1.0000",False
8,594.95996,841.91998,rect,239.1138185489238,240.12916385061774,323.8954911763552,354.35585022717385,1.0153453016939409,30.460359050818624,True,False,"1.0000, 1.0000, 1.0000",#FFFFFF,"1.0000, 1.0000, 1.0000",False
8,594.95996,841.91998,rect,265.0051237421194,266.0204690438133,323.8954911763552,354.35585022717385,1.0153453016939125,30.460359050818624,True,False,"1.0000, 1.0000, 1.0000",#FFFFFF,"1.0000, 1.0000, 1.0000",False
8,594.95996,841.91998,rect,290.89642893531493,291.9117742370089,323.8954911763552,354.35585022717385,1.0153453016939693,30.460359050818624,True,False,"1.0000, 1.0000, 1.0000",#FFFFFF,"1.0000, 1.0000, 1.0000",False
8,594.95996,841.91998,rect,316.7877341285105,420.35295490129283,323.8954911763552,354.35585022717385,103.56522077278231,30.460359050818624,True,False,"0.9569, 0.9686, 0.9725",#F4F7F8,"0.9569, 0.9686, 0.9725",False
8,594.95996,841.91998,rect,316.7877341285105,317.8030794302045,323.8954911763552,354.35585022717385,1.0153453016939693,30.460359050818624,True,False,"1.0000, 1.0000, 1.0000",#FFFFFF,"1.0000, 1.0000, 1.0000",False
8,594.95996,841.91998,rect,342.6790393217061,343.6943846234,323.8954911763552,354.35585022717385,1.0153453016939125,30.460359050818624,True,False,"1.0000, 1.0000, 1.0000",#FFFFFF,"1.0000, 1.0000, 1.0000",False
8,594.95996,841.91998,rect,368.57034451490165,369.5856898165956,323.8954911763552,354.35585022717385,1.0153453016939693,30.460359050818624,True,False,"1.0000, 1.0000, 1.0000",#FFFFFF,"1.0000, 1.0000, 1.0000",False
8,594.95996,841.91998,rect,394.46164970809724,395.4769950097912,323.8954911763552,354.35585022717385,1.0153453016939693,30.460359050818624,True,False,"1.0000, 1.0000, 1.0000",#FFFFFF,"1.0000, 1.0000, 1.0000",False
8,594.95996,841.91998,rect,420.35295490129283,523.9181756740751,323.8954911763552,354.35585022717385,103.56522077278225,30.460359050818624,True,False,"0.9569, 0.9686, 0.9725",#F4F7F8,"0.9569, 0.9686, 0.9725",False
8,594.95996,841.91998,rect,420.35295490129283,421.36830020298675,323.8954911763552,354.35585022717385,1.0153453016939125,30.460359050818624,True,False,"1.0000, 1.0000, 1.0000",#FFFFFF,"1.0000, 1.0000, 1.0000",False
8,594.95996,841.91998,rect,446.24426009448837,447.25960539618234,323.8954911763552,354.35585022717385,1.0153453016939693,30.460359050818624,True,False,"1.0000, 1.0000, 1.0000",#FFFFFF,"1.0000, 1.0000, 1.0000",False
8,594.95996,841.91998,rect,472.13556528768396,473.1509105893779,323.8954911763552,354.35585022717385,1.0153453016939125,30.460359050818624,True,False,"1.0000, 1.0000, 1.0000",#FFFFFF,"1.0000, 1.0000, 1.0000",False
8,594.95996,841.91998,rect,498.02687048087955,499.04221578257346,323.8954911763552,354.35585022717385,1.0153453016939125,30.460359050818624,True,False,"1.0000, 1.0000, 1.0000",#FFFFFF,"1.0000, 1.0000, 1.0000",False
8,594.95996,841.91998,rect,523.9181756740751,575.7007860604663,323.8954911763552,354.35585022717385,51.782610386391184,30.460359050818624,True,False,"0.9569, 0.9686, 0.9725",#F4F7F8,"0.9569, 0.9686, 0.9725",False
8,594.95996,841.91998,rect,523.9181756740751,524.933520975769,323.8954911763552,354.35585022717385,1.0153453016939693,30.460359050818624,True,False,"1.0000, 1.0000, 1.0000",#FFFFFF,"1.0000, 1.0000, 1.0000",False
8,594.95996,841.91998,rect,549.8094808672706,550.8248261689646,323.8954911763552,354.35585022717385,1.0153453016939693,30.460359050818624,True,False,"1.0000, 1.0000, 1.0000",#FFFFFF,"1.0000, 1.0000, 1.0000",False
8,594.95996,841.91998,rect,92.3964224541489,115.74936439310962,355.3711955288676,385.8315545796853,23.35294193896071,30.460359050817715,True,False,"0.9569, 0.9686, 0.9725",#F4F7F8,"0.9569, 0.9686, 0.9725",False
8,594.95996,841.91998,rect,92.3964224541489,93.41176775584285,355.3711955288676,385.8315545796853,1.0153453016939409,30.460359050817715,True,False,"1.0000, 1.0000, 1.0000",#FFFFFF,"1.0000, 1.0000, 1.0000",False
8,594.95996,841.91998,rect,115.74936439310962,161.43990296933708,355.3711955288676,385.8315545796853,45.69053857622747,30.460359050817715,True,False,"0.9569, 0.9686, 0.9725",#F4F7F8,"0.9569, 0.9686, 0.9725",False
8,594.95996,841.91998,rect,115.74936439310962,116.76470969480356,355.3711955288676,385.8315545796853,1.0153453016939409,30.460359050817715,True,False,"1.0000, 1.0000, 1.0000",#FFFFFF,"1.0000, 1.0000, 1.0000",False
8,594.95996,841.91998,rect,161.43990296933708,213.22251335572824,355.3711955288676,385.8315545796853,51.782610386391156,30.460359050817715,True,False,"0.9569, 0.9686, 0.9725",#F4F7F8,"0.9569, 0.9686, 0.9725",False
8,594.95996,841.91998,rect,161.43990296933708,162.45524827103105,355.3711955288676,385.8315545796853,1.0153453016939693,30.460359050817715,True,False,"1.0000, 1.0000, 1.0000",#FFFFFF,"1.0000, 1.0000, 1.0000",False
8,594.95996,841.91998,rect,187.33120816253268,188.34655346422662,355.3711955288676,385.8315545796853,1.0153453016939409,30.460359050817715,True,False,"1.0000, 1.0000, 1.0000",#FFFFFF,"1.0000, 1.0000, 1.0000",False
8,594.95996,841.91998,rect,213.22251335572824,316.7877341285105,355.3711955288676,385.8315545796853,103.56522077278228,30.460359050817715,True,False,"0.9569, 0.9686, 0.9725",#F4F7F8,"0.9569, 0.9686, 0.9725",False
8,594.95996,841.91998,rect,213.22251335572824,214.23785865742218,355.3711955288676,385.8315545796853,1.0153453016939409,30.460359050817715,True,False,"1.0000, 1.0000, 1.0000",#FFFFFF,"1.0000, 1.0000, 1.0000",False
8,594.95996,841.91998,rect,239.1138185489238,240.12916385061774,355.3711955288676,385.8315545796853,1.0153453016939409,30.460359050817715,True,False,"1.0000, 1.0000, 1.0000",#FFFFFF,"1.0000, 1.0000, 1.0000",False
8,594.95996,841.91998,rect,265.0051237421194,266.0204690438133,355.3711955288676,385.8315545796853,1.0153453016939125,30.460359050817715,True,False,"1.0000, 1.0000, 1.0000",#FFFFFF,"1.0000, 1.0000, 1.0000",False
8,594.95996,841.91998,rect,290.89642893531493,291.9117742370089,355.3711955288676,385.8315545796853,1.0153453016939693,30.460359050817715,True,False,"1.0000, 1.0000, 1.0000",#FFFFFF,"1.0000, 1.0000, 1.0000",False
8,594.95996,841.91998,rect,316.7877341285105,420.35295490129283,355.3711955288676,385.8315545796853,103.56522077278231,30.460359050817715,True,False,"0.9569, 0.9686, 0.9725",#F4F7F8,"0.9569, 0.9686, 0.9725",False
8,594.95996,841.91998,rect,316.7877341285105,317.8030794302045,355.3711955288676,385.8315545796853,1.0153453016939693,30.460359050817715,True,False,"1.0000, 1.0000, 1.0000",#FFFFFF,"1.0000, 1.0000, 1.0000",False
8,594.95996,841.91998,rect,342.6790393217061,343.6943846234,355.3711955288676,385.8315545796853,1.0153453016939125,30.460359050817715,True,False,"1.0000, 1.0000, 1.0000",#FFFFFF,"1.0000, 1.0000, 1.0000",False
8,594.95996,841.91998,rect,368.57034451490165,369.5856898165956,355.3711955288676,385.8315545796853,1.0153453016939693,30.460359050817715,True,False,"1.0000, 1.0000, 1.0000",#FFFFFF,"1.0000, 1.0000, 1.0000",False
8,594.95996,841.91998,rect,394.46164970809724,395.4769950097912,355.3711955288676,385.8315545796853,1.0153453016939693,30.460359050817715,True,False,"1.0000, 1.0000, 1.0000",#FFFFFF,"1.0000, 1.0000, 1.0000",False
8,594.95996,841.91998,rect,420.35295490129283,523.9181756740751,355.3711955288676,385.8315545796853,103.56522077278225,30.460359050817715,True,False,"0.9569, 0.9686, 0.9725",#F4F7F8,"0.9569, 0.9686, 0.9725",False
8,594.95996,841.91998,rect,420.35295490129283,421.36830020298675,355.3711955288676,385.8315545796853,1.0153453016939125,30.460359050817715,True,False,"1.0000, 1.0000, 1.0000",#FFFFFF,"1.0000, 1.0000, 1.0000",False
8,594.95996,841.91998,rect,446.24426009448837,447.25960539618234,355.3711955288676,385.8315545796853,1.0153453016939693,30.460359050817715,True,False,"1.0000, 1.0000, 1.0000",#FFFFFF,"1.0000, 1.0000, 1.0000",False
8,594.95996,841.91998,rect,472.13556528768396,473.1509105893779,355.3711955288676,385.8315545796853,1.0153453016939125,30.460359050817715,True,False,"1.0000, 1.0000, 1.0000",#FFFFFF,"1.0000, 1.0000, 1.0000",False
8,594.95996,841.91998,rect,498.02687048087955,499.04221578257346,355.3711955288676,385.8315545796853,1.0153453016939125,30.460359050817715,True,False,"1.0000, 1.0000, 1.0000",#FFFFFF,"1.0000, 1.0000, 1.0000",False
8,594.95996,841.91998,rect,523.9181756740751,575.7007860604663,355.3711955288676,385.8315545796853,51.782610386391184,30.460359050817715,True,False,"0.9569, 0.9686, 0.9725",#F4F7F8,"0.9569, 0.9686, 0.9725",False
8,594.95996,841.91998,rect,523.9181756740751,524.933520975769,355.3711955288676,385.8315545796853,1.0153453016939693,30.460359050817715,True,False,"1.0000, 1.0000, 1.0000",#FFFFFF,"1.0000, 1.0000, 1.0000",False
8,594.95996,841.91998,rect,549.8094808672706,550.8248261689646,355.3711955288676,385.8315545796853,1.0153453016939693,30.460359050817715,True,False,"1.0000, 1.0000, 1.0000",#FFFFFF,"1.0000, 1.0000, 1.0000",False
8,594.95996,841.91998,rect,92.3964224541489,115.74936439310962,426.44536664744317,457.92107099995553,23.35294193896071,31.475704352512366,True,False,"0.9569, 0.9686, 0.9725",#F4F7F8,"0.9569, 0.9686, 0.9725",False
8,594.95996,841.91998,rect,92.3964224541489,93.41176775584285,426.44536664744317,457.92107099995553,1.0153453016939409,31.475704352512366,True,False,"1.0000, 1.0000, 1.0000",#FFFFFF,"1.0000, 1.0000, 1.0000",False
8,594.95996,841.91998,rect,115.74936439310962,161.43990296933708,426.44536664744317,457.92107099995553,45.69053857622747,31.475704352512366,True,False,"0.9569, 0.9686, 0.9725",#F4F7F8,"0.9569, 0.9686, 0.9725",False
8,594.95996,841.91998,rect,115.74936439310962,116.76470969480356,426.44536664744317,457.92107099995553,1.0153453016939409,31.475704352512366,True,False,"1.0000, 1.0000, 1.0000",#FFFFFF,"1.0000, 1.0000, 1.0000",False
8,594.95996,841.91998,rect,161.43990296933708,213.22251335572824,426.44536664744317,457.92107099995553,51.782610386391156,31.475704352512366,True,False,"0.9569, 0.9686, 0.9725",#F4F7F8,"0.9569, 0.9686, 0.9725",False
8,594.95996,841.91998,rect,161.43990296933708,162.45524827103105,426.44536664744317,457.92107099995553,1.0153453016939693,31.475704352512366,True,False,"1.0000, 1.0000, 1.0000",#FFFFFF,"1.0000, 1.0000, 1.0000",False
8,594.95996,841.91998,rect,213.22251335572824,316.7877341285105,426.44536664744317,457.92107099995553,103.56522077278228,31.475704352512366,True,False,"0.9569, 0.9686, 0.9725",#F4F7F8,"0.9569, 0.9686, 0.9725",False
8,594.95996,841.91998,rect,213.22251335572824,214.23785865742218,426.44536664744317,457.92107099995553,1.0153453016939409,31.475704352512366,True,False,"1.0000, 1.0000, 1.0000",#FFFFFF,"1.0000, 1.0000, 1.0000",False
8,594.95996,841.91998,rect,316.7877341285105,420.35295490129283,426.44536664744317,457.92107099995553,103.56522077278231,31.475704352512366,True,False,"0.9569, 0.9686, 0.9725",#F4F7F8,"0.9569, 0.9686, 0.9725",False
8,594.95996,841.91998,rect,316.7877341285105,317.8030794302045,426.44536664744317,457.92107099995553,1.0153453016939693,31.475704352512366,True,False,"1.0000, 1.0000, 1.0000",#FFFFFF,"1.0000, 1.0000, 1.0000",False
8,594.95996,841.91998,rect,420.35295490129283,523.9181756740751,426.44536664744317,457.92107099995553,103.56522077278225,31.475704352512366,True,False,"0.9569, 0.9686, 0.9725",#F4F7F8,"0.9569, 0.9686, 0.9725",False
8,594.95996,841.91998,rect,420.35295490129283,421.36830020298675,426.44536664744317,457.92107099995553,1.0153453016939125,31.475704352512366,True,False,"1.0000, 1.0000, 1.0000",#FFFFFF,"1.0000, 1.0000, 1.0000",False
8,594.95996,841.91998,rect,523.9181756740751,575.7007860604663,426.44536664744317,457.92107099995553,51.782610386391184,31.475704352512366,True,False,"0.9569, 0.9686, 0.9725",#F4F7F8,"0.9569, 0.9686, 0.9725",False
8,594.95996,841.91998,rect,523.9181756740751,524.933520975769,426.44536664744317,457.92107099995553,1.0153453016939693,31.475704352512366,True,False,"1.0000, 1.0000, 1.0000",#FFFFFF,"1.0000, 1.0000, 1.0000",False
8,594.95996,841.91998,rect,92.3964224541489,115.74936439310962,505.6423001795714,536.1026592303891,23.35294193896071,30.460359050817715,True,False,"0.9569, 0.9686, 0.9725",#F4F7F8,"0.9569, 0.9686, 0.9725",False
8,594.95996,841.91998,rect,92.3964224541489,93.41176775584285,505.6423001795714,536.1026592303891,1.0153453016939409,30.460359050817715,True,False,"1.0000, 1.0000, 1.0000",#FFFFFF,"1.0000, 1.0000, 1.0000",False
8,594.95996,841.91998,rect,115.74936439310962,161.43990296933708,505.6423001795714,536.1026592303891,45.69053857622747,30.460359050817715,True,False,"0.9569, 0.9686, 0.9725",#F4F7F8,"0.9569, 0.9686, 0.9725",False
8,594.95996,841.91998,rect,115.74936439310962,116.76470969480356,505.6423001795714,536.1026592303891,1.0153453016939409,30.460359050817715,True,False,"1.0000, 1.0000, 1.0000",#FFFFFF,"1.0000, 1.0000, 1.0000",False
8,594.95996,841.91998,rect,161.43990296933708,213.22251335572824,505.6423001795714,536.1026592303891,51.782610386391156,30.460359050817715,True,False,"0.9569, 0.9686, 0.9725",#F4F7F8,"0.9569, 0.9686, 0.9725",False
8,594.95996,841.91998,rect,161.43990296933708,162.45524827103105,505.6423001795714,536.1026592303891,1.0153453016939693,30.460359050817715,True,False,"1.0000, 1.0000, 1.0000",#FFFFFF,"1.0000, 1.0000, 1.0000",False
8,594.95996,841.91998,rect,187.33120816253268,188.34655346422662,505.6423001795714,536.1026592303891,1.0153453016939409,30.460359050817715,True,False,"1.0000, 1.0000, 1.0000",#FFFFFF,"1.0000, 1.0000, 1.0000",False
8,594.95996,841.91998,rect,213.22251335572824,316.7877341285105,505.6423001795714,536.1026592303891,103.56522077278228,30.460359050817715,True,False,"0.9569, 0.9686, 0.9725",#F4F7F8,"0.9569, 0.9686, 0.9725",False
8,594.95996,841.91998,rect,213.22251335572824,214.23785865742218,505.6423001795714,536.1026592303891,1.0153453016939409,30.460359050817715,True,False,"1.0000, 1.0000, 1.0000",#FFFFFF,"1.0000, 1.0000, 1.0000",False
8,594.95996,841.91998,rect,239.1138185489238,240.12916385061774,505.6423001795714,536.1026592303891,1.0153453016939409,30.460359050817715,True,False,"1.0000, 1.0000, 1.0000",#FFFFFF,"1.0000, 1.0000, 1.0000",False
8,594.95996,841.91998,rect,265.0051237421194,266.0204690438133,505.6423001795714,536.1026592303891,1.0153453016939125,30.460359050817715,True,False,"1.0000, 1.0000, 1.0000",#FFFFFF,"1.0000, 1.0000, 1.0000",False
8,594.95996,841.91998,rect,290.89642893531493,291.9117742370089,505.6423001795714,536.1026592303891,1.0153453016939693,30.460359050817715,True,False,"1.0000, 1.0000, 1.0000",#FFFFFF,"1.0000, 1.0000, 1.0000",False
8,594.95996,841.91998,rect,316.7877341285105,420.35295490129283,505.6423001795714,536.1026592303891,103.56522077278231,30.460359050817715,True,False,"0.9569, 0.9686, 0.9725",#F4F7F8,"0.9569, 0.9686, 0.9725",False
8,594.95996,841.91998,rect,316.7877341285105,317.8030794302045,505.6423001795714,536.1026592303891,1.0153453016939693,30.460359050817715,True,False,"1.0000, 1.0000, 1.0000",#FFFFFF,"1.0000, 1.0000, 1.0000",False
8,594.95996,841.91998,rect,342.6790393217061,343.6943846234,505.6423001795714,536.1026592303891,1.0153453016939125,30.460359050817715,True,False,"1.0000, 1.0000, 1.0000",#FFFFFF,"1.0000, 1.0000, 1.0000",False
8,594.95996,841.91998,rect,368.57034451490165,369.5856898165956,505.6423001795714,536.1026592303891,1.0153453016939693,30.460359050817715,True,False,"1.0000, 1.0000, 1.0000",#FFFFFF,"1.0000, 1.0000, 1.0000",False
8,594.95996,841.91998,rect,394.46164970809724,395.4769950097912,505.6423001795714,536.1026592303891,1.0153453016939693,30.460359050817715,True,False,"1.0000, 1.0000, 1.0000",#FFFFFF,"1.0000, 1.0000, 1.0000",False
8,594.95996,841.91998,rect,420.35295490129283,523.9181756740751,505.6423001795714,536.1026592303891,103.56522077278225,30.460359050817715,True,False,"0.9569, 0.9686, 0.9725",#F4F7F8,"0.9569, 0.9686, 0.9725",False
8,594.95996,841.91998,rect,420.35295490129283,421.36830020298675,505.6423001795714,536.1026592303891,1.0153453016939125,30.460359050817715,True,False,"1.0000, 1.0000, 1.0000",#FFFFFF,"1.0000, 1.0000, 1.0000",False
8,594.95996,841.91998,rect,446.24426009448837,447.25960539618234,505.6423001795714,536.1026592303891,1.0153453016939693,30.460359050817715,True,False,"1.0000, 1.0000, 1.0000",#FFFFFF,"1.0000, 1.0000, 1.0000",False
8,594.95996,841.91998,rect,472.13556528768396,473.1509105893779,505.6423001795714,536.1026592303891,1.0153453016939125,30.460359050817715,True,False,"1.0000, 1.0000, 1.0000",#FFFFFF,"1.0000, 1.0000, 1.0000",False
8,594.95996,841.91998,rect,498.02687048087955,499.04221578257346,505.6423001795714,536.1026592303891,1.0153453016939125,30.460359050817715,True,False,"1.0000, 1.0000, 1.0000",#FFFFFF,"1.0000, 1.0000, 1.0000",False
8,594.95996,841.91998,rect,523.9181756740751,575.7007860604663,505.6423001795714,536.1026592303891,51.782610386391184,30.460359050817715,True,False,"0.9569, 0.9686, 0.9725",#F4F7F8,"0.9569, 0.9686, 0.9725",False
8,594.95996,841.91998,rect,523.9181756740751,524.933520975769,505.6423001795714,536.1026592303891,1.0153453016939693,30.460359050817715,True,False,"1.0000, 1.0000, 1.0000",#FFFFFF,"1.0000, 1.0000, 1.0000",False
8,594.95996,841.91998,rect,549.8094808672706,550.8248261689646,505.6423001795714,536.1026592303891,1.0153453016939693,30.460359050817715,True,False,"1.0000, 1.0000, 1.0000",#FFFFFF,"1.0000, 1.0000, 1.0000",False
8,594.95996,841.91998,rect,92.3964224541489,115.74936439310962,576.716471298147,608.1921756506594,23.35294193896071,31.475704352512366,True,False,"0.9569, 0.9686, 0.9725",#F4F7F8,"0.9569, 0.9686, 0.9725",False
8,594.95996,841.91998,rect,92.3964224541489,93.41176775584285,576.716471298147,608.1921756506594,1.0153453016939409,31.475704352512366,True,False,"1.0000, 1.0000, 1.0000",#FFFFFF,"1.0000, 1.0000, 1.0000",False
8,594.95996,841.91998,rect,115.74936439310962,161.43990296933708,576.716471298147,608.1921756506594,45.69053857622747,31.475704352512366,True,False,"0.9569, 0.9686, 0.9725",#F4F7F8,"0.9569, 0.9686, 0.9725",False
8,594.95996,841.91998,rect,115.74936439310962,116.76470969480356,576.716471298147,608.1921756506594,1.0153453016939409,31.475704352512366,True,False,"1.0000, 1.0000, 1.0000",#FFFFFF,"1.0000, 1.0000, 1.0000",False
8,594.95996,841.91998,rect,161.43990296933708,213.22251335572824,576.716471298147,608.1921756506594,51.782610386391156,31.475704352512366,True,False,"0.9569, 0.9686, 0.9725",#F4F7F8,"0.9569, 0.9686, 0.9725",False
8,594.95996,841.91998,rect,161.43990296933708,162.45524827103105,576.716471298147,608.1921756506594,1.0153453016939693,31.475704352512366,True,False,"1.0000, 1.0000, 1.0000",#FFFFFF,"1.0000, 1.0000, 1.0000",False
8,594.95996,841.91998,rect,213.22251335572824,316.7877341285105,576.716471298147,608.1921756506594,103.56522077278228,31.475704352512366,True,False,"0.9569, 0.9686, 0.9725",#F4F7F8,"0.9569, 0.9686, 0.9725",False
8,594.95996,841.91998,rect,213.22251335572824,214.23785865742218,576.716471298147,608.1921756506594,1.0153453016939409,31.475704352512366,True,False,"1.0000, 1.0000, 1.0000",#FFFFFF,"1.0000, 1.0000, 1.0000",False
8,594.95996,841.91998,rect,316.7877341285105,420.35295490129283,576.716471298147,608.1921756506594,103.56522077278231,31.475704352512366,True,False,"0.9569, 0.9686, 0.9725",#F4F7F8,"0.9569, 0.9686, 0.9725",False
8,594.95996,841.91998,rect,316.7877341285105,317.8030794302045,576.716471298147,608.1921756506594,1.0153453016939693,31.475704352512366,True,False,"1.0000, 1.0000, 1.0000",#FFFFFF,"1.0000, 1.0000, 1.0000",False
8,594.95996,841.91998,rect,420.35295490129283,523.9181756740751,576.716471298147,608.1921756506594,103.56522077278225,31.475704352512366,True,False,"0.9569, 0.9686, 0.9725",#F4F7F8,"0.9569, 0.9686, 0.9725",False
8,594.95996,841.91998,rect,420.35295490129283,421.36830020298675,576.716471298147,608.1921756506594,1.0153453016939125,31.475704352512366,True,False,"1.0000, 1.0000, 1.0000",#FFFFFF,"1.0000, 1.0000, 1.0000",False
8,594.95996,841.91998,rect,523.9181756740751,575.7007860604663,576.716471298147,608.1921756506594,51.782610386391184,31.475704352512366,True,False,"0.9569, 0.9686, 0.9725",#F4F7F8,"0.9569, 0.9686, 0.9725",False
8,594.95996,841.91998,rect,523.9181756740751,524.933520975769,576.716471298147,608.1921756506594,1.0153453016939693,31.475704352512366,True,False,"1.0000, 1.0000, 1.0000",#FFFFFF,"1.0000, 1.0000, 1.0000",False
8,594.95996,841.91998,rect,214.74552785226928,290.3887528284681,43.66031098082033,51.783073394371854,75.64322497619884,8.122762413551527,True,False,"0.8667, 0.0000, 0.1882",#DD0030,"0.8667, 0.0000, 0.1882",True
8,594.95996,841.91998,rect,214.74552785226928,290.3887528284681,43.66031098082033,51.783073394371854,75.64322497619884,8.122762413551527,True,False,"0.8667, 0.0000, 0.1882",#DD0030,"0.8667, 0.0000, 0.1882",True
8,594.95996,841.91998,rect,214.74552785226928,290.3887528284681,43.66031098082033,51.783073394371854,75.64322497619884,8.122762413551527,True,False,"0.8667, 0.0000, 0.1882",#DD0030,"0.8667, 0.0000, 0.1882",True
8,594.95996,841.91998,rect,214.74552785226928,290.3887528284681,43.91390457025386,54.57503100604026,75.64322497619884,10.6611264357864,True,False,"0.9490, 0.9647, 0.9686",#F2F6F7,"0.9490, 0.9647, 0.9686",False
8,594.95996,841.91998,rect,291.9117646370093,393.44629480640367,43.91390457025386,54.57503100604026,101.53453016939437,10.6611264357864,True,False,"0.9490, 0.9647, 0.9686",#F2F6F7,"0.9490, 0.9647, 0.9686",False
8,594.95996,841.91998,rect,188.34655375222658,289.881083921621,106.86562114726564,117.52674758305204,101.5345301693944,10.6611264357864,True,False,"0.9490, 0.9647, 0.9686",#F2F6F7,"0.9490, 0.9647, 0.9686",False
8,594.95996,841.91998,rect,291.9117646370093,522.9028207723816,106.86562114726564,117.52674758305204,230.99105613537228,10.6611264357864,True,False,"0.9490, 0.9647, 0.9686",#F2F6F7,"0.9490, 0.9647, 0.9686",False
8,594.95996,841.91998,rect,162.9629236098779,186.82353819968557,256.88295729654294,265.00571971009447,23.860614589807682,8.122762413551527,True,False,"0.8667, 0.0000, 0.1882",#DD0030,"0.8667, 0.0000, 0.1882",True
8,594.95996,841.91998,rect,162.9629236098779,186.82353819968557,256.88295729654294,265.00571971009447,23.860614589807682,8.122762413551527,True,False,"0.8667, 0.0000, 0.1882",#DD0030,"0.8667, 0.0000, 0.1882",True
8,594.95996,841.91998,rect,162.9629236098779,186.82353819968557,256.88295729654294,265.00571971009447,23.860614589807682,8.122762413551527,True,False,"0.8667, 0.0000, 0.1882",#DD0030,"0.8667, 0.0000, 0.1882",True
8,594.95996,841.91998,rect,162.9629236098779,186.82353819968557,257.13702128595696,267.79814772174336,23.860614589807682,10.6611264357864,True,False,"0.9490, 0.9647, 0.9686",#F2F6F7,"0.9490, 0.9647, 0.9686",False
8,594.95996,841.91998,rect,240.1291603946179,497.01152172318575,257.13702128595696,267.79814772174336,256.88236132856787,10.6611264357864,True,False,"0.9490, 0.9647, 0.9686",#F2F6F7,"0.9490, 0.9647, 0.9686",False
8,594.95996,841.91998,rect,395.9846619006384,471.62788687683724,516.811394466191,524.9341568797425,75.64322497619884,8.122762413551527,True,False,"0.8667, 0.0000, 0.1882",#DD0030,"0.8667, 0.0000, 0.1882",True
8,594.95996,841.91998,rect,395.9846619006384,471.62788687683724,516.811394466191,524.9341568797425,75.64322497619884,8.122762413551527,True,False,"0.8667, 0.0000, 0.1882",#DD0030,"0.8667, 0.0000, 0.1882",True
8,594.95996,841.91998,rect,395.9846619006384,471.62788687683724,516.811394466191,524.9341568797425,75.64322497619884,8.122762413551527,True,False,"0.8667, 0.0000, 0.1882",#DD0030,"0.8667, 0.0000, 0.1882",True
8,594.95996,841.91998,rect,395.9846619006384,471.62788687683724,517.0654584556049,527.7265848913913,75.64322497619884,10.6611264357864,True,False,"0.9490, 0.9647, 0.9686",#F2F6F7,"0.9490, 0.9647, 0.9686",False
8,594.95996,841.91998,rect,473.150932285377,574.6854624547714,517.0654584556049,527.7265848913913,101.53453016939437,10.6611264357864,True,False,"0.9490, 0.9647, 0.9686",#F2F6F7,"0.9490, 0.9647, 0.9686",False
8,594.95996,841.91998,rect,16.245524827103104,92.3964224541489,0.0003399359869717955,1.0156852376807137,76.1508976270458,1.015345301693742,True,False,"1.0000, 1.0000, 1.0000",#FFFFFF,"1.0000, 1.0000, 1.0000",False
8,594.95996,841.91998,rect,16.245524827103104,92.3964224541489,31.476044288499338,32.49138959019308,76.1508976270458,1.015345301693742,True,False,"1.0000, 1.0000, 1.0000",#FFFFFF,"1.0000, 1.0000, 1.0000",False
8,594.95996,841.91998,rect,16.245524827103104,92.3964224541489,62.951748641011704,63.967093942705446,76.1508976270458,1.015345301693742,True,False,"1.0000, 1.0000, 1.0000",#FFFFFF,"1.0000, 1.0000, 1.0000",False
8,594.95996,841.91998,rect,16.245524827103104,92.3964224541489,94.42745299352407,95.44279829521781,76.1508976270458,1.015345301693742,True,False,"1.0000, 1.0000, 1.0000",#FFFFFF,"1.0000, 1.0000, 1.0000",False
8,594.95996,841.91998,rect,16.245524827103104,92.3964224541489,197.99267376630576,199.0080190680004,76.1508976270458,1.0153453016946514,True,False,"1.0000, 1.0000, 1.0000",#FFFFFF,"1.0000, 1.0000, 1.0000",False
8,594.95996,841.91998,rect,16.245524827103104,92.3964224541489,219.31492510187888,244.6985576442279,76.1508976270458,25.383632542349005,True,False,"0.5333, 0.5451, 0.5529",#888B8D,"0.5333, 0.5451, 0.5529",False
8,594.95996,841.91998,rect,16.245524827103104,92.3964224541489,244.6985576442279,245.71390294592163,76.1508976270458,1.015345301693742,True,False,"1.0000, 1.0000, 1.0000",#FFFFFF,"1.0000, 1.0000, 1.0000",False
8,594.95996,841.91998,rect,16.245524827103104,92.3964224541489,276.17426199673935,277.189607298434,76.1508976270458,1.0153453016946514,True,False,"1.0000, 1.0000, 1.0000",#FFFFFF,"1.0000, 1.0000, 1.0000",False
8,594.95996,841.91998,rect,16.245524827103104,92.3964224541489,297.4965133323125,322.8801458746615,76.1508976270458,25.383632542349005,True,False,"0.5333, 0.5451, 0.5529",#888B8D,"0.5333, 0.5451, 0.5529",False
8,594.95996,841.91998,rect,16.245524827103104,92.3964224541489,322.8801458746615,323.8954911763552,76.1508976270458,1.015345301693742,True,False,"1.0000, 1.0000, 1.0000",#FFFFFF,"1.0000, 1.0000, 1.0000",False
8,594.95996,841.91998,rect,16.245524827103104,92.3964224541489,354.35585022717385,355.3711955288676,76.1508976270458,1.015345301693742,True,False,"1.0000, 1.0000, 1.0000",#FFFFFF,"1.0000, 1.0000, 1.0000",False
8,594.95996,841.91998,rect,16.245524827103104,92.3964224541489,457.92107099995553,458.9364163016493,76.1508976270458,1.015345301693742,True,False,"1.0000, 1.0000, 1.0000",#FFFFFF,"1.0000, 1.0000, 1.0000",False
8,594.95996,841.91998,rect,16.245524827103104,92.3964224541489,479.24332233552866,504.62695487787676,76.1508976270458,25.383632542348096,True,False,"0.5333, 0.5451, 0.5529",#888B8D,"0.5333, 0.5451, 0.5529",False
8,594.95996,841.91998,rect,16.245524827103104,92.3964224541489,504.62695487787676,505.6423001795714,76.1508976270458,1.0153453016946514,True,False,"1.0000, 1.0000, 1.0000",#FFFFFF,"1.0000, 1.0000, 1.0000",False
8,594.95996,841.91998,rect,16.245524827103104,92.3964224541489,1.0156852376807137,31.476044288499338,76.1508976270458,30.460359050818624,True,False,"0.9569, 0.9686, 0.9725",#F4F7F8,"0.9569, 0.9686, 0.9725",False
8,594.95996,841.91998,rect,16.245524827103104,92.3964224541489,32.49138959019308,62.951748641011704,76.1508976270458,30.460359050818624,True,False,"0.9569, 0.9686, 0.9725",#F4F7F8,"0.9569, 0.9686, 0.9725",False
8,594.95996,841.91998,rect,16.245524827103104,92.3964224541489,63.967093942705446,94.42745299352407,76.1508976270458,30.460359050818624,True,False,"0.9569, 0.9686, 0.9725",#F4F7F8,"0.9569, 0.9686, 0.9725",False
8,594.95996,841.91998,rect,16.245524827103104,92.3964224541489,95.44279829521781,125.90315734603644,76.1508976270458,30.460359050818624,True,False,"0.9569, 0.9686, 0.9725",#F4F7F8,"0.9569, 0.9686, 0.9725",False
8,594.95996,841.91998,rect,16.245524827103104,92.3964224541489,166.5169694137934,197.99267376630576,76.1508976270458,31.475704352512366,True,False,"0.9569, 0.9686, 0.9725",#F4F7F8,"0.9569, 0.9686, 0.9725",False
8,594.95996,841.91998,rect,16.245524827103104,92.3964224541489,245.71390294592163,276.17426199673935,76.1508976270458,30.460359050817715,True,False,"0.9569, 0.9686, 0.9725",#F4F7F8,"0.9569, 0.9686, 0.9725",False
8,594.95996,841.91998,rect,16.245524827103104,92.3964224541489,323.8954911763552,354.35585022717385,76.1508976270458,30.460359050818624,True,False,"0.9569, 0.9686, 0.9725",#F4F7F8,"0.9569, 0.9686, 0.9725",False
8,594.95996,841.91998,rect,16.245524827103104,92.3964224541489,355.3711955288676,385.8315545796853,76.1508976270458,30.460359050817715,True,False,"0.9569, 0.9686, 0.9725",#F4F7F8,"0.9569, 0.9686, 0.9725",False
8,594.95996,841.91998,rect,16.245524827103104,92.3964224541489,426.44536664744317,457.92107099995553,76.1508976270458,31.475704352512366,True,False,"0.9569, 0.9686, 0.9725",#F4F7F8,"0.9569, 0.9686, 0.9725",False
8,594.95996,841.91998,rect,16.245524827103104,92.3964224541489,505.6423001795714,536.1026592303891,76.1508976270458,30.460359050817715,True,False,"0.9569, 0.9686, 0.9725",#F4F7F8,"0.9569, 0.9686, 0.9725",False
8,594.95996,841.91998,rect,16.245524827103104,92.3964224541489,576.716471298147,608.1921756506594,76.1508976270458,31.475704352512366,True,False,"0.9569, 0.9686, 0.9725",#F4F7F8,"0.9569, 0.9686, 0.9725",False
8,594.95996,841.91998,curve,162.9629236098779,445.73659013164126,12.184686932304658,20.307449345856185,282.7736665217634,8.122762413551527,True,False,"0.7647, 0.6667, 0.8235",#C3AAD2,"0.7647, 0.6667, 0.8235",True
8,594.95996,841.91998,curve,163.21675993530138,212.46100706745767,43.91414730624376,51.52923706894842,49.24424713215629,7.615089762704656,True,False,"0.1255, 0.6588, 0.8824",#20A8E1,"0.1255, 0.6588, 0.8824",True
8,594.95996,841.91998,curve,163.21675993530138,212.46100706745767,43.91414730624376,51.52923706894842,49.24424713215629,7.615089762704656,False,True,"0.1255, 0.6588, 0.8824",#20A8E1,"0.1255, 0.6588, 0.8824",False
8,594.95996,841.91998,curve,214.99936417769277,290.1349165030446,43.66031098082033,51.52923706894842,75.13555232535185,7.868926088128092,True,False,"0.9529, 0.6824, 0.6392",#F3AEA3,"0.9529, 0.6824, 0.6392",True
8,594.95996,841.91998,curve,214.74552785226928,290.3887528284681,44.18043175914863,51.643220264199044,75.64322497619884,7.462788505050412,True,False,"0.9529, 0.6824, 0.6392",#F3AEA3,"0.9529, 0.6824, 0.6392",True
8,594.95996,841.91998,curve,214.74552785226928,290.3887528284681,44.18043175914863,51.643220264199044,75.64322497619884,7.462788505050412,False,True,"0.8667, 0.0000, 0.1882",#DD0030,"0.8667, 0.0000, 0.1882",False
8,594.95996,841.91998,curve,292.4194510158557,393.9539811852501,43.66031098082033,51.783073394371854,101.53453016939437,8.122762413551527,True,False,"0.7647, 0.6667, 0.8235",#C3AAD2,"0.7647, 0.6667, 0.8235",True
8,594.95996,841.91998,curve,291.9117646370093,393.44629480640367,44.18043175914863,51.643220264199044,101.53453016939437,7.462788505050412,True,False,"0.6118, 0.6157, 0.7725",#9C9DC5,"0.6118, 0.6157, 0.7725",True
8,594.95996,841.91998,curve,291.9117646370093,393.44629480640367,44.18043175914863,51.643220264199044,101.53453016939437,7.462788505050412,False,True,"0.0902, 0.1882, 0.4667",#173077,"0.0902, 0.1882, 0.4667",False
8,594.95996,841.91998,curve,162.9629236098779,471.6278953248369,75.13593526933585,83.25869768288737,308.66497171495905,8.122762413551527,True,False,"0.7647, 0.6667, 0.8235",#C3AAD2,"0.7647, 0.6667, 0.8235",True
8,594.95996,841.91998,curve,163.21675993530138,186.56970187426208,106.86539348327506,114.48048324597971,23.352941938960697,7.615089762704656,True,False,"0.1255, 0.6588, 0.8824",#20A8E1,"0.1255, 0.6588, 0.8824",True
8,594.95996,841.91998,curve,163.21675993530138,186.56970187426208,106.86539348327506,114.48048324597971,23.352941938960697,7.615089762704656,False,True,"0.1255, 0.6588, 0.8824",#20A8E1,"0.1255, 0.6588, 0.8824",False
8,594.95996,841.91998,curve,188.8542257310736,290.388755900468,106.61155715785162,114.73431957140315,101.53453016939443,8.122762413551527,True,False,"0.7647, 0.6667, 0.8235",#C3AAD2,"0.7647, 0.6667, 0.8235",True
8,594.95996,841.91998,curve,188.34655375222658,289.881083921621,107.1321483361603,114.59493684121071,101.5345301693944,7.462788505050412,True,False,"0.8667, 0.0000, 0.1882",#DD0030,"0.8667, 0.0000, 0.1882",True
8,594.95996,841.91998,curve,188.34655375222658,289.881083921621,107.1321483361603,114.59493684121071,101.5345301693944,7.462788505050412,False,True,"0.8667, 0.0000, 0.1882",#DD0030,"0.8667, 0.0000, 0.1882",False
8,594.95996,841.91998,curve,292.4194510158557,523.410507151228,106.61155715785162,114.73431957140315,230.99105613537228,8.122762413551527,True,False,"0.7647, 0.6667, 0.8235",#C3AAD2,"0.7647, 0.6667, 0.8235",True
8,594.95996,841.91998,curve,291.9117646370093,522.9028207723816,107.1321483361603,114.59493684121071,230.99105613537228,7.462788505050412,True,False,"0.0902, 0.1882, 0.4667",#173077,"0.0902, 0.1882, 0.4667",True
8,594.95996,841.91998,curve,291.9117646370093,522.9028207723816,107.1321483361603,114.59493684121071,230.99105613537228,7.462788505050412,False,True,"0.0902, 0.1882, 0.4667",#173077,"0.0902, 0.1882, 0.4667",False
8,594.95996,841.91998,curve,163.21675993530138,186.56970187426208,256.88295729654294,264.75188338467103,23.352941938960697,7.868926088128092,True,False,"0.9529, 0.6824, 0.6392",#F3AEA3,"0.9529, 0.6824, 0.6392",True
8,594.95996,841.91998,curve,162.9629236098779,186.82353819968557,257.40353407485225,264.86632257990266,23.860614589807682,7.462788505050412,True,False,"0.9529, 0.6824, 0.6392",#F3AEA3,"0.9529, 0.6824, 0.6392",True
8,594.95996,841.91998,curve,162.9629236098779,186.82353819968557,257.40353407485225,264.86632257990266,23.860614589807682,7.462788505050412,False,True,"0.8667, 0.0000, 0.1882",#DD0030,"0.8667, 0.0000, 0.1882",False
8,594.95996,841.91998,curve,189.1080620564971,238.35230918865335,257.1367936219664,264.75188338467103,49.24424713215626,7.615089762704656,True,False,"0.8157, 0.8667, 0.6784",#D0DDAD,"0.8157, 0.8667, 0.6784",True
8,594.95996,841.91998,curve,189.1080620564971,238.35230918865335,257.1367936219664,264.75188338467103,49.24424713215626,7.615089762704656,False,True,"0.4824, 0.6824, 0.1529",#7BAE27,"0.4824, 0.6824, 0.1529",False
8,594.95996,841.91998,curve,240.636829973465,497.5191913020328,256.88295729654294,265.00571971009447,256.8823613285678,8.122762413551527,True,False,"0.7647, 0.6667, 0.8235",#C3AAD2,"0.7647, 0.6667, 0.8235",True
8,594.95996,841.91998,curve,240.1291603946179,497.01152172318575,257.40353407485225,264.86632257990266,256.88236132856787,7.462788505050412,True,False,"0.6118, 0.6157, 0.7725",#9C9DC5,"0.6118, 0.6157, 0.7725",True
8,594.95996,841.91998,curve,240.1291603946179,497.01152172318575,257.40353407485225,264.86632257990266,256.88236132856787,7.462788505050412,False,True,"0.0902, 0.1882, 0.4667",#173077,"0.0902, 0.1882, 0.4667",False
8,594.95996,841.91998,curve,163.21675993530138,186.56970187426208,335.3181967644079,342.9332865271125,23.352941938960697,7.615089762704599,True,False,"0.1255, 0.6588, 0.8824",#20A8E1,"0.1255, 0.6588, 0.8824",True
8,594.95996,841.91998,curve,163.21675993530138,186.56970187426208,335.3181967644079,342.9332865271125,23.352941938960697,7.615089762704599,False,True,"0.1255, 0.6588, 0.8824",#20A8E1,"0.1255, 0.6588, 0.8824",False
8,594.95996,841.91998,curve,188.8542257310736,575.1931130256194,335.0643604389844,343.18712285253594,386.33888729454577,8.122762413551527,True,False,"0.7647, 0.6667, 0.8235",#C3AAD2,"0.7647, 0.6667, 0.8235",True
8,594.95996,841.91998,curve,162.9629236098779,393.95397974525014,366.5399847275,374.6627471410515,230.99105613537225,8.122762413551527,True,False,"0.7647, 0.6667, 0.8235",#C3AAD2,"0.7647, 0.6667, 0.8235",True
8,594.95996,841.91998,curve,473.9124165896485,497.2653585286092,366.7938210529235,374.4089108156281,23.352941938960726,7.615089762704599,True,False,"0.2000, 0.2196, 0.2392",#33383D,"0.2000, 0.2196, 0.2392",True
8,594.95996,841.91998,curve,473.9124165896485,497.2653585286092,366.7938210529235,374.4089108156281,23.352941938960726,7.615089762704599,False,True,"0.0000, 0.0000, 0.0000",#000000,"0.0000, 0.0000, 0.0000",False
8,594.95996,841.91998,curve,163.21675993530138,393.70014341982665,517.0652307916146,524.6803205543191,230.48338348452526,7.615089762704599,True,False,"0.4824, 0.6824, 0.1529",#7BAE27,"0.4824, 0.6824, 0.1529",True
8,594.95996,841.91998,curve,163.21675993530138,393.70014341982665,517.0652307916146,524.6803205543191,230.48338348452526,7.615089762704599,False,True,"0.4824, 0.6824, 0.1529",#7BAE27,"0.4824, 0.6824, 0.1529",False
8,594.95996,841.91998,curve,396.2384982260619,471.37405055141375,516.811394466191,524.6803205543191,75.13555232535185,7.868926088128092,True,False,"0.9529, 0.6824, 0.6392",#F3AEA3,"0.9529, 0.6824, 0.6392",True
8,594.95996,841.91998,curve,395.9846619006384,471.62788687683724,517.3319784445,524.7947669495504,75.64322497619884,7.462788505050469,True,False,"0.9529, 0.6824, 0.6392",#F3AEA3,"0.9529, 0.6824, 0.6392",True
8,594.95996,841.91998,curve,395.9846619006384,471.62788687683724,517.3319784445,524.7947669495504,75.64322497619884,7.462788505050469,False,True,"0.8667, 0.0000, 0.1882",#DD0030,"0.8667, 0.0000, 0.1882",False
8,594.95996,841.91998,curve,473.658580264225,575.1931104336194,516.811394466191,524.9341568797425,101.53453016939437,8.122762413551527,True,False,"0.7647, 0.6667, 0.8235",#C3AAD2,"0.7647, 0.6667, 0.8235",True
8,594.95996,841.91998,curve,473.150932285377,574.6854624547714,517.3319784445,524.7947669495504,101.53453016939437,7.462788505050469,True,False,"0.6118, 0.6157, 0.7725",#9C9DC5,"0.6118, 0.6157, 0.7725",True
8,594.95996,841.91998,curve,473.150932285377,574.6854624547714,517.3319784445,524.7947669495504,101.53453016939437,7.462788505050469,False,True,"0.0902, 0.1882, 0.4667",#173077,"0.0902, 0.1882, 0.4667",False
9,594.95996,841.91998,rect,0.0,594.9923467926512,0.0,842.2289277551265,594.9923467926512,842.2289277551265,True,False,"1.0000, 1.0000, 1.0000",#FFFFFF,"1.0000, 1.0000, 1.0000",False
9,594.95996,841.91998,rect,0.0,595.5000194434981,-5.721599757180229e-05,677.7429316647107,595.5000194434981,677.7429888807083,True,False,"1.0000, 1.0000, 1.0000",#FFFFFF,"1.0000, 1.0000, 1.0000",False
9,594.95996,841.91998,rect,92.3964224541489,583.3158758231708,-5.721599757180229e-05,1.0152880856970796,490.9194533690219,1.0153453016946514,True,False,"1.0000, 1.0000, 1.0000",#FFFFFF,"1.0000, 1.0000, 1.0000",False
9,594.95996,841.91998,rect,92.3964224541489,583.3158758231708,21.322194119575556,46.70582666192456,490.9194533690219,25.383632542349005,True,False,"0.5333, 0.5451, 0.5529",#888B8D,"0.5333, 0.5451, 0.5529",False
9,594.95996,841.91998,rect,92.3964224541489,583.3158758231708,46.70582666192456,47.7211719636183,490.9194533690219,1.015345301693742,True,False,"1.0000, 1.0000, 1.0000",#FFFFFF,"1.0000, 1.0000, 1.0000",False
9,594.95996,841.91998,rect,92.3964224541489,583.3158758231708,78.18153101443602,79.19687631613067,490.9194533690219,1.0153453016946514,True,False,"1.0000, 1.0000, 1.0000",#FFFFFF,"1.0000, 1.0000, 1.0000",False
9,594.95996,841.91998,rect,92.3964224541489,583.3158758231708,109.65723536694838,110.67258066864304,490.9194533690219,1.0153453016946514,True,False,"1.0000, 1.0000, 1.0000",#FFFFFF,"1.0000, 1.0000, 1.0000",False
9,594.95996,841.91998,rect,92.3964224541489,583.3158758231708,141.13293971946075,142.1482850211545,490.9194533690219,1.015345301693742,True,False,"1.0000, 1.0000, 1.0000",#FFFFFF,"1.0000, 1.0000, 1.0000",False
9,594.95996,841.91998,rect,92.3964224541489,583.3158758231708,172.60864407197312,173.62398937366686,490.9194533690219,1.015345301693742,True,False,"1.0000, 1.0000, 1.0000",#FFFFFF,"1.0000, 1.0000, 1.0000",False
9,594.95996,841.91998,rect,92.3964224541489,583.3158758231708,204.08434842448548,205.09969372617923,490.9194533690219,1.015345301693742,True,False,"1.0000, 1.0000, 1.0000",#FFFFFF,"1.0000, 1.0000, 1.0000",False
9,594.95996,841.91998,rect,92.3964224541489,583.3158758231708,235.56005277699785,236.5753980786916,490.9194533690219,1.015345301693742,True,False,"1.0000, 1.0000, 1.0000",#FFFFFF,"1.0000, 1.0000, 1.0000",False
9,594.95996,841.91998,rect,92.3964224541489,583.3158758231708,267.0357571295102,268.05110243120396,490.9194533690219,1.015345301693742,True,False,"1.0000, 1.0000, 1.0000",#FFFFFF,"1.0000, 1.0000, 1.0000",False
9,594.95996,841.91998,rect,92.3964224541489,583.3158758231708,298.5114614820226,299.5268067837163,490.9194533690219,1.015345301693742,True,False,"1.0000, 1.0000, 1.0000",#FFFFFF,"1.0000, 1.0000, 1.0000",False
9,594.95996,841.91998,rect,92.3964224541489,583.3158758231708,329.98716583453495,331.0025111362287,490.9194533690219,1.015345301693742,True,False,"1.0000, 1.0000, 1.0000",#FFFFFF,"1.0000, 1.0000, 1.0000",False
9,594.95996,841.91998,rect,92.3964224541489,583.3158758231708,361.4628701870464,362.47821548874106,490.9194533690219,1.0153453016946514,True,False,"1.0000, 1.0000, 1.0000",#FFFFFF,"1.0000, 1.0000, 1.0000",False
9,594.95996,841.91998,rect,92.3964224541489,583.3158758231708,392.9385745395588,393.9539198412534,490.9194533690219,1.0153453016946514,True,False,"1.0000, 1.0000, 1.0000",#FFFFFF,"1.0000, 1.0000, 1.0000",False
9,594.95996,841.91998,rect,92.3964224541489,583.3158758231708,424.41427889207114,425.4296241937649,490.9194533690219,1.015345301693742,True,False,"1.0000, 1.0000, 1.0000",#FFFFFF,"1.0000, 1.0000, 1.0000",False
9,594.95996,841.91998,rect,92.3964224541489,583.3158758231708,455.8899832445835,456.90532854627725,490.9194533690219,1.015345301693742,True,False,"1.0000, 1.0000, 1.0000",#FFFFFF,"1.0000, 1.0000, 1.0000",False
9,594.95996,841.91998,rect,92.3964224541489,583.3158758231708,487.36568759709587,488.3810328987896,490.9194533690219,1.015345301693742,True,False,"1.0000, 1.0000, 1.0000",#FFFFFF,"1.0000, 1.0000, 1.0000",False
9,594.95996,841.91998,rect,92.3964224541489,583.3158758231708,518.8413919496082,519.856737251302,490.9194533690219,1.015345301693742,True,False,"1.0000, 1.0000, 1.0000",#FFFFFF,"1.0000, 1.0000, 1.0000",False
9,594.95996,841.91998,rect,92.3964224541489,583.3158758231708,550.3170963021206,551.3324416038143,490.9194533690219,1.015345301693742,True,False,"1.0000, 1.0000, 1.0000",#FFFFFF,"1.0000, 1.0000, 1.0000",False
9,594.95996,841.91998,rect,92.3964224541489,583.3158758231708,581.792800654633,582.8081459563267,490.9194533690219,1.015345301693742,True,False,"1.0000, 1.0000, 1.0000",#FFFFFF,"1.0000, 1.0000, 1.0000",False
9,594.95996,841.91998,rect,92.3964224541489,583.3158758231708,613.2685050071444,614.2838503088391,490.9194533690219,1.0153453016946514,True,False,"1.0000, 1.0000, 1.0000",#FFFFFF,"1.0000, 1.0000, 1.0000",False
9,594.95996,841.91998,rect,92.3964224541489,115.74936439310962,47.7211719636183,78.18153101443602,23.35294193896071,30.460359050817715,True,False,"0.9569, 0.9686, 0.9725",#F4F7F8,"0.9569, 0.9686, 0.9725",False
9,594.95996,841.91998,rect,92.3964224541489,93.41176775584285,47.7211719636183,78.18153101443602,1.0153453016939409,30.460359050817715,True,False,"1.0000, 1.0000, 1.0000",#FFFFFF,"1.0000, 1.0000, 1.0000",False
9,594.95996,841.91998,rect,115.74936439310962,161.43990296933708,47.7211719636183,78.18153101443602,45.69053857622747,30.460359050817715,True,False,"0.9569, 0.9686, 0.9725",#F4F7F8,"0.9569, 0.9686, 0.9725",False
9,594.95996,841.91998,rect,115.74936439310962,116.76470969480356,47.7211719636183,78.18153101443602,1.0153453016939409,30.460359050817715,True,False,"1.0000, 1.0000, 1.0000",#FFFFFF,"1.0000, 1.0000, 1.0000",False
9,594.95996,841.91998,rect,161.43990296933708,213.22251335572824,47.7211719636183,78.18153101443602,51.782610386391156,30.460359050817715,True,False,"0.9569, 0.9686, 0.9725",#F4F7F8,"0.9569, 0.9686, 0.9725",False
9,594.95996,841.91998,rect,161.43990296933708,162.45524827103105,47.7211719636183,78.18153101443602,1.0153453016939693,30.460359050817715,True,False,"1.0000, 1.0000, 1.0000",#FFFFFF,"1.0000, 1.0000, 1.0000",False
9,594.95996,841.91998,rect,187.33120816253268,188.34655346422662,47.7211719636183,78.18153101443602,1.0153453016939409,30.460359050817715,True,False,"1.0000, 1.0000, 1.0000",#FFFFFF,"1.0000, 1.0000, 1.0000",False
9,594.95996,841.91998,rect,213.22251335572824,316.7877341285105,47.7211719636183,78.18153101443602,103.56522077278228,30.460359050817715,True,False,"0.9569, 0.9686, 0.9725",#F4F7F8,"0.9569, 0.9686, 0.9725",False
9,594.95996,841.91998,rect,213.22251335572824,214.23785865742218,47.7211719636183,78.18153101443602,1.0153453016939409,30.460359050817715,True,False,"1.0000, 1.0000, 1.0000",#FFFFFF,"1.0000, 1.0000, 1.0000",False
9,594.95996,841.91998,rect,239.1138185489238,240.12916385061774,47.7211719636183,78.18153101443602,1.0153453016939409,30.460359050817715,True,False,"1.0000, 1.0000, 1.0000",#FFFFFF,"1.0000, 1.0000, 1.0000",False
9,594.95996,841.91998,rect,265.0051237421194,266.0204690438133,47.7211719636183,78.18153101443602,1.0153453016939125,30.460359050817715,True,False,"1.0000, 1.0000, 1.0000",#FFFFFF,"1.0000, 1.0000, 1.0000",False
9,594.95996,841.91998,rect,290.89642893531493,291.9117742370089,47.7211719636183,78.18153101443602,1.0153453016939693,30.460359050817715,True,False,"1.0000, 1.0000, 1.0000",#FFFFFF,"1.0000, 1.0000, 1.0000",False
9,594.95996,841.91998,rect,316.7877341285105,420.35295490129283,47.7211719636183,78.18153101443602,103.56522077278231,30.460359050817715,True,False,"0.9569, 0.9686, 0.9725",#F4F7F8,"0.9569, 0.9686, 0.9725",False
9,594.95996,841.91998,rect,316.7877341285105,317.8030794302045,47.7211719636183,78.18153101443602,1.0153453016939693,30.460359050817715,True,False,"1.0000, 1.0000, 1.0000",#FFFFFF,"1.0000, 1.0000, 1.0000",False
9,594.95996,841.91998,rect,342.6790393217061,343.6943846234,47.7211719636183,78.18153101443602,1.0153453016939125,30.460359050817715,True,False,"1.0000, 1.0000, 1.0000",#FFFFFF,"1.0000, 1.0000, 1.0000",False
9,594.95996,841.91998,rect,368.57034451490165,369.5856898165956,47.7211719636183,78.18153101443602,1.0153453016939693,30.460359050817715,True,False,"1.0000, 1.0000, 1.0000",#FFFFFF,"1.0000, 1.0000, 1.0000",False
9,594.95996,841.91998,rect,394.46164970809724,395.4769950097912,47.7211719636183,78.18153101443602,1.0153453016939693,30.460359050817715,True,False,"1.0000, 1.0000, 1.0000",#FFFFFF,"1.0000, 1.0000, 1.0000",False
9,594.95996,841.91998,rect,420.35295490129283,523.9181756740751,47.7211719636183,78.18153101443602,103.56522077278225,30.460359050817715,True,False,"0.9569, 0.9686, 0.9725",#F4F7F8,"0.9569, 0.9686, 0.9725",False
9,594.95996,841.91998,rect,420.35295490129283,421.36830020298675,47.7211719636183,78.18153101443602,1.0153453016939125,30.460359050817715,True,False,"1.0000, 1.0000, 1.0000",#FFFFFF,"1.0000, 1.0000, 1.0000",False
9,594.95996,841.91998,rect,446.24426009448837,447.25960539618234,47.7211719636183,78.18153101443602,1.0153453016939693,30.460359050817715,True,False,"1.0000, 1.0000, 1.0000",#FFFFFF,"1.0000, 1.0000, 1.0000",False
9,594.95996,841.91998,rect,472.13556528768396,473.1509105893779,47.7211719636183,78.18153101443602,1.0153453016939125,30.460359050817715,True,False,"1.0000, 1.0000, 1.0000",#FFFFFF,"1.0000, 1.0000, 1.0000",False
9,594.95996,841.91998,rect,498.02687048087955,499.04221578257346,47.7211719636183,78.18153101443602,1.0153453016939125,30.460359050817715,True,False,"1.0000, 1.0000, 1.0000",#FFFFFF,"1.0000, 1.0000, 1.0000",False
9,594.95996,841.91998,rect,523.9181756740751,575.7007860604663,47.7211719636183,78.18153101443602,51.782610386391184,30.460359050817715,True,False,"0.9569, 0.9686, 0.9725",#F4F7F8,"0.9569, 0.9686, 0.9725",False
9,594.95996,841.91998,rect,523.9181756740751,524.933520975769,47.7211719636183,78.18153101443602,1.0153453016939693,30.460359050817715,True,False,"1.0000, 1.0000, 1.0000",#FFFFFF,"1.0000, 1.0000, 1.0000",False
9,594.95996,841.91998,rect,549.8094808672706,550.8248261689646,47.7211719636183,78.18153101443602,1.0153453016939693,30.460359050817715,True,False,"1.0000, 1.0000, 1.0000",#FFFFFF,"1.0000, 1.0000, 1.0000",False
9,594.95996,841.91998,rect,92.3964224541489,115.74936439310962,79.19687631613067,109.65723536694838,23.35294193896071,30.460359050817715,True,False,"0.9569, 0.9686, 0.9725",#F4F7F8,"0.9569, 0.9686, 0.9725",False
9,594.95996,841.91998,rect,92.3964224541489,93.41176775584285,79.19687631613067,109.65723536694838,1.0153453016939409,30.460359050817715,True,False,"1.0000, 1.0000, 1.0000",#FFFFFF,"1.0000, 1.0000, 1.0000",False
9,594.95996,841.91998,rect,115.74936439310962,161.43990296933708,79.19687631613067,109.65723536694838,45.69053857622747,30.460359050817715,True,False,"0.9569, 0.9686, 0.9725",#F4F7F8,"0.9569, 0.9686, 0.9725",False
9,594.95996,841.91998,rect,115.74936439310962,116.76470969480356,79.19687631613067,109.65723536694838,1.0153453016939409,30.460359050817715,True,False,"1.0000, 1.0000, 1.0000",#FFFFFF,"1.0000, 1.0000, 1.0000",False
9,594.95996,841.91998,rect,161.43990296933708,213.22251335572824,79.19687631613067,109.65723536694838,51.782610386391156,30.460359050817715,True,False,"0.9569, 0.9686, 0.9725",#F4F7F8,"0.9569, 0.9686, 0.9725",False
9,594.95996,841.91998,rect,161.43990296933708,162.45524827103105,79.19687631613067,109.65723536694838,1.0153453016939693,30.460359050817715,True,False,"1.0000, 1.0000, 1.0000",#FFFFFF,"1.0000, 1.0000, 1.0000",False
9,594.95996,841.91998,rect,187.33120816253268,188.34655346422662,79.19687631613067,109.65723536694838,1.0153453016939409,30.460359050817715,True,False,"1.0000, 1.0000, 1.0000",#FFFFFF,"1.0000, 1.0000, 1.0000",False
9,594.95996,841.91998,rect,213.22251335572824,316.7877341285105,79.19687631613067,109.65723536694838,103.56522077278228,30.460359050817715,True,False,"0.9569, 0.9686, 0.9725",#F4F7F8,"0.9569, 0.9686, 0.9725",False
9,594.95996,841.91998,rect,213.22251335572824,214.23785865742218,79.19687631613067,109.65723536694838,1.0153453016939409,30.460359050817715,True,False,"1.0000, 1.0000, 1.0000",#FFFFFF,"1.0000, 1.0000, 1.0000",False
9,594.95996,841.91998,rect,239.1138185489238,240.12916385061774,79.19687631613067,109.65723536694838,1.0153453016939409,30.460359050817715,True,False,"1.0000, 1.0000, 1.0000",#FFFFFF,"1.0000, 1.0000, 1.0000",False
9,594.95996,841.91998,rect,265.0051237421194,266.0204690438133,79.19687631613067,109.65723536694838,1.0153453016939125,30.460359050817715,True,False,"1.0000, 1.0000, 1.0000",#FFFFFF,"1.0000, 1.0000, 1.0000",False
9,594.95996,841.91998,rect,290.89642893531493,291.9117742370089,79.19687631613067,109.65723536694838,1.0153453016939693,30.460359050817715,True,False,"1.0000, 1.0000, 1.0000",#FFFFFF,"1.0000, 1.0000, 1.0000",False
9,594.95996,841.91998,rect,316.7877341285105,420.35295490129283,79.19687631613067,109.65723536694838,103.56522077278231,30.460359050817715,True,False,"0.9569, 0.9686, 0.9725",#F4F7F8,"0.9569, 0.9686, 0.9725",False
9,594.95996,841.91998,rect,316.7877341285105,317.8030794302045,79.19687631613067,109.65723536694838,1.0153453016939693,30.460359050817715,True,False,"1.0000, 1.0000, 1.0000",#FFFFFF,"1.0000, 1.0000, 1.0000",False
9,594.95996,841.91998,rect,342.6790393217061,343.6943846234,79.19687631613067,109.65723536694838,1.0153453016939125,30.460359050817715,True,False,"1.0000, 1.0000, 1.0000",#FFFFFF,"1.0000, 1.0000, 1.0000",False
9,594.95996,841.91998,rect,368.57034451490165,369.5856898165956,79.19687631613067,109.65723536694838,1.0153453016939693,30.460359050817715,True,False,"1.0000, 1.0000, 1.0000",#FFFFFF,"1.0000, 1.0000, 1.0000",False
9,594.95996,841.91998,rect,394.46164970809724,395.4769950097912,79.19687631613067,109.65723536694838,1.0153453016939693,30.460359050817715,True,False,"1.0000, 1.0000, 1.0000",#FFFFFF,"1.0000, 1.0000, 1.0000",False
9,594.95996,841.91998,rect,420.35295490129283,523.9181756740751,79.19687631613067,109.65723536694838,103.56522077278225,30.460359050817715,True,False,"0.9569, 0.9686, 0.9725",#F4F7F8,"0.9569, 0.9686, 0.9725",False
9,594.95996,841.91998,rect,420.35295490129283,421.36830020298675,79.19687631613067,109.65723536694838,1.0153453016939125,30.460359050817715,True,False,"1.0000, 1.0000, 1.0000",#FFFFFF,"1.0000, 1.0000, 1.0000",False
9,594.95996,841.91998,rect,446.24426009448837,447.25960539618234,79.19687631613067,109.65723536694838,1.0153453016939693,30.460359050817715,True,False,"1.0000, 1.0000, 1.0000",#FFFFFF,"1.0000, 1.0000, 1.0000",False
9,594.95996,841.91998,rect,472.13556528768396,473.1509105893779,79.19687631613067,109.65723536694838,1.0153453016939125,30.460359050817715,True,False,"1.0000, 1.0000, 1.0000",#FFFFFF,"1.0000, 1.0000, 1.0000",False
9,594.95996,841.91998,rect,498.02687048087955,499.04221578257346,79.19687631613067,109.65723536694838,1.0153453016939125,30.460359050817715,True,False,"1.0000, 1.0000, 1.0000",#FFFFFF,"1.0000, 1.0000, 1.0000",False
9,594.95996,841.91998,rect,523.9181756740751,575.7007860604663,79.19687631613067,109.65723536694838,51.782610386391184,30.460359050817715,True,False,"0.9569, 0.9686, 0.9725",#F4F7F8,"0.9569, 0.9686, 0.9725",False
9,594.95996,841.91998,rect,523.9181756740751,524.933520975769,79.19687631613067,109.65723536694838,1.0153453016939693,30.460359050817715,True,False,"1.0000, 1.0000, 1.0000",#FFFFFF,"1.0000, 1.0000, 1.0000",False
9,594.95996,841.91998,rect,549.8094808672706,550.8248261689646,79.19687631613067,109.65723536694838,1.0153453016939693,30.460359050817715,True,False,"1.0000, 1.0000, 1.0000",#FFFFFF,"1.0000, 1.0000, 1.0000",False
9,594.95996,841.91998,rect,92.3964224541489,115.74936439310962,110.67258066864304,141.13293971946075,23.35294193896071,30.460359050817715,True,False,"0.9569, 0.9686, 0.9725",#F4F7F8,"0.9569, 0.9686, 0.9725",False
9,594.95996,841.91998,rect,92.3964224541489,93.41176775584285,110.67258066864304,141.13293971946075,1.0153453016939409,30.460359050817715,True,False,"1.0000, 1.0000, 1.0000",#FFFFFF,"1.0000, 1.0000, 1.0000",False
9,594.95996,841.91998,rect,115.74936439310962,161.43990296933708,110.67258066864304,141.13293971946075,45.69053857622747,30.460359050817715,True,False,"0.9569, 0.9686, 0.9725",#F4F7F8,"0.9569, 0.9686, 0.9725",False
9,594.95996,841.91998,rect,115.74936439310962,116.76470969480356,110.67258066864304,141.13293971946075,1.0153453016939409,30.460359050817715,True,False,"1.0000, 1.0000, 1.0000",#FFFFFF,"1.0000, 1.0000, 1.0000",False
9,594.95996,841.91998,rect,161.43990296933708,213.22251335572824,110.67258066864304,141.13293971946075,51.782610386391156,30.460359050817715,True,False,"0.9569, 0.9686, 0.9725",#F4F7F8,"0.9569, 0.9686, 0.9725",False
9,594.95996,841.91998,rect,161.43990296933708,162.45524827103105,110.67258066864304,141.13293971946075,1.0153453016939693,30.460359050817715,True,False,"1.0000, 1.0000, 1.0000",#FFFFFF,"1.0000, 1.0000, 1.0000",False
9,594.95996,841.91998,rect,187.33120816253268,188.34655346422662,110.67258066864304,141.13293971946075,1.0153453016939409,30.460359050817715,True,False,"1.0000, 1.0000, 1.0000",#FFFFFF,"1.0000, 1.0000, 1.0000",False
9,594.95996,841.91998,rect,213.22251335572824,316.7877341285105,110.67258066864304,141.13293971946075,103.56522077278228,30.460359050817715,True,False,"0.9569, 0.9686, 0.9725",#F4F7F8,"0.9569, 0.9686, 0.9725",False
9,594.95996,841.91998,rect,213.22251335572824,214.23785865742218,110.67258066864304,141.13293971946075,1.0153453016939409,30.460359050817715,True,False,"1.0000, 1.0000, 1.0000",#FFFFFF,"1.0000, 1.0000, 1.0000",False
9,594.95996,841.91998,rect,239.1138185489238,240.12916385061774,110.67258066864304,141.13293971946075,1.0153453016939409,30.460359050817715,True,False,"1.0000, 1.0000, 1.0000",#FFFFFF,"1.0000, 1.0000, 1.0000",False
9,594.95996,841.91998,rect,265.0051237421194,266.0204690438133,110.67258066864304,141.13293971946075,1.0153453016939125,30.460359050817715,True,False,"1.0000, 1.0000, 1.0000",#FFFFFF,"1.0000, 1.0000, 1.0000",False
9,594.95996,841.91998,rect,290.89642893531493,291.9117742370089,110.67258066864304,141.13293971946075,1.0153453016939693,30.460359050817715,True,False,"1.0000, 1.0000, 1.0000",#FFFFFF,"1.0000, 1.0000, 1.0000",False
9,594.95996,841.91998,rect,316.7877341285105,420.35295490129283,110.67258066864304,141.13293971946075,103.56522077278231,30.460359050817715,True,False,"0.9569, 0.9686, 0.9725",#F4F7F8,"0.9569, 0.9686, 0.9725",False
9,594.95996,841.91998,rect,316.7877341285105,317.8030794302045,110.67258066864304,141.13293971946075,1.0153453016939693,30.460359050817715,True,False,"1.0000, 1.0000, 1.0000",#FFFFFF,"1.0000, 1.0000, 1.0000",False
9,594.95996,841.91998,rect,342.6790393217061,343.6943846234,110.67258066864304,141.13293971946075,1.0153453016939125,30.460359050817715,True,False,"1.0000, 1.0000, 1.0000",#FFFFFF,"1.0000, 1.0000, 1.0000",False
9,594.95996,841.91998,rect,368.57034451490165,369.5856898165956,110.67258066864304,141.13293971946075,1.0153453016939693,30.460359050817715,True,False,"1.0000, 1.0000, 1.0000",#FFFFFF,"1.0000, 1.0000, 1.0000",False
9,594.95996,841.91998,rect,394.46164970809724,395.4769950097912,110.67258066864304,141.13293971946075,1.0153453016939693,30.460359050817715,True,False,"1.0000, 1.0000, 1.0000",#FFFFFF,"1.0000, 1.0000, 1.0000",False
9,594.95996,841.91998,rect,420.35295490129283,523.9181756740751,110.67258066864304,141.13293971946075,103.56522077278225,30.460359050817715,True,False,"0.9569, 0.9686, 0.9725",#F4F7F8,"0.9569, 0.9686, 0.9725",False
9,594.95996,841.91998,rect,420.35295490129283,421.36830020298675,110.67258066864304,141.13293971946075,1.0153453016939125,30.460359050817715,True,False,"1.0000, 1.0000, 1.0000",#FFFFFF,"1.0000, 1.0000, 1.0000",False
9,594.95996,841.91998,rect,446.24426009448837,447.25960539618234,110.67258066864304,141.13293971946075,1.0153453016939693,30.460359050817715,True,False,"1.0000, 1.0000, 1.0000",#FFFFFF,"1.0000, 1.0000, 1.0000",False
9,594.95996,841.91998,rect,472.13556528768396,473.1509105893779,110.67258066864304,141.13293971946075,1.0153453016939125,30.460359050817715,True,False,"1.0000, 1.0000, 1.0000",#FFFFFF,"1.0000, 1.0000, 1.0000",False
9,594.95996,841.91998,rect,498.02687048087955,499.04221578257346,110.67258066864304,141.13293971946075,1.0153453016939125,30.460359050817715,True,False,"1.0000, 1.0000, 1.0000",#FFFFFF,"1.0000, 1.0000, 1.0000",False
9,594.95996,841.91998,rect,523.9181756740751,575.7007860604663,110.67258066864304,141.13293971946075,51.782610386391184,30.460359050817715,True,False,"0.9569, 0.9686, 0.9725",#F4F7F8,"0.9569, 0.9686, 0.9725",False
9,594.95996,841.91998,rect,523.9181756740751,524.933520975769,110.67258066864304,141.13293971946075,1.0153453016939693,30.460359050817715,True,False,"1.0000, 1.0000, 1.0000",#FFFFFF,"1.0000, 1.0000, 1.0000",False
9,594.95996,841.91998,rect,549.8094808672706,550.8248261689646,110.67258066864304,141.13293971946075,1.0153453016939693,30.460359050817715,True,False,"1.0000, 1.0000, 1.0000",#FFFFFF,"1.0000, 1.0000, 1.0000",False
9,594.95996,841.91998,rect,92.3964224541489,115.74936439310962,142.1482850211545,172.60864407197312,23.35294193896071,30.460359050818624,True,False,"0.9569, 0.9686, 0.9725",#F4F7F8,"0.9569, 0.9686, 0.9725",False
9,594.95996,841.91998,rect,92.3964224541489,93.41176775584285,142.1482850211545,172.60864407197312,1.0153453016939409,30.460359050818624,True,False,"1.0000, 1.0000, 1.0000",#FFFFFF,"1.0000, 1.0000, 1.0000",False
9,594.95996,841.91998,rect,115.74936439310962,161.43990296933708,142.1482850211545,172.60864407197312,45.69053857622747,30.460359050818624,True,False,"0.9569, 0.9686, 0.9725",#F4F7F8,"0.9569, 0.9686, 0.9725",False
9,594.95996,841.91998,rect,115.74936439310962,116.76470969480356,142.1482850211545,172.60864407197312,1.0153453016939409,30.460359050818624,True,False,"1.0000, 1.0000, 1.0000",#FFFFFF,"1.0000, 1.0000, 1.0000",False
9,594.95996,841.91998,rect,161.43990296933708,213.22251335572824,142.1482850211545,172.60864407197312,51.782610386391156,30.460359050818624,True,False,"0.9569, 0.9686, 0.9725",#F4F7F8,"0.9569, 0.9686, 0.9725",False
9,594.95996,841.91998,rect,161.43990296933708,162.45524827103105,142.1482850211545,172.60864407197312,1.0153453016939693,30.460359050818624,True,False,"1.0000, 1.0000, 1.0000",#FFFFFF,"1.0000, 1.0000, 1.0000",False
9,594.95996,841.91998,rect,187.33120816253268,188.34655346422662,142.1482850211545,172.60864407197312,1.0153453016939409,30.460359050818624,True,False,"1.0000, 1.0000, 1.0000",#FFFFFF,"1.0000, 1.0000, 1.0000",False
9,594.95996,841.91998,rect,213.22251335572824,316.7877341285105,142.1482850211545,172.60864407197312,103.56522077278228,30.460359050818624,True,False,"0.9569, 0.9686, 0.9725",#F4F7F8,"0.9569, 0.9686, 0.9725",False
9,594.95996,841.91998,rect,213.22251335572824,214.23785865742218,142.1482850211545,172.60864407197312,1.0153453016939409,30.460359050818624,True,False,"1.0000, 1.0000, 1.0000",#FFFFFF,"1.0000, 1.0000, 1.0000",False
9,594.95996,841.91998,rect,239.1138185489238,240.12916385061774,142.1482850211545,172.60864407197312,1.0153453016939409,30.460359050818624,True,False,"1.0000, 1.0000, 1.0000",#FFFFFF,"1.0000, 1.0000, 1.0000",False
9,594.95996,841.91998,rect,265.0051237421194,266.0204690438133,142.1482850211545,172.60864407197312,1.0153453016939125,30.460359050818624,True,False,"1.0000, 1.0000, 1.0000",#FFFFFF,"1.0000, 1.0000, 1.0000",False
9,594.95996,841.91998,rect,290.89642893531493,291.9117742370089,142.1482850211545,172.60864407197312,1.0153453016939693,30.460359050818624,True,False,"1.0000, 1.0000, 1.0000",#FFFFFF,"1.0000, 1.0000, 1.0000",False
9,594.95996,841.91998,rect,316.7877341285105,420.35295490129283,142.1482850211545,172.60864407197312,103.56522077278231,30.460359050818624,True,False,"0.9569, 0.9686, 0.9725",#F4F7F8,"0.9569, 0.9686, 0.9725",False
9,594.95996,841.91998,rect,316.7877341285105,317.8030794302045,142.1482850211545,172.60864407197312,1.0153453016939693,30.460359050818624,True,False,"1.0000, 1.0000, 1.0000",#FFFFFF,"1.0000, 1.0000, 1.0000",False
9,594.95996,841.91998,rect,342.6790393217061,343.6943846234,142.1482850211545,172.60864407197312,1.0153453016939125,30.460359050818624,True,False,"1.0000, 1.0000, 1.0000",#FFFFFF,"1.0000, 1.0000, 1.0000",False
9,594.95996,841.91998,rect,368.57034451490165,369.5856898165956,142.1482850211545,172.60864407197312,1.0153453016939693,30.460359050818624,True,False,"1.0000, 1.0000, 1.0000",#FFFFFF,"1.0000, 1.0000, 1.0000",False
9,594.95996,841.91998,rect,394.46164970809724,395.4769950097912,142.1482850211545,172.60864407197312,1.0153453016939693,30.460359050818624,True,False,"1.0000, 1.0000, 1.0000",#FFFFFF,"1.0000, 1.0000, 1.0000",False
9,594.95996,841.91998,rect,420.35295490129283,523.9181756740751,142.1482850211545,172.60864407197312,103.56522077278225,30.460359050818624,True,False,"0.9569, 0.9686, 0.9725",#F4F7F8,"0.9569, 0.9686, 0.9725",False
9,594.95996,841.91998,rect,420.35295490129283,421.36830020298675,142.1482850211545,172.60864407197312,1.0153453016939125,30.460359050818624,True,False,"1.0000, 1.0000, 1.0000",#FFFFFF,"1.0000, 1.0000, 1.0000",False
9,594.95996,841.91998,rect,446.24426009448837,447.25960539618234,142.1482850211545,172.60864407197312,1.0153453016939693,30.460359050818624,True,False,"1.0000, 1.0000, 1.0000",#FFFFFF,"1.0000, 1.0000, 1.0000",False
9,594.95996,841.91998,rect,472.13556528768396,473.1509105893779,142.1482850211545,172.60864407197312,1.0153453016939125,30.460359050818624,True,False,"1.0000, 1.0000, 1.0000",#FFFFFF,"1.0000, 1.0000, 1.0000",False
9,594.95996,841.91998,rect,498.02687048087955,499.04221578257346,142.1482850211545,172.60864407197312,1.0153453016939125,30.460359050818624,True,False,"1.0000, 1.0000, 1.0000",#FFFFFF,"1.0000, 1.0000, 1.0000",False
9,594.95996,841.91998,rect,523.9181756740751,575.7007860604663,142.1482850211545,172.60864407197312,51.782610386391184,30.460359050818624,True,False,"0.9569, 0.9686, 0.9725",#F4F7F8,"0.9569, 0.9686, 0.9725",False
9,594.95996,841.91998,rect,523.9181756740751,524.933520975769,142.1482850211545,172.60864407197312,1.0153453016939693,30.460359050818624,True,False,"1.0000, 1.0000, 1.0000",#FFFFFF,"1.0000, 1.0000, 1.0000",False
9,594.95996,841.91998,rect,549.8094808672706,550.8248261689646,142.1482850211545,172.60864407197312,1.0153453016939693,30.460359050818624,True,False,"1.0000, 1.0000, 1.0000",#FFFFFF,"1.0000, 1.0000, 1.0000",False
9,594.95996,841.91998,rect,92.3964224541489,115.74936439310962,173.62398937366686,204.08434842448548,23.35294193896071,30.460359050818624,True,False,"0.9569, 0.9686, 0.9725",#F4F7F8,"0.9569, 0.9686, 0.9725",False
9,594.95996,841.91998,rect,92.3964224541489,93.41176775584285,173.62398937366686,204.08434842448548,1.0153453016939409,30.460359050818624,True,False,"1.0000, 1.0000, 1.0000",#FFFFFF,"1.0000, 1.0000, 1.0000",False
9,594.95996,841.91998,rect,115.74936439310962,161.43990296933708,173.62398937366686,204.08434842448548,45.69053857622747,30.460359050818624,True,False,"0.9569, 0.9686, 0.9725",#F4F7F8,"0.9569, 0.9686, 0.9725",False
9,594.95996,841.91998,rect,115.74936439310962,116.76470969480356,173.62398937366686,204.08434842448548,1.0153453016939409,30.460359050818624,True,False,"1.0000, 1.0000, 1.0000",#FFFFFF,"1.0000, 1.0000, 1.0000",False
9,594.95996,841.91998,rect,161.43990296933708,213.22251335572824,173.62398937366686,204.08434842448548,51.782610386391156,30.460359050818624,True,False,"0.9569, 0.9686, 0.9725",#F4F7F8,"0.9569, 0.9686, 0.9725",False
9,594.95996,841.91998,rect,161.43990296933708,162.45524827103105,173.62398937366686,204.08434842448548,1.0153453016939693,30.460359050818624,True,False,"1.0000, 1.0000, 1.0000",#FFFFFF,"1.0000, 1.0000, 1.0000",False
9,594.95996,841.91998,rect,187.33120816253268,188.34655346422662,173.62398937366686,204.08434842448548,1.0153453016939409,30.460359050818624,True,False,"1.0000, 1.0000, 1.0000",#FFFFFF,"1.0000, 1.0000, 1.0000",False
9,594.95996,841.91998,rect,213.22251335572824,316.7877341285105,173.62398937366686,204.08434842448548,103.56522077278228,30.460359050818624,True,False,"0.9569, 0.9686, 0.9725",#F4F7F8,"0.9569, 0.9686, 0.9725",False
9,594.95996,841.91998,rect,213.22251335572824,214.23785865742218,173.62398937366686,204.08434842448548,1.0153453016939409,30.460359050818624,True,False,"1.0000, 1.0000, 1.0000",#FFFFFF,"1.0000, 1.0000, 1.0000",False
9,594.95996,841.91998,rect,239.1138185489238,240.12916385061774,173.62398937366686,204.08434842448548,1.0153453016939409,30.460359050818624,True,False,"1.0000, 1.0000, 1.0000",#FFFFFF,"1.0000, 1.0000, 1.0000",False
9,594.95996,841.91998,rect,265.0051237421194,266.0204690438133,173.62398937366686,204.08434842448548,1.0153453016939125,30.460359050818624,True,False,"1.0000, 1.0000, 1.0000",#FFFFFF,"1.0000, 1.0000, 1.0000",False
9,594.95996,841.91998,rect,290.89642893531493,291.9117742370089,173.62398937366686,204.08434842448548,1.0153453016939693,30.460359050818624,True,False,"1.0000, 1.0000, 1.0000",#FFFFFF,"1.0000, 1.0000, 1.0000",False
9,594.95996,841.91998,rect,316.7877341285105,420.35295490129283,173.62398937366686,204.08434842448548,103.56522077278231,30.460359050818624,True,False,"0.9569, 0.9686, 0.9725",#F4F7F8,"0.9569, 0.9686, 0.9725",False
9,594.95996,841.91998,rect,316.7877341285105,317.8030794302045,173.62398937366686,204.08434842448548,1.0153453016939693,30.460359050818624,True,False,"1.0000, 1.0000, 1.0000",#FFFFFF,"1.0000, 1.0000, 1.0000",False
9,594.95996,841.91998,rect,342.6790393217061,343.6943846234,173.62398937366686,204.08434842448548,1.0153453016939125,30.460359050818624,True,False,"1.0000, 1.0000, 1.0000",#FFFFFF,"1.0000, 1.0000, 1.0000",False
9,594.95996,841.91998,rect,368.57034451490165,369.5856898165956,173.62398937366686,204.08434842448548,1.0153453016939693,30.460359050818624,True,False,"1.0000, 1.0000, 1.0000",#FFFFFF,"1.0000, 1.0000, 1.0000",False
9,594.95996,841.91998,rect,394.46164970809724,395.4769950097912,173.62398937366686,204.08434842448548,1.0153453016939693,30.460359050818624,True,False,"1.0000, 1.0000, 1.0000",#FFFFFF,"1.0000, 1.0000, 1.0000",False
9,594.95996,841.91998,rect,420.35295490129283,523.9181756740751,173.62398937366686,204.08434842448548,103.56522077278225,30.460359050818624,True,False,"0.9569, 0.9686, 0.9725",#F4F7F8,"0.9569, 0.9686, 0.9725",False
9,594.95996,841.91998,rect,420.35295490129283,421.36830020298675,173.62398937366686,204.08434842448548,1.0153453016939125,30.460359050818624,True,False,"1.0000, 1.0000, 1.0000",#FFFFFF,"1.0000, 1.0000, 1.0000",False
9,594.95996,841.91998,rect,446.24426009448837,447.25960539618234,173.62398937366686,204.08434842448548,1.0153453016939693,30.460359050818624,True,False,"1.0000, 1.0000, 1.0000",#FFFFFF,"1.0000, 1.0000, 1.0000",False
9,594.95996,841.91998,rect,472.13556528768396,473.1509105893779,173.62398937366686,204.08434842448548,1.0153453016939125,30.460359050818624,True,False,"1.0000, 1.0000, 1.0000",#FFFFFF,"1.0000, 1.0000, 1.0000",False
9,594.95996,841.91998,rect,498.02687048087955,499.04221578257346,173.62398937366686,204.08434842448548,1.0153453016939125,30.460359050818624,True,False,"1.0000, 1.0000, 1.0000",#FFFFFF,"1.0000, 1.0000, 1.0000",False
9,594.95996,841.91998,rect,523.9181756740751,575.7007860604663,173.62398937366686,204.08434842448548,51.782610386391184,30.460359050818624,True,False,"0.9569, 0.9686, 0.9725",#F4F7F8,"0.9569, 0.9686, 0.9725",False
9,594.95996,841.91998,rect,523.9181756740751,524.933520975769,173.62398937366686,204.08434842448548,1.0153453016939693,30.460359050818624,True,False,"1.0000, 1.0000, 1.0000",#FFFFFF,"1.0000, 1.0000, 1.0000",False
9,594.95996,841.91998,rect,549.8094808672706,550.8248261689646,173.62398937366686,204.08434842448548,1.0153453016939693,30.460359050818624,True,False,"1.0000, 1.0000, 1.0000",#FFFFFF,"1.0000, 1.0000, 1.0000",False
9,594.95996,841.91998,rect,92.3964224541489,115.74936439310962,205.09969372617923,235.56005277699785,23.35294193896071,30.460359050818624,True,False,"0.9569, 0.9686, 0.9725",#F4F7F8,"0.9569, 0.9686, 0.9725",False
9,594.95996,841.91998,rect,92.3964224541489,93.41176775584285,205.09969372617923,235.56005277699785,1.0153453016939409,30.460359050818624,True,False,"1.0000, 1.0000, 1.0000",#FFFFFF,"1.0000, 1.0000, 1.0000",False
9,594.95996,841.91998,rect,115.74936439310962,161.43990296933708,205.09969372617923,235.56005277699785,45.69053857622747,30.460359050818624,True,False,"0.9569, 0.9686, 0.9725",#F4F7F8,"0.9569, 0.9686, 0.9725",False
9,594.95996,841.91998,rect,115.74936439310962,116.76470969480356,205.09969372617923,235.56005277699785,1.0153453016939409,30.460359050818624,True,False,"1.0000, 1.0000, 1.0000",#FFFFFF,"1.0000, 1.0000, 1.0000",False
9,594.95996,841.91998,rect,161.43990296933708,213.22251335572824,205.09969372617923,235.56005277699785,51.782610386391156,30.460359050818624,True,False,"0.9569, 0.9686, 0.9725",#F4F7F8,"0.9569, 0.9686, 0.9725",False
9,594.95996,841.91998,rect,161.43990296933708,162.45524827103105,205.09969372617923,235.56005277699785,1.0153453016939693,30.460359050818624,True,False,"1.0000, 1.0000, 1.0000",#FFFFFF,"1.0000, 1.0000, 1.0000",False
9,594.95996,841.91998,rect,187.33120816253268,188.34655346422662,205.09969372617923,235.56005277699785,1.0153453016939409,30.460359050818624,True,False,"1.0000, 1.0000, 1.0000",#FFFFFF,"1.0000, 1.0000, 1.0000",False
9,594.95996,841.91998,rect,213.22251335572824,316.7877341285105,205.09969372617923,235.56005277699785,103.56522077278228,30.460359050818624,True,False,"0.9569, 0.9686, 0.9725",#F4F7F8,"0.9569, 0.9686, 0.9725",False
9,594.95996,841.91998,rect,213.22251335572824,214.23785865742218,205.09969372617923,235.56005277699785,1.0153453016939409,30.460359050818624,True,False,"1.0000, 1.0000, 1.0000",#FFFFFF,"1.0000, 1.0000, 1.0000",False
9,594.95996,841.91998,rect,239.1138185489238,240.12916385061774,205.09969372617923,235.56005277699785,1.0153453016939409,30.460359050818624,True,False,"1.0000, 1.0000, 1.0000",#FFFFFF,"1.0000, 1.0000, 1.0000",False
9,594.95996,841.91998,rect,265.0051237421194,266.0204690438133,205.09969372617923,235.56005277699785,1.0153453016939125,30.460359050818624,True,False,"1.0000, 1.0000, 1.0000",#FFFFFF,"1.0000, 1.0000, 1.0000",False
9,594.95996,841.91998,rect,290.89642893531493,291.9117742370089,205.09969372617923,235.56005277699785,1.0153453016939693,30.460359050818624,True,False,"1.0000, 1.0000, 1.0000",#FFFFFF,"1.0000, 1.0000, 1.0000",False
9,594.95996,841.91998,rect,316.7877341285105,420.35295490129283,205.09969372617923,235.56005277699785,103.56522077278231,30.460359050818624,True,False,"0.9569, 0.9686, 0.9725",#F4F7F8,"0.9569, 0.9686, 0.9725",False
9,594.95996,841.91998,rect,316.7877341285105,317.8030794302045,205.09969372617923,235.56005277699785,1.0153453016939693,30.460359050818624,True,False,"1.0000, 1.0000, 1.0000",#FFFFFF,"1.0000, 1.0000, 1.0000",False
9,594.95996,841.91998,rect,342.6790393217061,343.6943846234,205.09969372617923,235.56005277699785,1.0153453016939125,30.460359050818624,True,False,"1.0000, 1.0000, 1.0000",#FFFFFF,"1.0000, 1.0000, 1.0000",False
9,594.95996,841.91998,rect,368.57034451490165,369.5856898165956,205.09969372617923,235.56005277699785,1.0153453016939693,30.460359050818624,True,False,"1.0000, 1.0000, 1.0000",#FFFFFF,"1.0000, 1.0000, 1.0000",False
9,594.95996,841.91998,rect,394.46164970809724,395.4769950097912,205.09969372617923,235.56005277699785,1.0153453016939693,30.460359050818624,True,False,"1.0000, 1.0000, 1.0000",#FFFFFF,"1.0000, 1.0000, 1.0000",False
9,594.95996,841.91998,rect,420.35295490129283,523.9181756740751,205.09969372617923,235.56005277699785,103.56522077278225,30.460359050818624,True,False,"0.9569, 0.9686, 0.9725",#F4F7F8,"0.9569, 0.9686, 0.9725",False
9,594.95996,841.91998,rect,420.35295490129283,421.36830020298675,205.09969372617923,235.56005277699785,1.0153453016939125,30.460359050818624,True,False,"1.0000, 1.0000, 1.0000",#FFFFFF,"1.0000, 1.0000, 1.0000",False
9,594.95996,841.91998,rect,446.24426009448837,447.25960539618234,205.09969372617923,235.56005277699785,1.0153453016939693,30.460359050818624,True,False,"1.0000, 1.0000, 1.0000",#FFFFFF,"1.0000, 1.0000, 1.0000",False
9,594.95996,841.91998,rect,472.13556528768396,473.1509105893779,205.09969372617923,235.56005277699785,1.0153453016939125,30.460359050818624,True,False,"1.0000, 1.0000, 1.0000",#FFFFFF,"1.0000, 1.0000, 1.0000",False
9,594.95996,841.91998,rect,498.02687048087955,499.04221578257346,205.09969372617923,235.56005277699785,1.0153453016939125,30.460359050818624,True,False,"1.0000, 1.0000, 1.0000",#FFFFFF,"1.0000, 1.0000, 1.0000",False
9,594.95996,841.91998,rect,523.9181756740751,575.7007860604663,205.09969372617923,235.56005277699785,51.782610386391184,30.460359050818624,True,False,"0.9569, 0.9686, 0.9725",#F4F7F8,"0.9569, 0.9686, 0.9725",False
9,594.95996,841.91998,rect,523.9181756740751,524.933520975769,205.09969372617923,235.56005277699785,1.0153453016939693,30.460359050818624,True,False,"1.0000, 1.0000, 1.0000",#FFFFFF,"1.0000, 1.0000, 1.0000",False
9,594.95996,841.91998,rect,549.8094808672706,550.8248261689646,205.09969372617923,235.56005277699785,1.0153453016939693,30.460359050818624,True,False,"1.0000, 1.0000, 1.0000",#FFFFFF,"1.0000, 1.0000, 1.0000",False
9,594.95996,841.91998,rect,92.3964224541489,115.74936439310962,236.5753980786916,267.0357571295102,23.35294193896071,30.460359050818624,True,False,"0.9569, 0.9686, 0.9725",#F4F7F8,"0.9569, 0.9686, 0.9725",False
9,594.95996,841.91998,rect,92.3964224541489,93.41176775584285,236.5753980786916,267.0357571295102,1.0153453016939409,30.460359050818624,True,False,"1.0000, 1.0000, 1.0000",#FFFFFF,"1.0000, 1.0000, 1.0000",False
9,594.95996,841.91998,rect,115.74936439310962,161.43990296933708,236.5753980786916,267.0357571295102,45.69053857622747,30.460359050818624,True,False,"0.9569, 0.9686, 0.9725",#F4F7F8,"0.9569, 0.9686, 0.9725",False
9,594.95996,841.91998,rect,115.74936439310962,116.76470969480356,236.5753980786916,267.0357571295102,1.0153453016939409,30.460359050818624,True,False,"1.0000, 1.0000, 1.0000",#FFFFFF,"1.0000, 1.0000, 1.0000",False
9,594.95996,841.91998,rect,161.43990296933708,213.22251335572824,236.5753980786916,267.0357571295102,51.782610386391156,30.460359050818624,True,False,"0.9569, 0.9686, 0.9725",#F4F7F8,"0.9569, 0.9686, 0.9725",False
9,594.95996,841.91998,rect,161.43990296933708,162.45524827103105,236.5753980786916,267.0357571295102,1.0153453016939693,30.460359050818624,True,False,"1.0000, 1.0000, 1.0000",#FFFFFF,"1.0000, 1.0000, 1.0000",False
9,594.95996,841.91998,rect,187.33120816253268,188.34655346422662,236.5753980786916,267.0357571295102,1.0153453016939409,30.460359050818624,True,False,"1.0000, 1.0000, 1.0000",#FFFFFF,"1.0000, 1.0000, 1.0000",False
9,594.95996,841.91998,rect,213.22251335572824,316.7877341285105,236.5753980786916,267.0357571295102,103.56522077278228,30.460359050818624,True,False,"0.9569, 0.9686, 0.9725",#F4F7F8,"0.9569, 0.9686, 0.9725",False
9,594.95996,841.91998,rect,213.22251335572824,214.23785865742218,236.5753980786916,267.0357571295102,1.0153453016939409,30.460359050818624,True,False,"1.0000, 1.0000, 1.0000",#FFFFFF,"1.0000, 1.0000, 1.0000",False
9,594.95996,841.91998,rect,239.1138185489238,240.12916385061774,236.5753980786916,267.0357571295102,1.0153453016939409,30.460359050818624,True,False,"1.0000, 1.0000, 1.0000",#FFFFFF,"1.0000, 1.0000, 1.0000",False
9,594.95996,841.91998,rect,265.0051237421194,266.0204690438133,236.5753980786916,267.0357571295102,1.0153453016939125,30.460359050818624,True,False,"1.0000, 1.0000, 1.0000",#FFFFFF,"1.0000, 1.0000, 1.0000",False
9,594.95996,841.91998,rect,290.89642893531493,291.9117742370089,236.5753980786916,267.0357571295102,1.0153453016939693,30.460359050818624,True,False,"1.0000, 1.0000, 1.0000",#FFFFFF,"1.0000, 1.0000, 1.0000",False
9,594.95996,841.91998,rect,316.7877341285105,420.35295490129283,236.5753980786916,267.0357571295102,103.56522077278231,30.460359050818624,True,False,"0.9569, 0.9686, 0.9725",#F4F7F8,"0.9569, 0.9686, 0.9725",False
9,594.95996,841.91998,rect,316.7877341285105,317.8030794302045,236.5753980786916,267.0357571295102,1.0153453016939693,30.460359050818624,True,False,"1.0000, 1.0000, 1.0000",#FFFFFF,"1.0000, 1.0000, 1.0000",False
9,594.95996,841.91998,rect,342.6790393217061,343.6943846234,236.5753980786916,267.0357571295102,1.0153453016939125,30.460359050818624,True,False,"1.0000, 1.0000, 1.0000",#FFFFFF,"1.0000, 1.0000, 1.0000",False
9,594.95996,841.91998,rect,368.57034451490165,369.5856898165956,236.5753980786916,267.0357571295102,1.0153453016939693,30.460359050818624,True,False,"1.0000, 1.0000, 1.0000",#FFFFFF,"1.0000, 1.0000, 1.0000",False
9,594.95996,841.91998,rect,394.46164970809724,395.4769950097912,236.5753980786916,267.0357571295102,1.0153453016939693,30.460359050818624,True,False,"1.0000, 1.0000, 1.0000",#FFFFFF,"1.0000, 1.0000, 1.0000",False
9,594.95996,841.91998,rect,420.35295490129283,523.9181756740751,236.5753980786916,267.0357571295102,103.56522077278225,30.460359050818624,True,False,"0.9569, 0.9686, 0.9725",#F4F7F8,"0.9569, 0.9686, 0.9725",False
9,594.95996,841.91998,rect,420.35295490129283,421.36830020298675,236.5753980786916,267.0357571295102,1.0153453016939125,30.460359050818624,True,False,"1.0000, 1.0000, 1.0000",#FFFFFF,"1.0000, 1.0000, 1.0000",False
9,594.95996,841.91998,rect,446.24426009448837,447.25960539618234,236.5753980786916,267.0357571295102,1.0153453016939693,30.460359050818624,True,False,"1.0000, 1.0000, 1.0000",#FFFFFF,"1.0000, 1.0000, 1.0000",False
9,594.95996,841.91998,rect,472.13556528768396,473.1509105893779,236.5753980786916,267.0357571295102,1.0153453016939125,30.460359050818624,True,False,"1.0000, 1.0000, 1.0000",#FFFFFF,"1.0000, 1.0000, 1.0000",False
9,594.95996,841.91998,rect,498.02687048087955,499.04221578257346,236.5753980786916,267.0357571295102,1.0153453016939125,30.460359050818624,True,False,"1.0000, 1.0000, 1.0000",#FFFFFF,"1.0000, 1.0000, 1.0000",False
9,594.95996,841.91998,rect,523.9181756740751,575.7007860604663,236.5753980786916,267.0357571295102,51.782610386391184,30.460359050818624,True,False,"0.9569, 0.9686, 0.9725",#F4F7F8,"0.9569, 0.9686, 0.9725",False
9,594.95996,841.91998,rect,523.9181756740751,524.933520975769,236.5753980786916,267.0357571295102,1.0153453016939693,30.460359050818624,True,False,"1.0000, 1.0000, 1.0000",#FFFFFF,"1.0000, 1.0000, 1.0000",False
9,594.95996,841.91998,rect,549.8094808672706,550.8248261689646,236.5753980786916,267.0357571295102,1.0153453016939693,30.460359050818624,True,False,"1.0000, 1.0000, 1.0000",#FFFFFF,"1.0000, 1.0000, 1.0000",False
9,594.95996,841.91998,rect,92.3964224541489,115.74936439310962,268.05110243120396,298.5114614820226,23.35294193896071,30.460359050818624,True,False,"0.9569, 0.9686, 0.9725",#F4F7F8,"0.9569, 0.9686, 0.9725",False
9,594.95996,841.91998,rect,92.3964224541489,93.41176775584285,268.05110243120396,298.5114614820226,1.0153453016939409,30.460359050818624,True,False,"1.0000, 1.0000, 1.0000",#FFFFFF,"1.0000, 1.0000, 1.0000",False
9,594.95996,841.91998,rect,115.74936439310962,161.43990296933708,268.05110243120396,298.5114614820226,45.69053857622747,30.460359050818624,True,False,"0.9569, 0.9686, 0.9725",#F4F7F8,"0.9569, 0.9686, 0.9725",False
9,594.95996,841.91998,rect,115.74936439310962,116.76470969480356,268.05110243120396,298.5114614820226,1.0153453016939409,30.460359050818624,True,False,"1.0000, 1.0000, 1.0000",#FFFFFF,"1.0000, 1.0000, 1.0000",False
9,594.95996,841.91998,rect,161.43990296933708,213.22251335572824,268.05110243120396,298.5114614820226,51.782610386391156,30.460359050818624,True,False,"0.9569, 0.9686, 0.9725",#F4F7F8,"0.9569, 0.9686, 0.9725",False
9,594.95996,841.91998,rect,161.43990296933708,162.45524827103105,268.05110243120396,298.5114614820226,1.0153453016939693,30.460359050818624,True,False,"1.0000, 1.0000, 1.0000",#FFFFFF,"1.0000, 1.0000, 1.0000",False
9,594.95996,841.91998,rect,187.33120816253268,188.34655346422662,268.05110243120396,298.5114614820226,1.0153453016939409,30.460359050818624,True,False,"1.0000, 1.0000, 1.0000",#FFFFFF,"1.0000, 1.0000, 1.0000",False
9,594.95996,841.91998,rect,213.22251335572824,316.7877341285105,268.05110243120396,298.5114614820226,103.56522077278228,30.460359050818624,True,False,"0.9569, 0.9686, 0.9725",#F4F7F8,"0.9569, 0.9686, 0.9725",False
9,594.95996,841.91998,rect,213.22251335572824,214.23785865742218,268.05110243120396,298.5114614820226,1.0153453016939409,30.460359050818624,True,False,"1.0000, 1.0000, 1.0000",#FFFFFF,"1.0000, 1.0000, 1.0000",False
9,594.95996,841.91998,rect,239.1138185489238,240.12916385061774,268.05110243120396,298.5114614820226,1.0153453016939409,30.460359050818624,True,False,"1.0000, 1.0000, 1.0000",#FFFFFF,"1.0000, 1.0000, 1.0000",False
9,594.95996,841.91998,rect,265.0051237421194,266.0204690438133,268.05110243120396,298.5114614820226,1.0153453016939125,30.460359050818624,True,False,"1.0000, 1.0000, 1.0000",#FFFFFF,"1.0000, 1.0000, 1.0000",False
9,594.95996,841.91998,rect,290.89642893531493,291.9117742370089,268.05110243120396,298.5114614820226,1.0153453016939693,30.460359050818624,True,False,"1.0000, 1.0000, 1.0000",#FFFFFF,"1.0000, 1.0000, 1.0000",False
9,594.95996,841.91998,rect,316.7877341285105,420.35295490129283,268.05110243120396,298.5114614820226,103.56522077278231,30.460359050818624,True,False,"0.9569, 0.9686, 0.9725",#F4F7F8,"0.9569, 0.9686, 0.9725",False
9,594.95996,841.91998,rect,316.7877341285105,317.8030794302045,268.05110243120396,298.5114614820226,1.0153453016939693,30.460359050818624,True,False,"1.0000, 1.0000, 1.0000",#FFFFFF,"1.0000, 1.0000, 1.0000",False
9,594.95996,841.91998,rect,342.6790393217061,343.6943846234,268.05110243120396,298.5114614820226,1.0153453016939125,30.460359050818624,True,False,"1.0000, 1.0000, 1.0000",#FFFFFF,"1.0000, 1.0000, 1.0000",False
9,594.95996,841.91998,rect,368.57034451490165,369.5856898165956,268.05110243120396,298.5114614820226,1.0153453016939693,30.460359050818624,True,False,"1.0000, 1.0000, 1.0000",#FFFFFF,"1.0000, 1.0000, 1.0000",False
9,594.95996,841.91998,rect,394.46164970809724,395.4769950097912,268.05110243120396,298.5114614820226,1.0153453016939693,30.460359050818624,True,False,"1.0000, 1.0000, 1.0000",#FFFFFF,"1.0000, 1.0000, 1.0000",False
9,594.95996,841.91998,rect,420.35295490129283,523.9181756740751,268.05110243120396,298.5114614820226,103.56522077278225,30.460359050818624,True,False,"0.9569, 0.9686, 0.9725",#F4F7F8,"0.9569, 0.9686, 0.9725",False
9,594.95996,841.91998,rect,420.35295490129283,421.36830020298675,268.05110243120396,298.5114614820226,1.0153453016939125,30.460359050818624,True,False,"1.0000, 1.0000, 1.0000",#FFFFFF,"1.0000, 1.0000, 1.0000",False
9,594.95996,841.91998,rect,446.24426009448837,447.25960539618234,268.05110243120396,298.5114614820226,1.0153453016939693,30.460359050818624,True,False,"1.0000, 1.0000, 1.0000",#FFFFFF,"1.0000, 1.0000, 1.0000",False
9,594.95996,841.91998,rect,472.13556528768396,473.1509105893779,268.05110243120396,298.5114614820226,1.0153453016939125,30.460359050818624,True,False,"1.0000, 1.0000, 1.0000",#FFFFFF,"1.0000, 1.0000, 1.0000",False
9,594.95996,841.91998,rect,498.02687048087955,499.04221578257346,268.05110243120396,298.5114614820226,1.0153453016939125,30.460359050818624,True,False,"1.0000, 1.0000, 1.0000",#FFFFFF,"1.0000, 1.0000, 1.0000",False
9,594.95996,841.91998,rect,523.9181756740751,575.7007860604663,268.05110243120396,298.5114614820226,51.782610386391184,30.460359050818624,True,False,"0.9569, 0.9686, 0.9725",#F4F7F8,"0.9569, 0.9686, 0.9725",False
9,594.95996,841.91998,rect,523.9181756740751,524.933520975769,268.05110243120396,298.5114614820226,1.0153453016939693,30.460359050818624,True,False,"1.0000, 1.0000, 1.0000",#FFFFFF,"1.0000, 1.0000, 1.0000",False
9,594.95996,841.91998,rect,549.8094808672706,550.8248261689646,268.05110243120396,298.5114614820226,1.0153453016939693,30.460359050818624,True,False,"1.0000, 1.0000, 1.0000",#FFFFFF,"1.0000, 1.0000, 1.0000",False
9,594.95996,841.91998,rect,92.3964224541489,115.74936439310962,299.5268067837163,329.98716583453495,23.35294193896071,30.460359050818624,True,False,"0.9569, 0.9686, 0.9725",#F4F7F8,"0.9569, 0.9686, 0.9725",False
9,594.95996,841.91998,rect,92.3964224541489,93.41176775584285,299.5268067837163,329.98716583453495,1.0153453016939409,30.460359050818624,True,False,"1.0000, 1.0000, 1.0000",#FFFFFF,"1.0000, 1.0000, 1.0000",False
9,594.95996,841.91998,rect,115.74936439310962,161.43990296933708,299.5268067837163,329.98716583453495,45.69053857622747,30.460359050818624,True,False,"0.9569, 0.9686, 0.9725",#F4F7F8,"0.9569, 0.9686, 0.9725",False
9,594.95996,841.91998,rect,115.74936439310962,116.76470969480356,299.5268067837163,329.98716583453495,1.0153453016939409,30.460359050818624,True,False,"1.0000, 1.0000, 1.0000",#FFFFFF,"1.0000, 1.0000, 1.0000",False
9,594.95996,841.91998,rect,161.43990296933708,213.22251335572824,299.5268067837163,329.98716583453495,51.782610386391156,30.460359050818624,True,False,"0.9569, 0.9686, 0.9725",#F4F7F8,"0.9569, 0.9686, 0.9725",False
9,594.95996,841.91998,rect,161.43990296933708,162.45524827103105,299.5268067837163,329.98716583453495,1.0153453016939693,30.460359050818624,True,False,"1.0000, 1.0000, 1.0000",#FFFFFF,"1.0000, 1.0000, 1.0000",False
9,594.95996,841.91998,rect,187.33120816253268,188.34655346422662,299.5268067837163,329.98716583453495,1.0153453016939409,30.460359050818624,True,False,"1.0000, 1.0000, 1.0000",#FFFFFF,"1.0000, 1.0000, 1.0000",False
9,594.95996,841.91998,rect,213.22251335572824,316.7877341285105,299.5268067837163,329.98716583453495,103.56522077278228,30.460359050818624,True,False,"0.9569, 0.9686, 0.9725",#F4F7F8,"0.9569, 0.9686, 0.9725",False
9,594.95996,841.91998,rect,213.22251335572824,214.23785865742218,299.5268067837163,329.98716583453495,1.0153453016939409,30.460359050818624,True,False,"1.0000, 1.0000, 1.0000",#FFFFFF,"1.0000, 1.0000, 1.0000",False
9,594.95996,841.91998,rect,239.1138185489238,240.12916385061774,299.5268067837163,329.98716583453495,1.0153453016939409,30.460359050818624,True,False,"1.0000, 1.0000, 1.0000",#FFFFFF,"1.0000, 1.0000, 1.0000",False
9,594.95996,841.91998,rect,265.0051237421194,266.0204690438133,299.5268067837163,329.98716583453495,1.0153453016939125,30.460359050818624,True,False,"1.0000, 1.0000, 1.0000",#FFFFFF,"1.0000, 1.0000, 1.0000",False
9,594.95996,841.91998,rect,290.89642893531493,291.9117742370089,299.5268067837163,329.98716583453495,1.0153453016939693,30.460359050818624,True,False,"1.0000, 1.0000, 1.0000",#FFFFFF,"1.0000, 1.0000, 1.0000",False
9,594.95996,841.91998,rect,316.7877341285105,420.35295490129283,299.5268067837163,329.98716583453495,103.56522077278231,30.460359050818624,True,False,"0.9569, 0.9686, 0.9725",#F4F7F8,"0.9569, 0.9686, 0.9725",False
9,594.95996,841.91998,rect,316.7877341285105,317.8030794302045,299.5268067837163,329.98716583453495,1.0153453016939693,30.460359050818624,True,False,"1.0000, 1.0000, 1.0000",#FFFFFF,"1.0000, 1.0000, 1.0000",False
9,594.95996,841.91998,rect,342.6790393217061,343.6943846234,299.5268067837163,329.98716583453495,1.0153453016939125,30.460359050818624,True,False,"1.0000, 1.0000, 1.0000",#FFFFFF,"1.0000, 1.0000, 1.0000",False
9,594.95996,841.91998,rect,368.57034451490165,369.5856898165956,299.5268067837163,329.98716583453495,1.0153453016939693,30.460359050818624,True,False,"1.0000, 1.0000, 1.0000",#FFFFFF,"1.0000, 1.0000, 1.0000",False
9,594.95996,841.91998,rect,394.46164970809724,395.4769950097912,299.5268067837163,329.98716583453495,1.0153453016939693,30.460359050818624,True,False,"1.0000, 1.0000, 1.0000",#FFFFFF,"1.0000, 1.0000, 1.0000",False
9,594.95996,841.91998,rect,420.35295490129283,523.9181756740751,299.5268067837163,329.98716583453495,103.56522077278225,30.460359050818624,True,False,"0.9569, 0.9686, 0.9725",#F4F7F8,"0.9569, 0.9686, 0.9725",False
9,594.95996,841.91998,rect,420.35295490129283,421.36830020298675,299.5268067837163,329.98716583453495,1.0153453016939125,30.460359050818624,True,False,"1.0000, 1.0000, 1.0000",#FFFFFF,"1.0000, 1.0000, 1.0000",False
9,594.95996,841.91998,rect,446.24426009448837,447.25960539618234,299.5268067837163,329.98716583453495,1.0153453016939693,30.460359050818624,True,False,"1.0000, 1.0000, 1.0000",#FFFFFF,"1.0000, 1.0000, 1.0000",False
9,594.95996,841.91998,rect,472.13556528768396,473.1509105893779,299.5268067837163,329.98716583453495,1.0153453016939125,30.460359050818624,True,False,"1.0000, 1.0000, 1.0000",#FFFFFF,"1.0000, 1.0000, 1.0000",False
9,594.95996,841.91998,rect,498.02687048087955,499.04221578257346,299.5268067837163,329.98716583453495,1.0153453016939125,30.460359050818624,True,False,"1.0000, 1.0000, 1.0000",#FFFFFF,"1.0000, 1.0000, 1.0000",False
9,594.95996,841.91998,rect,523.9181756740751,575.7007860604663,299.5268067837163,329.98716583453495,51.782610386391184,30.460359050818624,True,False,"0.9569, 0.9686, 0.9725",#F4F7F8,"0.9569, 0.9686, 0.9725",False
9,594.95996,841.91998,rect,523.9181756740751,524.933520975769,299.5268067837163,329.98716583453495,1.0153453016939693,30.460359050818624,True,False,"1.0000, 1.0000, 1.0000",#FFFFFF,"1.0000, 1.0000, 1.0000",False
9,594.95996,841.91998,rect,549.8094808672706,550.8248261689646,299.5268067837163,329.98716583453495,1.0153453016939693,30.460359050818624,True,False,"1.0000, 1.0000, 1.0000",#FFFFFF,"1.0000, 1.0000, 1.0000",False
9,594.95996,841.91998,rect,92.3964224541489,115.74936439310962,331.0025111362287,361.4628701870464,23.35294193896071,30.460359050817715,True,False,"0.9569, 0.9686, 0.9725",#F4F7F8,"0.9569, 0.9686, 0.9725",False
9,594.95996,841.91998,rect,92.3964224541489,93.41176775584285,331.0025111362287,361.4628701870464,1.0153453016939409,30.460359050817715,True,False,"1.0000, 1.0000, 1.0000",#FFFFFF,"1.0000, 1.0000, 1.0000",False
9,594.95996,841.91998,rect,115.74936439310962,161.43990296933708,331.0025111362287,361.4628701870464,45.69053857622747,30.460359050817715,True,False,"0.9569, 0.9686, 0.9725",#F4F7F8,"0.9569, 0.9686, 0.9725",False
9,594.95996,841.91998,rect,115.74936439310962,116.76470969480356,331.0025111362287,361.4628701870464,1.0153453016939409,30.460359050817715,True,False,"1.0000, 1.0000, 1.0000",#FFFFFF,"1.0000, 1.0000, 1.0000",False
9,594.95996,841.91998,rect,161.43990296933708,213.22251335572824,331.0025111362287,361.4628701870464,51.782610386391156,30.460359050817715,True,False,"0.9569, 0.9686, 0.9725",#F4F7F8,"0.9569, 0.9686, 0.9725",False
9,594.95996,841.91998,rect,161.43990296933708,162.45524827103105,331.0025111362287,361.4628701870464,1.0153453016939693,30.460359050817715,True,False,"1.0000, 1.0000, 1.0000",#FFFFFF,"1.0000, 1.0000, 1.0000",False
9,594.95996,841.91998,rect,187.33120816253268,188.34655346422662,331.0025111362287,361.4628701870464,1.0153453016939409,30.460359050817715,True,False,"1.0000, 1.0000, 1.0000",#FFFFFF,"1.0000, 1.0000, 1.0000",False
9,594.95996,841.91998,rect,213.22251335572824,316.7877341285105,331.0025111362287,361.4628701870464,103.56522077278228,30.460359050817715,True,False,"0.9569, 0.9686, 0.9725",#F4F7F8,"0.9569, 0.9686, 0.9725",False
9,594.95996,841.91998,rect,213.22251335572824,214.23785865742218,331.0025111362287,361.4628701870464,1.0153453016939409,30.460359050817715,True,False,"1.0000, 1.0000, 1.0000",#FFFFFF,"1.0000, 1.0000, 1.0000",False
9,594.95996,841.91998,rect,239.1138185489238,240.12916385061774,331.0025111362287,361.4628701870464,1.0153453016939409,30.460359050817715,True,False,"1.0000, 1.0000, 1.0000",#FFFFFF,"1.0000, 1.0000, 1.0000",False
9,594.95996,841.91998,rect,265.0051237421194,266.0204690438133,331.0025111362287,361.4628701870464,1.0153453016939125,30.460359050817715,True,False,"1.0000, 1.0000, 1.0000",#FFFFFF,"1.0000, 1.0000, 1.0000",False
9,594.95996,841.91998,rect,290.89642893531493,291.9117742370089,331.0025111362287,361.4628701870464,1.0153453016939693,30.460359050817715,True,False,"1.0000, 1.0000, 1.0000",#FFFFFF,"1.0000, 1.0000, 1.0000",False
9,594.95996,841.91998,rect,316.7877341285105,420.35295490129283,331.0025111362287,361.4628701870464,103.56522077278231,30.460359050817715,True,False,"0.9569, 0.9686, 0.9725",#F4F7F8,"0.9569, 0.9686, 0.9725",False
9,594.95996,841.91998,rect,316.7877341285105,317.8030794302045,331.0025111362287,361.4628701870464,1.0153453016939693,30.460359050817715,True,False,"1.0000, 1.0000, 1.0000",#FFFFFF,"1.0000, 1.0000, 1.0000",False
9,594.95996,841.91998,rect,342.6790393217061,343.6943846234,331.0025111362287,361.4628701870464,1.0153453016939125,30.460359050817715,True,False,"1.0000, 1.0000, 1.0000",#FFFFFF,"1.0000, 1.0000, 1.0000",False
9,594.95996,841.91998,rect,368.57034451490165,369.5856898165956,331.0025111362287,361.4628701870464,1.0153453016939693,30.460359050817715,True,False,"1.0000, 1.0000, 1.0000",#FFFFFF,"1.0000, 1.0000, 1.0000",False
9,594.95996,841.91998,rect,394.46164970809724,395.4769950097912,331.0025111362287,361.4628701870464,1.0153453016939693,30.460359050817715,True,False,"1.0000, 1.0000, 1.0000",#FFFFFF,"1.0000, 1.0000, 1.0000",False
9,594.95996,841.91998,rect,420.35295490129283,523.9181756740751,331.0025111362287,361.4628701870464,103.56522077278225,30.460359050817715,True,False,"0.9569, 0.9686, 0.9725",#F4F7F8,"0.9569, 0.9686, 0.9725",False
9,594.95996,841.91998,rect,420.35295490129283,421.36830020298675,331.0025111362287,361.4628701870464,1.0153453016939125,30.460359050817715,True,False,"1.0000, 1.0000, 1.0000",#FFFFFF,"1.0000, 1.0000, 1.0000",False
9,594.95996,841.91998,rect,446.24426009448837,447.25960539618234,331.0025111362287,361.4628701870464,1.0153453016939693,30.460359050817715,True,False,"1.0000, 1.0000, 1.0000",#FFFFFF,"1.0000, 1.0000, 1.0000",False
9,594.95996,841.91998,rect,472.13556528768396,473.1509105893779,331.0025111362287,361.4628701870464,1.0153453016939125,30.460359050817715,True,False,"1.0000, 1.0000, 1.0000",#FFFFFF,"1.0000, 1.0000, 1.0000",False
9,594.95996,841.91998,rect,498.02687048087955,499.04221578257346,331.0025111362287,361.4628701870464,1.0153453016939125,30.460359050817715,True,False,"1.0000, 1.0000, 1.0000",#FFFFFF,"1.0000, 1.0000, 1.0000",False
9,594.95996,841.91998,rect,523.9181756740751,575.7007860604663,331.0025111362287,361.4628701870464,51.782610386391184,30.460359050817715,True,False,"0.9569, 0.9686, 0.9725",#F4F7F8,"0.9569, 0.9686, 0.9725",False
9,594.95996,841.91998,rect,523.9181756740751,524.933520975769,331.0025111362287,361.4628701870464,1.0153453016939693,30.460359050817715,True,False,"1.0000, 1.0000, 1.0000",#FFFFFF,"1.0000, 1.0000, 1.0000",False
9,594.95996,841.91998,rect,549.8094808672706,550.8248261689646,331.0025111362287,361.4628701870464,1.0153453016939693,30.460359050817715,True,False,"1.0000, 1.0000, 1.0000",#FFFFFF,"1.0000, 1.0000, 1.0000",False
9,594.95996,841.91998,rect,92.3964224541489,115.74936439310962,362.47821548874106,392.9385745395588,23.35294193896071,30.460359050817715,True,False,"0.9569, 0.9686, 0.9725",#F4F7F8,"0.9569, 0.9686, 0.9725",False
9,594.95996,841.91998,rect,92.3964224541489,93.41176775584285,362.47821548874106,392.9385745395588,1.0153453016939409,30.460359050817715,True,False,"1.0000, 1.0000, 1.0000",#FFFFFF,"1.0000, 1.0000, 1.0000",False
9,594.95996,841.91998,rect,115.74936439310962,161.43990296933708,362.47821548874106,392.9385745395588,45.69053857622747,30.460359050817715,True,False,"0.9569, 0.9686, 0.9725",#F4F7F8,"0.9569, 0.9686, 0.9725",False
9,594.95996,841.91998,rect,115.74936439310962,116.76470969480356,362.47821548874106,392.9385745395588,1.0153453016939409,30.460359050817715,True,False,"1.0000, 1.0000, 1.0000",#FFFFFF,"1.0000, 1.0000, 1.0000",False
9,594.95996,841.91998,rect,161.43990296933708,213.22251335572824,362.47821548874106,392.9385745395588,51.782610386391156,30.460359050817715,True,False,"0.9569, 0.9686, 0.9725",#F4F7F8,"0.9569, 0.9686, 0.9725",False
9,594.95996,841.91998,rect,161.43990296933708,162.45524827103105,362.47821548874106,392.9385745395588,1.0153453016939693,30.460359050817715,True,False,"1.0000, 1.0000, 1.0000",#FFFFFF,"1.0000, 1.0000, 1.0000",False
9,594.95996,841.91998,rect,187.33120816253268,188.34655346422662,362.47821548874106,392.9385745395588,1.0153453016939409,30.460359050817715,True,False,"1.0000, 1.0000, 1.0000",#FFFFFF,"1.0000, 1.0000, 1.0000",False
9,594.95996,841.91998,rect,213.22251335572824,316.7877341285105,362.47821548874106,392.9385745395588,103.56522077278228,30.460359050817715,True,False,"0.9569, 0.9686, 0.9725",#F4F7F8,"0.9569, 0.9686, 0.9725",False
9,594.95996,841.91998,rect,213.22251335572824,214.23785865742218,362.47821548874106,392.9385745395588,1.0153453016939409,30.460359050817715,True,False,"1.0000, 1.0000, 1.0000",#FFFFFF,"1.0000, 1.0000, 1.0000",False
9,594.95996,841.91998,rect,239.1138185489238,240.12916385061774,362.47821548874106,392.9385745395588,1.0153453016939409,30.460359050817715,True,False,"1.0000, 1.0000, 1.0000",#FFFFFF,"1.0000, 1.0000, 1.0000",False
9,594.95996,841.91998,rect,265.0051237421194,266.0204690438133,362.47821548874106,392.9385745395588,1.0153453016939125,30.460359050817715,True,False,"1.0000, 1.0000, 1.0000",#FFFFFF,"1.0000, 1.0000, 1.0000",False
9,594.95996,841.91998,rect,290.89642893531493,291.9117742370089,362.47821548874106,392.9385745395588,1.0153453016939693,30.460359050817715,True,False,"1.0000, 1.0000, 1.0000",#FFFFFF,"1.0000, 1.0000, 1.0000",False
9,594.95996,841.91998,rect,316.7877341285105,420.35295490129283,362.47821548874106,392.9385745395588,103.56522077278231,30.460359050817715,True,False,"0.9569, 0.9686, 0.9725",#F4F7F8,"0.9569, 0.9686, 0.9725",False
9,594.95996,841.91998,rect,316.7877341285105,317.8030794302045,362.47821548874106,392.9385745395588,1.0153453016939693,30.460359050817715,True,False,"1.0000, 1.0000, 1.0000",#FFFFFF,"1.0000, 1.0000, 1.0000",False
9,594.95996,841.91998,rect,342.6790393217061,343.6943846234,362.47821548874106,392.9385745395588,1.0153453016939125,30.460359050817715,True,False,"1.0000, 1.0000, 1.0000",#FFFFFF,"1.0000, 1.0000, 1.0000",False
9,594.95996,841.91998,rect,368.57034451490165,369.5856898165956,362.47821548874106,392.9385745395588,1.0153453016939693,30.460359050817715,True,False,"1.0000, 1.0000, 1.0000",#FFFFFF,"1.0000, 1.0000, 1.0000",False
9,594.95996,841.91998,rect,394.46164970809724,395.4769950097912,362.47821548874106,392.9385745395588,1.0153453016939693,30.460359050817715,True,False,"1.0000, 1.0000, 1.0000",#FFFFFF,"1.0000, 1.0000, 1.0000",False
9,594.95996,841.91998,rect,420.35295490129283,523.9181756740751,362.47821548874106,392.9385745395588,103.56522077278225,30.460359050817715,True,False,"0.9569, 0.9686, 0.9725",#F4F7F8,"0.9569, 0.9686, 0.9725",False
9,594.95996,841.91998,rect,420.35295490129283,421.36830020298675,362.47821548874106,392.9385745395588,1.0153453016939125,30.460359050817715,True,False,"1.0000, 1.0000, 1.0000",#FFFFFF,"1.0000, 1.0000, 1.0000",False
9,594.95996,841.91998,rect,446.24426009448837,447.25960539618234,362.47821548874106,392.9385745395588,1.0153453016939693,30.460359050817715,True,False,"1.0000, 1.0000, 1.0000",#FFFFFF,"1.0000, 1.0000, 1.0000",False
9,594.95996,841.91998,rect,472.13556528768396,473.1509105893779,362.47821548874106,392.9385745395588,1.0153453016939125,30.460359050817715,True,False,"1.0000, 1.0000, 1.0000",#FFFFFF,"1.0000, 1.0000, 1.0000",False
9,594.95996,841.91998,rect,498.02687048087955,499.04221578257346,362.47821548874106,392.9385745395588,1.0153453016939125,30.460359050817715,True,False,"1.0000, 1.0000, 1.0000",#FFFFFF,"1.0000, 1.0000, 1.0000",False
9,594.95996,841.91998,rect,523.9181756740751,575.7007860604663,362.47821548874106,392.9385745395588,51.782610386391184,30.460359050817715,True,False,"0.9569, 0.9686, 0.9725",#F4F7F8,"0.9569, 0.9686, 0.9725",False
9,594.95996,841.91998,rect,523.9181756740751,524.933520975769,362.47821548874106,392.9385745395588,1.0153453016939693,30.460359050817715,True,False,"1.0000, 1.0000, 1.0000",#FFFFFF,"1.0000, 1.0000, 1.0000",False
9,594.95996,841.91998,rect,549.8094808672706,550.8248261689646,362.47821548874106,392.9385745395588,1.0153453016939693,30.460359050817715,True,False,"1.0000, 1.0000, 1.0000",#FFFFFF,"1.0000, 1.0000, 1.0000",False
9,594.95996,841.91998,rect,92.3964224541489,115.74936439310962,393.9539198412534,424.41427889207114,23.35294193896071,30.460359050817715,True,False,"0.9569, 0.9686, 0.9725",#F4F7F8,"0.9569, 0.9686, 0.9725",False
9,594.95996,841.91998,rect,92.3964224541489,93.41176775584285,393.9539198412534,424.41427889207114,1.0153453016939409,30.460359050817715,True,False,"1.0000, 1.0000, 1.0000",#FFFFFF,"1.0000, 1.0000, 1.0000",False
9,594.95996,841.91998,rect,115.74936439310962,161.43990296933708,393.9539198412534,424.41427889207114,45.69053857622747,30.460359050817715,True,False,"0.9569, 0.9686, 0.9725",#F4F7F8,"0.9569, 0.9686, 0.9725",False
9,594.95996,841.91998,rect,115.74936439310962,116.76470969480356,393.9539198412534,424.41427889207114,1.0153453016939409,30.460359050817715,True,False,"1.0000, 1.0000, 1.0000",#FFFFFF,"1.0000, 1.0000, 1.0000",False
9,594.95996,841.91998,rect,161.43990296933708,213.22251335572824,393.9539198412534,424.41427889207114,51.782610386391156,30.460359050817715,True,False,"0.9569, 0.9686, 0.9725",#F4F7F8,"0.9569, 0.9686, 0.9725",False
9,594.95996,841.91998,rect,161.43990296933708,162.45524827103105,393.9539198412534,424.41427889207114,1.0153453016939693,30.460359050817715,True,False,"1.0000, 1.0000, 1.0000",#FFFFFF,"1.0000, 1.0000, 1.0000",False
9,594.95996,841.91998,rect,187.33120816253268,188.34655346422662,393.9539198412534,424.41427889207114,1.0153453016939409,30.460359050817715,True,False,"1.0000, 1.0000, 1.0000",#FFFFFF,"1.0000, 1.0000, 1.0000",False
9,594.95996,841.91998,rect,213.22251335572824,316.7877341285105,393.9539198412534,424.41427889207114,103.56522077278228,30.460359050817715,True,False,"0.9569, 0.9686, 0.9725",#F4F7F8,"0.9569, 0.9686, 0.9725",False
9,594.95996,841.91998,rect,213.22251335572824,214.23785865742218,393.9539198412534,424.41427889207114,1.0153453016939409,30.460359050817715,True,False,"1.0000, 1.0000, 1.0000",#FFFFFF,"1.0000, 1.0000, 1.0000",False
9,594.95996,841.91998,rect,239.1138185489238,240.12916385061774,393.9539198412534,424.41427889207114,1.0153453016939409,30.460359050817715,True,False,"1.0000, 1.0000, 1.0000",#FFFFFF,"1.0000, 1.0000, 1.0000",False
9,594.95996,841.91998,rect,265.0051237421194,266.0204690438133,393.9539198412534,424.41427889207114,1.0153453016939125,30.460359050817715,True,False,"1.0000, 1.0000, 1.0000",#FFFFFF,"1.0000, 1.0000, 1.0000",False
9,594.95996,841.91998,rect,290.89642893531493,291.9117742370089,393.9539198412534,424.41427889207114,1.0153453016939693,30.460359050817715,True,False,"1.0000, 1.0000, 1.0000",#FFFFFF,"1.0000, 1.0000, 1.0000",False
9,594.95996,841.91998,rect,316.7877341285105,420.35295490129283,393.9539198412534,424.41427889207114,103.56522077278231,30.460359050817715,True,False,"0.9569, 0.9686, 0.9725",#F4F7F8,"0.9569, 0.9686, 0.9725",False
9,594.95996,841.91998,rect,316.7877341285105,317.8030794302045,393.9539198412534,424.41427889207114,1.0153453016939693,30.460359050817715,True,False,"1.0000, 1.0000, 1.0000",#FFFFFF,"1.0000, 1.0000, 1.0000",False
9,594.95996,841.91998,rect,342.6790393217061,343.6943846234,393.9539198412534,424.41427889207114,1.0153453016939125,30.460359050817715,True,False,"1.0000, 1.0000, 1.0000",#FFFFFF,"1.0000, 1.0000, 1.0000",False
9,594.95996,841.91998,rect,368.57034451490165,369.5856898165956,393.9539198412534,424.41427889207114,1.0153453016939693,30.460359050817715,True,False,"1.0000, 1.0000, 1.0000",#FFFFFF,"1.0000, 1.0000, 1.0000",False
9,594.95996,841.91998,rect,394.46164970809724,395.4769950097912,393.9539198412534,424.41427889207114,1.0153453016939693,30.460359050817715,True,False,"1.0000, 1.0000, 1.0000",#FFFFFF,"1.0000, 1.0000, 1.0000",False
9,594.95996,841.91998,rect,420.35295490129283,523.9181756740751,393.9539198412534,424.41427889207114,103.56522077278225,30.460359050817715,True,False,"0.9569, 0.9686, 0.9725",#F4F7F8,"0.9569, 0.9686, 0.9725",False
9,594.95996,841.91998,rect,420.35295490129283,421.36830020298675,393.9539198412534,424.41427889207114,1.0153453016939125,30.460359050817715,True,False,"1.0000, 1.0000, 1.0000",#FFFFFF,"1.0000, 1.0000, 1.0000",False
9,594.95996,841.91998,rect,446.24426009448837,447.25960539618234,393.9539198412534,424.41427889207114,1.0153453016939693,30.460359050817715,True,False,"1.0000, 1.0000, 1.0000",#FFFFFF,"1.0000, 1.0000, 1.0000",False
9,594.95996,841.91998,rect,472.13556528768396,473.1509105893779,393.9539198412534,424.41427889207114,1.0153453016939125,30.460359050817715,True,False,"1.0000, 1.0000, 1.0000",#FFFFFF,"1.0000, 1.0000, 1.0000",False
9,594.95996,841.91998,rect,498.02687048087955,499.04221578257346,393.9539198412534,424.41427889207114,1.0153453016939125,30.460359050817715,True,False,"1.0000, 1.0000, 1.0000",#FFFFFF,"1.0000, 1.0000, 1.0000",False
9,594.95996,841.91998,rect,523.9181756740751,575.7007860604663,393.9539198412534,424.41427889207114,51.782610386391184,30.460359050817715,True,False,"0.9569, 0.9686, 0.9725",#F4F7F8,"0.9569, 0.9686, 0.9725",False
9,594.95996,841.91998,rect,523.9181756740751,524.933520975769,393.9539198412534,424.41427889207114,1.0153453016939693,30.460359050817715,True,False,"1.0000, 1.0000, 1.0000",#FFFFFF,"1.0000, 1.0000, 1.0000",False
9,594.95996,841.91998,rect,549.8094808672706,550.8248261689646,393.9539198412534,424.41427889207114,1.0153453016939693,30.460359050817715,True,False,"1.0000, 1.0000, 1.0000",#FFFFFF,"1.0000, 1.0000, 1.0000",False
9,594.95996,841.91998,rect,92.3964224541489,115.74936439310962,425.4296241937649,455.8899832445835,23.35294193896071,30.460359050818624,True,False,"0.9569, 0.9686, 0.9725",#F4F7F8,"0.9569, 0.9686, 0.9725",False
9,594.95996,841.91998,rect,92.3964224541489,93.41176775584285,425.4296241937649,455.8899832445835,1.0153453016939409,30.460359050818624,True,False,"1.0000, 1.0000, 1.0000",#FFFFFF,"1.0000, 1.0000, 1.0000",False
9,594.95996,841.91998,rect,115.74936439310962,161.43990296933708,425.4296241937649,455.8899832445835,45.69053857622747,30.460359050818624,True,False,"0.9569, 0.9686, 0.9725",#F4F7F8,"0.9569, 0.9686, 0.9725",False
9,594.95996,841.91998,rect,115.74936439310962,116.76470969480356,425.4296241937649,455.8899832445835,1.0153453016939409,30.460359050818624,True,False,"1.0000, 1.0000, 1.0000",#FFFFFF,"1.0000, 1.0000, 1.0000",False
9,594.95996,841.91998,rect,161.43990296933708,213.22251335572824,425.4296241937649,455.8899832445835,51.782610386391156,30.460359050818624,True,False,"0.9569, 0.9686, 0.9725",#F4F7F8,"0.9569, 0.9686, 0.9725",False
9,594.95996,841.91998,rect,161.43990296933708,162.45524827103105,425.4296241937649,455.8899832445835,1.0153453016939693,30.460359050818624,True,False,"1.0000, 1.0000, 1.0000",#FFFFFF,"1.0000, 1.0000, 1.0000",False
9,594.95996,841.91998,rect,187.33120816253268,188.34655346422662,425.4296241937649,455.8899832445835,1.0153453016939409,30.460359050818624,True,False,"1.0000, 1.0000, 1.0000",#FFFFFF,"1.0000, 1.0000, 1.0000",False
9,594.95996,841.91998,rect,213.22251335572824,316.7877341285105,425.4296241937649,455.8899832445835,103.56522077278228,30.460359050818624,True,False,"0.9569, 0.9686, 0.9725",#F4F7F8,"0.9569, 0.9686, 0.9725",False
9,594.95996,841.91998,rect,213.22251335572824,214.23785865742218,425.4296241937649,455.8899832445835,1.0153453016939409,30.460359050818624,True,False,"1.0000, 1.0000, 1.0000",#FFFFFF,"1.0000, 1.0000, 1.0000",False
9,594.95996,841.91998,rect,239.1138185489238,240.12916385061774,425.4296241937649,455.8899832445835,1.0153453016939409,30.460359050818624,True,False,"1.0000, 1.0000, 1.0000",#FFFFFF,"1.0000, 1.0000, 1.0000",False
9,594.95996,841.91998,rect,265.0051237421194,266.0204690438133,425.4296241937649,455.8899832445835,1.0153453016939125,30.460359050818624,True,False,"1.0000, 1.0000, 1.0000",#FFFFFF,"1.0000, 1.0000, 1.0000",False
9,594.95996,841.91998,rect,290.89642893531493,291.9117742370089,425.4296241937649,455.8899832445835,1.0153453016939693,30.460359050818624,True,False,"1.0000, 1.0000, 1.0000",#FFFFFF,"1.0000, 1.0000, 1.0000",False
9,594.95996,841.91998,rect,316.7877341285105,420.35295490129283,425.4296241937649,455.8899832445835,103.56522077278231,30.460359050818624,True,False,"0.9569, 0.9686, 0.9725",#F4F7F8,"0.9569, 0.9686, 0.9725",False
9,594.95996,841.91998,rect,316.7877341285105,317.8030794302045,425.4296241937649,455.8899832445835,1.0153453016939693,30.460359050818624,True,False,"1.0000, 1.0000, 1.0000",#FFFFFF,"1.0000, 1.0000, 1.0000",False
9,594.95996,841.91998,rect,342.6790393217061,343.6943846234,425.4296241937649,455.8899832445835,1.0153453016939125,30.460359050818624,True,False,"1.0000, 1.0000, 1.0000",#FFFFFF,"1.0000, 1.0000, 1.0000",False
9,594.95996,841.91998,rect,368.57034451490165,369.5856898165956,425.4296241937649,455.8899832445835,1.0153453016939693,30.460359050818624,True,False,"1.0000, 1.0000, 1.0000",#FFFFFF,"1.0000, 1.0000, 1.0000",False
9,594.95996,841.91998,rect,394.46164970809724,395.4769950097912,425.4296241937649,455.8899832445835,1.0153453016939693,30.460359050818624,True,False,"1.0000, 1.0000, 1.0000",#FFFFFF,"1.0000, 1.0000, 1.0000",False
9,594.95996,841.91998,rect,420.35295490129283,523.9181756740751,425.4296241937649,455.8899832445835,103.56522077278225,30.460359050818624,True,False,"0.9569, 0.9686, 0.9725",#F4F7F8,"0.9569, 0.9686, 0.9725",False
9,594.95996,841.91998,rect,420.35295490129283,421.36830020298675,425.4296241937649,455.8899832445835,1.0153453016939125,30.460359050818624,True,False,"1.0000, 1.0000, 1.0000",#FFFFFF,"1.0000, 1.0000, 1.0000",False
9,594.95996,841.91998,rect,446.24426009448837,447.25960539618234,425.4296241937649,455.8899832445835,1.0153453016939693,30.460359050818624,True,False,"1.0000, 1.0000, 1.0000",#FFFFFF,"1.0000, 1.0000, 1.0000",False
9,594.95996,841.91998,rect,472.13556528768396,473.1509105893779,425.4296241937649,455.8899832445835,1.0153453016939125,30.460359050818624,True,False,"1.0000, 1.0000, 1.0000",#FFFFFF,"1.0000, 1.0000, 1.0000",False
9,594.95996,841.91998,rect,498.02687048087955,499.04221578257346,425.4296241937649,455.8899832445835,1.0153453016939125,30.460359050818624,True,False,"1.0000, 1.0000, 1.0000",#FFFFFF,"1.0000, 1.0000, 1.0000",False
9,594.95996,841.91998,rect,523.9181756740751,575.7007860604663,425.4296241937649,455.8899832445835,51.782610386391184,30.460359050818624,True,False,"0.9569, 0.9686, 0.9725",#F4F7F8,"0.9569, 0.9686, 0.9725",False
9,594.95996,841.91998,rect,523.9181756740751,524.933520975769,425.4296241937649,455.8899832445835,1.0153453016939693,30.460359050818624,True,False,"1.0000, 1.0000, 1.0000",#FFFFFF,"1.0000, 1.0000, 1.0000",False
9,594.95996,841.91998,rect,549.8094808672706,550.8248261689646,425.4296241937649,455.8899832445835,1.0153453016939693,30.460359050818624,True,False,"1.0000, 1.0000, 1.0000",#FFFFFF,"1.0000, 1.0000, 1.0000",False
9,594.95996,841.91998,rect,92.3964224541489,115.74936439310962,456.90532854627725,487.36568759709587,23.35294193896071,30.460359050818624,True,False,"0.9569, 0.9686, 0.9725",#F4F7F8,"0.9569, 0.9686, 0.9725",False
9,594.95996,841.91998,rect,92.3964224541489,93.41176775584285,456.90532854627725,487.36568759709587,1.0153453016939409,30.460359050818624,True,False,"1.0000, 1.0000, 1.0000",#FFFFFF,"1.0000, 1.0000, 1.0000",False
9,594.95996,841.91998,rect,115.74936439310962,161.43990296933708,456.90532854627725,487.36568759709587,45.69053857622747,30.460359050818624,True,False,"0.9569, 0.9686, 0.9725",#F4F7F8,"0.9569, 0.9686, 0.9725",False
9,594.95996,841.91998,rect,115.74936439310962,116.76470969480356,456.90532854627725,487.36568759709587,1.0153453016939409,30.460359050818624,True,False,"1.0000, 1.0000, 1.0000",#FFFFFF,"1.0000, 1.0000, 1.0000",False
9,594.95996,841.91998,rect,161.43990296933708,213.22251335572824,456.90532854627725,487.36568759709587,51.782610386391156,30.460359050818624,True,False,"0.9569, 0.9686, 0.9725",#F4F7F8,"0.9569, 0.9686, 0.9725",False
9,594.95996,841.91998,rect,161.43990296933708,162.45524827103105,456.90532854627725,487.36568759709587,1.0153453016939693,30.460359050818624,True,False,"1.0000, 1.0000, 1.0000",#FFFFFF,"1.0000, 1.0000, 1.0000",False
9,594.95996,841.91998,rect,187.33120816253268,188.34655346422662,456.90532854627725,487.36568759709587,1.0153453016939409,30.460359050818624,True,False,"1.0000, 1.0000, 1.0000",#FFFFFF,"1.0000, 1.0000, 1.0000",False
9,594.95996,841.91998,rect,213.22251335572824,316.7877341285105,456.90532854627725,487.36568759709587,103.56522077278228,30.460359050818624,True,False,"0.9569, 0.9686, 0.9725",#F4F7F8,"0.9569, 0.9686, 0.9725",False
9,594.95996,841.91998,rect,213.22251335572824,214.23785865742218,456.90532854627725,487.36568759709587,1.0153453016939409,30.460359050818624,True,False,"1.0000, 1.0000, 1.0000",#FFFFFF,"1.0000, 1.0000, 1.0000",False
9,594.95996,841.91998,rect,239.1138185489238,240.12916385061774,456.90532854627725,487.36568759709587,1.0153453016939409,30.460359050818624,True,False,"1.0000, 1.0000, 1.0000",#FFFFFF,"1.0000, 1.0000, 1.0000",False
9,594.95996,841.91998,rect,265.0051237421194,266.0204690438133,456.90532854627725,487.36568759709587,1.0153453016939125,30.460359050818624,True,False,"1.0000, 1.0000, 1.0000",#FFFFFF,"1.0000, 1.0000, 1.0000",False
9,594.95996,841.91998,rect,290.89642893531493,291.9117742370089,456.90532854627725,487.36568759709587,1.0153453016939693,30.460359050818624,True,False,"1.0000, 1.0000, 1.0000",#FFFFFF,"1.0000, 1.0000, 1.0000",False
9,594.95996,841.91998,rect,316.7877341285105,420.35295490129283,456.90532854627725,487.36568759709587,103.56522077278231,30.460359050818624,True,False,"0.9569, 0.9686, 0.9725",#F4F7F8,"0.9569, 0.9686, 0.9725",False
9,594.95996,841.91998,rect,316.7877341285105,317.8030794302045,456.90532854627725,487.36568759709587,1.0153453016939693,30.460359050818624,True,False,"1.0000, 1.0000, 1.0000",#FFFFFF,"1.0000, 1.0000, 1.0000",False
9,594.95996,841.91998,rect,342.6790393217061,343.6943846234,456.90532854627725,487.36568759709587,1.0153453016939125,30.460359050818624,True,False,"1.0000, 1.0000, 1.0000",#FFFFFF,"1.0000, 1.0000, 1.0000",False
9,594.95996,841.91998,rect,368.57034451490165,369.5856898165956,456.90532854627725,487.36568759709587,1.0153453016939693,30.460359050818624,True,False,"1.0000, 1.0000, 1.0000",#FFFFFF,"1.0000, 1.0000, 1.0000",False
9,594.95996,841.91998,rect,394.46164970809724,395.4769950097912,456.90532854627725,487.36568759709587,1.0153453016939693,30.460359050818624,True,False,"1.0000, 1.0000, 1.0000",#FFFFFF,"1.0000, 1.0000, 1.0000",False
9,594.95996,841.91998,rect,420.35295490129283,523.9181756740751,456.90532854627725,487.36568759709587,103.56522077278225,30.460359050818624,True,False,"0.9569, 0.9686, 0.9725",#F4F7F8,"0.9569, 0.9686, 0.9725",False
9,594.95996,841.91998,rect,420.35295490129283,421.36830020298675,456.90532854627725,487.36568759709587,1.0153453016939125,30.460359050818624,True,False,"1.0000, 1.0000, 1.0000",#FFFFFF,"1.0000, 1.0000, 1.0000",False
9,594.95996,841.91998,rect,446.24426009448837,447.25960539618234,456.90532854627725,487.36568759709587,1.0153453016939693,30.460359050818624,True,False,"1.0000, 1.0000, 1.0000",#FFFFFF,"1.0000, 1.0000, 1.0000",False
9,594.95996,841.91998,rect,472.13556528768396,473.1509105893779,456.90532854627725,487.36568759709587,1.0153453016939125,30.460359050818624,True,False,"1.0000, 1.0000, 1.0000",#FFFFFF,"1.0000, 1.0000, 1.0000",False
9,594.95996,841.91998,rect,498.02687048087955,499.04221578257346,456.90532854627725,487.36568759709587,1.0153453016939125,30.460359050818624,True,False,"1.0000, 1.0000, 1.0000",#FFFFFF,"1.0000, 1.0000, 1.0000",False
9,594.95996,841.91998,rect,523.9181756740751,575.7007860604663,456.90532854627725,487.36568759709587,51.782610386391184,30.460359050818624,True,False,"0.9569, 0.9686, 0.9725",#F4F7F8,"0.9569, 0.9686, 0.9725",False
9,594.95996,841.91998,rect,523.9181756740751,524.933520975769,456.90532854627725,487.36568759709587,1.0153453016939693,30.460359050818624,True,False,"1.0000, 1.0000, 1.0000",#FFFFFF,"1.0000, 1.0000, 1.0000",False
9,594.95996,841.91998,rect,549.8094808672706,550.8248261689646,456.90532854627725,487.36568759709587,1.0153453016939693,30.460359050818624,True,False,"1.0000, 1.0000, 1.0000",#FFFFFF,"1.0000, 1.0000, 1.0000",False
9,594.95996,841.91998,rect,92.3964224541489,115.74936439310962,488.3810328987896,518.8413919496082,23.35294193896071,30.460359050818624,True,False,"0.9569, 0.9686, 0.9725",#F4F7F8,"0.9569, 0.9686, 0.9725",False
9,594.95996,841.91998,rect,92.3964224541489,93.41176775584285,488.3810328987896,518.8413919496082,1.0153453016939409,30.460359050818624,True,False,"1.0000, 1.0000, 1.0000",#FFFFFF,"1.0000, 1.0000, 1.0000",False
9,594.95996,841.91998,rect,115.74936439310962,161.43990296933708,488.3810328987896,518.8413919496082,45.69053857622747,30.460359050818624,True,False,"0.9569, 0.9686, 0.9725",#F4F7F8,"0.9569, 0.9686, 0.9725",False
9,594.95996,841.91998,rect,115.74936439310962,116.76470969480356,488.3810328987896,518.8413919496082,1.0153453016939409,30.460359050818624,True,False,"1.0000, 1.0000, 1.0000",#FFFFFF,"1.0000, 1.0000, 1.0000",False
9,594.95996,841.91998,rect,161.43990296933708,213.22251335572824,488.3810328987896,518.8413919496082,51.782610386391156,30.460359050818624,True,False,"0.9569, 0.9686, 0.9725",#F4F7F8,"0.9569, 0.9686, 0.9725",False
9,594.95996,841.91998,rect,161.43990296933708,162.45524827103105,488.3810328987896,518.8413919496082,1.0153453016939693,30.460359050818624,True,False,"1.0000, 1.0000, 1.0000",#FFFFFF,"1.0000, 1.0000, 1.0000",False
9,594.95996,841.91998,rect,187.33120816253268,188.34655346422662,488.3810328987896,518.8413919496082,1.0153453016939409,30.460359050818624,True,False,"1.0000, 1.0000, 1.0000",#FFFFFF,"1.0000, 1.0000, 1.0000",False
9,594.95996,841.91998,rect,213.22251335572824,316.7877341285105,488.3810328987896,518.8413919496082,103.56522077278228,30.460359050818624,True,False,"0.9569, 0.9686, 0.9725",#F4F7F8,"0.9569, 0.9686, 0.9725",False
9,594.95996,841.91998,rect,213.22251335572824,214.23785865742218,488.3810328987896,518.8413919496082,1.0153453016939409,30.460359050818624,True,False,"1.0000, 1.0000, 1.0000",#FFFFFF,"1.0000, 1.0000, 1.0000",False
9,594.95996,841.91998,rect,239.1138185489238,240.12916385061774,488.3810328987896,518.8413919496082,1.0153453016939409,30.460359050818624,True,False,"1.0000, 1.0000, 1.0000",#FFFFFF,"1.0000, 1.0000, 1.0000",False
9,594.95996,841.91998,rect,265.0051237421194,266.0204690438133,488.3810328987896,518.8413919496082,1.0153453016939125,30.460359050818624,True,False,"1.0000, 1.0000, 1.0000",#FFFFFF,"1.0000, 1.0000, 1.0000",False
9,594.95996,841.91998,rect,290.89642893531493,291.9117742370089,488.3810328987896,518.8413919496082,1.0153453016939693,30.460359050818624,True,False,"1.0000, 1.0000, 1.0000",#FFFFFF,"1.0000, 1.0000, 1.0000",False
9,594.95996,841.91998,rect,316.7877341285105,420.35295490129283,488.3810328987896,518.8413919496082,103.56522077278231,30.460359050818624,True,False,"0.9569, 0.9686, 0.9725",#F4F7F8,"0.9569, 0.9686, 0.9725",False
9,594.95996,841.91998,rect,316.7877341285105,317.8030794302045,488.3810328987896,518.8413919496082,1.0153453016939693,30.460359050818624,True,False,"1.0000, 1.0000, 1.0000",#FFFFFF,"1.0000, 1.0000, 1.0000",False
9,594.95996,841.91998,rect,342.6790393217061,343.6943846234,488.3810328987896,518.8413919496082,1.0153453016939125,30.460359050818624,True,False,"1.0000, 1.0000, 1.0000",#FFFFFF,"1.0000, 1.0000, 1.0000",False
9,594.95996,841.91998,rect,368.57034451490165,369.5856898165956,488.3810328987896,518.8413919496082,1.0153453016939693,30.460359050818624,True,False,"1.0000, 1.0000, 1.0000",#FFFFFF,"1.0000, 1.0000, 1.0000",False
9,594.95996,841.91998,rect,394.46164970809724,395.4769950097912,488.3810328987896,518.8413919496082,1.0153453016939693,30.460359050818624,True,False,"1.0000, 1.0000, 1.0000",#FFFFFF,"1.0000, 1.0000, 1.0000",False
9,594.95996,841.91998,rect,420.35295490129283,523.9181756740751,488.3810328987896,518.8413919496082,103.56522077278225,30.460359050818624,True,False,"0.9569, 0.9686, 0.9725",#F4F7F8,"0.9569, 0.9686, 0.9725",False
9,594.95996,841.91998,rect,420.35295490129283,421.36830020298675,488.3810328987896,518.8413919496082,1.0153453016939125,30.460359050818624,True,False,"1.0000, 1.0000, 1.0000",#FFFFFF,"1.0000, 1.0000, 1.0000",False
9,594.95996,841.91998,rect,446.24426009448837,447.25960539618234,488.3810328987896,518.8413919496082,1.0153453016939693,30.460359050818624,True,False,"1.0000, 1.0000, 1.0000",#FFFFFF,"1.0000, 1.0000, 1.0000",False
9,594.95996,841.91998,rect,472.13556528768396,473.1509105893779,488.3810328987896,518.8413919496082,1.0153453016939125,30.460359050818624,True,False,"1.0000, 1.0000, 1.0000",#FFFFFF,"1.0000, 1.0000, 1.0000",False
9,594.95996,841.91998,rect,498.02687048087955,499.04221578257346,488.3810328987896,518.8413919496082,1.0153453016939125,30.460359050818624,True,False,"1.0000, 1.0000, 1.0000",#FFFFFF,"1.0000, 1.0000, 1.0000",False
9,594.95996,841.91998,rect,523.9181756740751,575.7007860604663,488.3810328987896,518.8413919496082,51.782610386391184,30.460359050818624,True,False,"0.9569, 0.9686, 0.9725",#F4F7F8,"0.9569, 0.9686, 0.9725",False
9,594.95996,841.91998,rect,523.9181756740751,524.933520975769,488.3810328987896,518.8413919496082,1.0153453016939693,30.460359050818624,True,False,"1.0000, 1.0000, 1.0000",#FFFFFF,"1.0000, 1.0000, 1.0000",False
9,594.95996,841.91998,rect,549.8094808672706,550.8248261689646,488.3810328987896,518.8413919496082,1.0153453016939693,30.460359050818624,True,False,"1.0000, 1.0000, 1.0000",#FFFFFF,"1.0000, 1.0000, 1.0000",False
9,594.95996,841.91998,rect,92.3964224541489,115.74936439310962,519.856737251302,550.3170963021206,23.35294193896071,30.460359050818624,True,False,"0.9569, 0.9686, 0.9725",#F4F7F8,"0.9569, 0.9686, 0.9725",False
9,594.95996,841.91998,rect,92.3964224541489,93.41176775584285,519.856737251302,550.3170963021206,1.0153453016939409,30.460359050818624,True,False,"1.0000, 1.0000, 1.0000",#FFFFFF,"1.0000, 1.0000, 1.0000",False
9,594.95996,841.91998,rect,115.74936439310962,161.43990296933708,519.856737251302,550.3170963021206,45.69053857622747,30.460359050818624,True,False,"0.9569, 0.9686, 0.9725",#F4F7F8,"0.9569, 0.9686, 0.9725",False
9,594.95996,841.91998,rect,115.74936439310962,116.76470969480356,519.856737251302,550.3170963021206,1.0153453016939409,30.460359050818624,True,False,"1.0000, 1.0000, 1.0000",#FFFFFF,"1.0000, 1.0000, 1.0000",False
9,594.95996,841.91998,rect,161.43990296933708,213.22251335572824,519.856737251302,550.3170963021206,51.782610386391156,30.460359050818624,True,False,"0.9569, 0.9686, 0.9725",#F4F7F8,"0.9569, 0.9686, 0.9725",False
9,594.95996,841.91998,rect,161.43990296933708,162.45524827103105,519.856737251302,550.3170963021206,1.0153453016939693,30.460359050818624,True,False,"1.0000, 1.0000, 1.0000",#FFFFFF,"1.0000, 1.0000, 1.0000",False
9,594.95996,841.91998,rect,187.33120816253268,188.34655346422662,519.856737251302,550.3170963021206,1.0153453016939409,30.460359050818624,True,False,"1.0000, 1.0000, 1.0000",#FFFFFF,"1.0000, 1.0000, 1.0000",False
9,594.95996,841.91998,rect,213.22251335572824,316.7877341285105,519.856737251302,550.3170963021206,103.56522077278228,30.460359050818624,True,False,"0.9569, 0.9686, 0.9725",#F4F7F8,"0.9569, 0.9686, 0.9725",False
9,594.95996,841.91998,rect,213.22251335572824,214.23785865742218,519.856737251302,550.3170963021206,1.0153453016939409,30.460359050818624,True,False,"1.0000, 1.0000, 1.0000",#FFFFFF,"1.0000, 1.0000, 1.0000",False
9,594.95996,841.91998,rect,239.1138185489238,240.12916385061774,519.856737251302,550.3170963021206,1.0153453016939409,30.460359050818624,True,False,"1.0000, 1.0000, 1.0000",#FFFFFF,"1.0000, 1.0000, 1.0000",False
9,594.95996,841.91998,rect,265.0051237421194,266.0204690438133,519.856737251302,550.3170963021206,1.0153453016939125,30.460359050818624,True,False,"1.0000, 1.0000, 1.0000",#FFFFFF,"1.0000, 1.0000, 1.0000",False
9,594.95996,841.91998,rect,290.89642893531493,291.9117742370089,519.856737251302,550.3170963021206,1.0153453016939693,30.460359050818624,True,False,"1.0000, 1.0000, 1.0000",#FFFFFF,"1.0000, 1.0000, 1.0000",False
9,594.95996,841.91998,rect,316.7877341285105,420.35295490129283,519.856737251302,550.3170963021206,103.56522077278231,30.460359050818624,True,False,"0.9569, 0.9686, 0.9725",#F4F7F8,"0.9569, 0.9686, 0.9725",False
9,594.95996,841.91998,rect,316.7877341285105,317.8030794302045,519.856737251302,550.3170963021206,1.0153453016939693,30.460359050818624,True,False,"1.0000, 1.0000, 1.0000",#FFFFFF,"1.0000, 1.0000, 1.0000",False
9,594.95996,841.91998,rect,342.6790393217061,343.6943846234,519.856737251302,550.3170963021206,1.0153453016939125,30.460359050818624,True,False,"1.0000, 1.0000, 1.0000",#FFFFFF,"1.0000, 1.0000, 1.0000",False
9,594.95996,841.91998,rect,368.57034451490165,369.5856898165956,519.856737251302,550.3170963021206,1.0153453016939693,30.460359050818624,True,False,"1.0000, 1.0000, 1.0000",#FFFFFF,"1.0000, 1.0000, 1.0000",False
9,594.95996,841.91998,rect,394.46164970809724,395.4769950097912,519.856737251302,550.3170963021206,1.0153453016939693,30.460359050818624,True,False,"1.0000, 1.0000, 1.0000",#FFFFFF,"1.0000, 1.0000, 1.0000",False
9,594.95996,841.91998,rect,420.35295490129283,523.9181756740751,519.856737251302,550.3170963021206,103.56522077278225,30.460359050818624,True,False,"0.9569, 0.9686, 0.9725",#F4F7F8,"0.9569, 0.9686, 0.9725",False
9,594.95996,841.91998,rect,420.35295490129283,421.36830020298675,519.856737251302,550.3170963021206,1.0153453016939125,30.460359050818624,True,False,"1.0000, 1.0000, 1.0000",#FFFFFF,"1.0000, 1.0000, 1.0000",False
9,594.95996,841.91998,rect,446.24426009448837,447.25960539618234,519.856737251302,550.3170963021206,1.0153453016939693,30.460359050818624,True,False,"1.0000, 1.0000, 1.0000",#FFFFFF,"1.0000, 1.0000, 1.0000",False
9,594.95996,841.91998,rect,472.13556528768396,473.1509105893779,519.856737251302,550.3170963021206,1.0153453016939125,30.460359050818624,True,False,"1.0000, 1.0000, 1.0000",#FFFFFF,"1.0000, 1.0000, 1.0000",False
9,594.95996,841.91998,rect,498.02687048087955,499.04221578257346,519.856737251302,550.3170963021206,1.0153453016939125,30.460359050818624,True,False,"1.0000, 1.0000, 1.0000",#FFFFFF,"1.0000, 1.0000, 1.0000",False
9,594.95996,841.91998,rect,523.9181756740751,575.7007860604663,519.856737251302,550.3170963021206,51.782610386391184,30.460359050818624,True,False,"0.9569, 0.9686, 0.9725",#F4F7F8,"0.9569, 0.9686, 0.9725",False
9,594.95996,841.91998,rect,523.9181756740751,524.933520975769,519.856737251302,550.3170963021206,1.0153453016939693,30.460359050818624,True,False,"1.0000, 1.0000, 1.0000",#FFFFFF,"1.0000, 1.0000, 1.0000",False
9,594.95996,841.91998,rect,549.8094808672706,550.8248261689646,519.856737251302,550.3170963021206,1.0153453016939693,30.460359050818624,True,False,"1.0000, 1.0000, 1.0000",#FFFFFF,"1.0000, 1.0000, 1.0000",False
9,594.95996,841.91998,rect,92.3964224541489,115.74936439310962,551.3324416038143,581.792800654633,23.35294193896071,30.460359050818624,True,False,"0.9569, 0.9686, 0.9725",#F4F7F8,"0.9569, 0.9686, 0.9725",False
9,594.95996,841.91998,rect,92.3964224541489,93.41176775584285,551.3324416038143,581.792800654633,1.0153453016939409,30.460359050818624,True,False,"1.0000, 1.0000, 1.0000",#FFFFFF,"1.0000, 1.0000, 1.0000",False
9,594.95996,841.91998,rect,115.74936439310962,161.43990296933708,551.3324416038143,581.792800654633,45.69053857622747,30.460359050818624,True,False,"0.9569, 0.9686, 0.9725",#F4F7F8,"0.9569, 0.9686, 0.9725",False
9,594.95996,841.91998,rect,115.74936439310962,116.76470969480356,551.3324416038143,581.792800654633,1.0153453016939409,30.460359050818624,True,False,"1.0000, 1.0000, 1.0000",#FFFFFF,"1.0000, 1.0000, 1.0000",False
9,594.95996,841.91998,rect,161.43990296933708,213.22251335572824,551.3324416038143,581.792800654633,51.782610386391156,30.460359050818624,True,False,"0.9569, 0.9686, 0.9725",#F4F7F8,"0.9569, 0.9686, 0.9725",False
9,594.95996,841.91998,rect,161.43990296933708,162.45524827103105,551.3324416038143,581.792800654633,1.0153453016939693,30.460359050818624,True,False,"1.0000, 1.0000, 1.0000",#FFFFFF,"1.0000, 1.0000, 1.0000",False
9,594.95996,841.91998,rect,187.33120816253268,188.34655346422662,551.3324416038143,581.792800654633,1.0153453016939409,30.460359050818624,True,False,"1.0000, 1.0000, 1.0000",#FFFFFF,"1.0000, 1.0000, 1.0000",False
9,594.95996,841.91998,rect,213.22251335572824,316.7877341285105,551.3324416038143,581.792800654633,103.56522077278228,30.460359050818624,True,False,"0.9569, 0.9686, 0.9725",#F4F7F8,"0.9569, 0.9686, 0.9725",False
9,594.95996,841.91998,rect,213.22251335572824,214.23785865742218,551.3324416038143,581.792800654633,1.0153453016939409,30.460359050818624,True,False,"1.0000, 1.0000, 1.0000",#FFFFFF,"1.0000, 1.0000, 1.0000",False
9,594.95996,841.91998,rect,239.1138185489238,240.12916385061774,551.3324416038143,581.792800654633,1.0153453016939409,30.460359050818624,True,False,"1.0000, 1.0000, 1.0000",#FFFFFF,"1.0000, 1.0000, 1.0000",False
9,594.95996,841.91998,rect,265.0051237421194,266.0204690438133,551.3324416038143,581.792800654633,1.0153453016939125,30.460359050818624,True,False,"1.0000, 1.0000, 1.0000",#FFFFFF,"1.0000, 1.0000, 1.0000",False
9,594.95996,841.91998,rect,290.89642893531493,291.9117742370089,551.3324416038143,581.792800654633,1.0153453016939693,30.460359050818624,True,False,"1.0000, 1.0000, 1.0000",#FFFFFF,"1.0000, 1.0000, 1.0000",False
9,594.95996,841.91998,rect,316.7877341285105,420.35295490129283,551.3324416038143,581.792800654633,103.56522077278231,30.460359050818624,True,False,"0.9569, 0.9686, 0.9725",#F4F7F8,"0.9569, 0.9686, 0.9725",False
9,594.95996,841.91998,rect,316.7877341285105,317.8030794302045,551.3324416038143,581.792800654633,1.0153453016939693,30.460359050818624,True,False,"1.0000, 1.0000, 1.0000",#FFFFFF,"1.0000, 1.0000, 1.0000",False
9,594.95996,841.91998,rect,342.6790393217061,343.6943846234,551.3324416038143,581.792800654633,1.0153453016939125,30.460359050818624,True,False,"1.0000, 1.0000, 1.0000",#FFFFFF,"1.0000, 1.0000, 1.0000",False
9,594.95996,841.91998,rect,368.57034451490165,369.5856898165956,551.3324416038143,581.792800654633,1.0153453016939693,30.460359050818624,True,False,"1.0000, 1.0000, 1.0000",#FFFFFF,"1.0000, 1.0000, 1.0000",False
9,594.95996,841.91998,rect,394.46164970809724,395.4769950097912,551.3324416038143,581.792800654633,1.0153453016939693,30.460359050818624,True,False,"1.0000, 1.0000, 1.0000",#FFFFFF,"1.0000, 1.0000, 1.0000",False
9,594.95996,841.91998,rect,420.35295490129283,523.9181756740751,551.3324416038143,581.792800654633,103.56522077278225,30.460359050818624,True,False,"0.9569, 0.9686, 0.9725",#F4F7F8,"0.9569, 0.9686, 0.9725",False
9,594.95996,841.91998,rect,420.35295490129283,421.36830020298675,551.3324416038143,581.792800654633,1.0153453016939125,30.460359050818624,True,False,"1.0000, 1.0000, 1.0000",#FFFFFF,"1.0000, 1.0000, 1.0000",False
9,594.95996,841.91998,rect,446.24426009448837,447.25960539618234,551.3324416038143,581.792800654633,1.0153453016939693,30.460359050818624,True,False,"1.0000, 1.0000, 1.0000",#FFFFFF,"1.0000, 1.0000, 1.0000",False
9,594.95996,841.91998,rect,472.13556528768396,473.1509105893779,551.3324416038143,581.792800654633,1.0153453016939125,30.460359050818624,True,False,"1.0000, 1.0000, 1.0000",#FFFFFF,"1.0000, 1.0000, 1.0000",False
9,594.95996,841.91998,rect,498.02687048087955,499.04221578257346,551.3324416038143,581.792800654633,1.0153453016939125,30.460359050818624,True,False,"1.0000, 1.0000, 1.0000",#FFFFFF,"1.0000, 1.0000, 1.0000",False
9,594.95996,841.91998,rect,523.9181756740751,575.7007860604663,551.3324416038143,581.792800654633,51.782610386391184,30.460359050818624,True,False,"0.9569, 0.9686, 0.9725",#F4F7F8,"0.9569, 0.9686, 0.9725",False
9,594.95996,841.91998,rect,523.9181756740751,524.933520975769,551.3324416038143,581.792800654633,1.0153453016939693,30.460359050818624,True,False,"1.0000, 1.0000, 1.0000",#FFFFFF,"1.0000, 1.0000, 1.0000",False
9,594.95996,841.91998,rect,549.8094808672706,550.8248261689646,551.3324416038143,581.792800654633,1.0153453016939693,30.460359050818624,True,False,"1.0000, 1.0000, 1.0000",#FFFFFF,"1.0000, 1.0000, 1.0000",False
9,594.95996,841.91998,rect,92.3964224541489,115.74936439310962,582.8081459563267,613.2685050071444,23.35294193896071,30.460359050817715,True,False,"0.9569, 0.9686, 0.9725",#F4F7F8,"0.9569, 0.9686, 0.9725",False
9,594.95996,841.91998,rect,92.3964224541489,93.41176775584285,582.8081459563267,613.2685050071444,1.0153453016939409,30.460359050817715,True,False,"1.0000, 1.0000, 1.0000",#FFFFFF,"1.0000, 1.0000, 1.0000",False
9,594.95996,841.91998,rect,115.74936439310962,161.43990296933708,582.8081459563267,613.2685050071444,45.69053857622747,30.460359050817715,True,False,"0.9569, 0.9686, 0.9725",#F4F7F8,"0.9569, 0.9686, 0.9725",False
9,594.95996,841.91998,rect,115.74936439310962,116.76470969480356,582.8081459563267,613.2685050071444,1.0153453016939409,30.460359050817715,True,False,"1.0000, 1.0000, 1.0000",#FFFFFF,"1.0000, 1.0000, 1.0000",False
9,594.95996,841.91998,rect,161.43990296933708,213.22251335572824,582.8081459563267,613.2685050071444,51.782610386391156,30.460359050817715,True,False,"0.9569, 0.9686, 0.9725",#F4F7F8,"0.9569, 0.9686, 0.9725",False
9,594.95996,841.91998,rect,161.43990296933708,162.45524827103105,582.8081459563267,613.2685050071444,1.0153453016939693,30.460359050817715,True,False,"1.0000, 1.0000, 1.0000",#FFFFFF,"1.0000, 1.0000, 1.0000",False
9,594.95996,841.91998,rect,187.33120816253268,188.34655346422662,582.8081459563267,613.2685050071444,1.0153453016939409,30.460359050817715,True,False,"1.0000, 1.0000, 1.0000",#FFFFFF,"1.0000, 1.0000, 1.0000",False
9,594.95996,841.91998,rect,213.22251335572824,316.7877341285105,582.8081459563267,613.2685050071444,103.56522077278228,30.460359050817715,True,False,"0.9569, 0.9686, 0.9725",#F4F7F8,"0.9569, 0.9686, 0.9725",False
9,594.95996,841.91998,rect,213.22251335572824,214.23785865742218,582.8081459563267,613.2685050071444,1.0153453016939409,30.460359050817715,True,False,"1.0000, 1.0000, 1.0000",#FFFFFF,"1.0000, 1.0000, 1.0000",False
9,594.95996,841.91998,rect,239.1138185489238,240.12916385061774,582.8081459563267,613.2685050071444,1.0153453016939409,30.460359050817715,True,False,"1.0000, 1.0000, 1.0000",#FFFFFF,"1.0000, 1.0000, 1.0000",False
9,594.95996,841.91998,rect,265.0051237421194,266.0204690438133,582.8081459563267,613.2685050071444,1.0153453016939125,30.460359050817715,True,False,"1.0000, 1.0000, 1.0000",#FFFFFF,"1.0000, 1.0000, 1.0000",False
9,594.95996,841.91998,rect,290.89642893531493,291.9117742370089,582.8081459563267,613.2685050071444,1.0153453016939693,30.460359050817715,True,False,"1.0000, 1.0000, 1.0000",#FFFFFF,"1.0000, 1.0000, 1.0000",False
9,594.95996,841.91998,rect,316.7877341285105,420.35295490129283,582.8081459563267,613.2685050071444,103.56522077278231,30.460359050817715,True,False,"0.9569, 0.9686, 0.9725",#F4F7F8,"0.9569, 0.9686, 0.9725",False
9,594.95996,841.91998,rect,316.7877341285105,317.8030794302045,582.8081459563267,613.2685050071444,1.0153453016939693,30.460359050817715,True,False,"1.0000, 1.0000, 1.0000",#FFFFFF,"1.0000, 1.0000, 1.0000",False
9,594.95996,841.91998,rect,342.6790393217061,343.6943846234,582.8081459563267,613.2685050071444,1.0153453016939125,30.460359050817715,True,False,"1.0000, 1.0000, 1.0000",#FFFFFF,"1.0000, 1.0000, 1.0000",False
9,594.95996,841.91998,rect,368.57034451490165,369.5856898165956,582.8081459563267,613.2685050071444,1.0153453016939693,30.460359050817715,True,False,"1.0000, 1.0000, 1.0000",#FFFFFF,"1.0000, 1.0000, 1.0000",False
9,594.95996,841.91998,rect,394.46164970809724,395.4769950097912,582.8081459563267,613.2685050071444,1.0153453016939693,30.460359050817715,True,False,"1.0000, 1.0000, 1.0000",#FFFFFF,"1.0000, 1.0000, 1.0000",False
9,594.95996,841.91998,rect,420.35295490129283,523.9181756740751,582.8081459563267,613.2685050071444,103.56522077278225,30.460359050817715,True,False,"0.9569, 0.9686, 0.9725",#F4F7F8,"0.9569, 0.9686, 0.9725",False
9,594.95996,841.91998,rect,420.35295490129283,421.36830020298675,582.8081459563267,613.2685050071444,1.0153453016939125,30.460359050817715,True,False,"1.0000, 1.0000, 1.0000",#FFFFFF,"1.0000, 1.0000, 1.0000",False
9,594.95996,841.91998,rect,446.24426009448837,447.25960539618234,582.8081459563267,613.2685050071444,1.0153453016939693,30.460359050817715,True,False,"1.0000, 1.0000, 1.0000",#FFFFFF,"1.0000, 1.0000, 1.0000",False
9,594.95996,841.91998,rect,472.13556528768396,473.1509105893779,582.8081459563267,613.2685050071444,1.0153453016939125,30.460359050817715,True,False,"1.0000, 1.0000, 1.0000",#FFFFFF,"1.0000, 1.0000, 1.0000",False
9,594.95996,841.91998,rect,498.02687048087955,499.04221578257346,582.8081459563267,613.2685050071444,1.0153453016939125,30.460359050817715,True,False,"1.0000, 1.0000, 1.0000",#FFFFFF,"1.0000, 1.0000, 1.0000",False
9,594.95996,841.91998,rect,523.9181756740751,575.7007860604663,582.8081459563267,613.2685050071444,51.782610386391184,30.460359050817715,True,False,"0.9569, 0.9686, 0.9725",#F4F7F8,"0.9569, 0.9686, 0.9725",False
9,594.95996,841.91998,rect,523.9181756740751,524.933520975769,582.8081459563267,613.2685050071444,1.0153453016939693,30.460359050817715,True,False,"1.0000, 1.0000, 1.0000",#FFFFFF,"1.0000, 1.0000, 1.0000",False
9,594.95996,841.91998,rect,549.8094808672706,550.8248261689646,582.8081459563267,613.2685050071444,1.0153453016939693,30.460359050817715,True,False,"1.0000, 1.0000, 1.0000",#FFFFFF,"1.0000, 1.0000, 1.0000",False
9,594.95996,841.91998,rect,92.3964224541489,115.74936439310962,614.2838503088391,644.7442093596568,23.35294193896071,30.460359050817715,True,False,"0.9569, 0.9686, 0.9725",#F4F7F8,"0.9569, 0.9686, 0.9725",False
9,594.95996,841.91998,rect,92.3964224541489,93.41176775584285,614.2838503088391,644.7442093596568,1.0153453016939409,30.460359050817715,True,False,"1.0000, 1.0000, 1.0000",#FFFFFF,"1.0000, 1.0000, 1.0000",False
9,594.95996,841.91998,rect,115.74936439310962,161.43990296933708,614.2838503088391,644.7442093596568,45.69053857622747,30.460359050817715,True,False,"0.9569, 0.9686, 0.9725",#F4F7F8,"0.9569, 0.9686, 0.9725",False
9,594.95996,841.91998,rect,115.74936439310962,116.76470969480356,614.2838503088391,644.7442093596568,1.0153453016939409,30.460359050817715,True,False,"1.0000, 1.0000, 1.0000",#FFFFFF,"1.0000, 1.0000, 1.0000",False
9,594.95996,841.91998,rect,161.43990296933708,213.22251335572824,614.2838503088391,644.7442093596568,51.782610386391156,30.460359050817715,True,False,"0.9569, 0.9686, 0.9725",#F4F7F8,"0.9569, 0.9686, 0.9725",False
9,594.95996,841.91998,rect,161.43990296933708,162.45524827103105,614.2838503088391,644.7442093596568,1.0153453016939693,30.460359050817715,True,False,"1.0000, 1.0000, 1.0000",#FFFFFF,"1.0000, 1.0000, 1.0000",False
9,594.95996,841.91998,rect,187.33120816253268,188.34655346422662,614.2838503088391,644.7442093596568,1.0153453016939409,30.460359050817715,True,False,"1.0000, 1.0000, 1.0000",#FFFFFF,"1.0000, 1.0000, 1.0000",False
9,594.95996,841.91998,rect,213.22251335572824,316.7877341285105,614.2838503088391,644.7442093596568,103.56522077278228,30.460359050817715,True,False,"0.9569, 0.9686, 0.9725",#F4F7F8,"0.9569, 0.9686, 0.9725",False
9,594.95996,841.91998,rect,213.22251335572824,214.23785865742218,614.2838503088391,644.7442093596568,1.0153453016939409,30.460359050817715,True,False,"1.0000, 1.0000, 1.0000",#FFFFFF,"1.0000, 1.0000, 1.0000",False
9,594.95996,841.91998,rect,239.1138185489238,240.12916385061774,614.2838503088391,644.7442093596568,1.0153453016939409,30.460359050817715,True,False,"1.0000, 1.0000, 1.0000",#FFFFFF,"1.0000, 1.0000, 1.0000",False
9,594.95996,841.91998,rect,265.0051237421194,266.0204690438133,614.2838503088391,644.7442093596568,1.0153453016939125,30.460359050817715,True,False,"1.0000, 1.0000, 1.0000",#FFFFFF,"1.0000, 1.0000, 1.0000",False
9,594.95996,841.91998,rect,290.89642893531493,291.9117742370089,614.2838503088391,644.7442093596568,1.0153453016939693,30.460359050817715,True,False,"1.0000, 1.0000, 1.0000",#FFFFFF,"1.0000, 1.0000, 1.0000",False
9,594.95996,841.91998,rect,316.7877341285105,420.35295490129283,614.2838503088391,644.7442093596568,103.56522077278231,30.460359050817715,True,False,"0.9569, 0.9686, 0.9725",#F4F7F8,"0.9569, 0.9686, 0.9725",False
9,594.95996,841.91998,rect,316.7877341285105,317.8030794302045,614.2838503088391,644.7442093596568,1.0153453016939693,30.460359050817715,True,False,"1.0000, 1.0000, 1.0000",#FFFFFF,"1.0000, 1.0000, 1.0000",False
9,594.95996,841.91998,rect,342.6790393217061,343.6943846234,614.2838503088391,644.7442093596568,1.0153453016939125,30.460359050817715,True,False,"1.0000, 1.0000, 1.0000",#FFFFFF,"1.0000, 1.0000, 1.0000",False
9,594.95996,841.91998,rect,368.57034451490165,369.5856898165956,614.2838503088391,644.7442093596568,1.0153453016939693,30.460359050817715,True,False,"1.0000, 1.0000, 1.0000",#FFFFFF,"1.0000, 1.0000, 1.0000",False
9,594.95996,841.91998,rect,394.46164970809724,395.4769950097912,614.2838503088391,644.7442093596568,1.0153453016939693,30.460359050817715,True,False,"1.0000, 1.0000, 1.0000",#FFFFFF,"1.0000, 1.0000, 1.0000",False
9,594.95996,841.91998,rect,420.35295490129283,523.9181756740751,614.2838503088391,644.7442093596568,103.56522077278225,30.460359050817715,True,False,"0.9569, 0.9686, 0.9725",#F4F7F8,"0.9569, 0.9686, 0.9725",False
9,594.95996,841.91998,rect,420.35295490129283,421.36830020298675,614.2838503088391,644.7442093596568,1.0153453016939125,30.460359050817715,True,False,"1.0000, 1.0000, 1.0000",#FFFFFF,"1.0000, 1.0000, 1.0000",False
9,594.95996,841.91998,rect,446.24426009448837,447.25960539618234,614.2838503088391,644.7442093596568,1.0153453016939693,30.460359050817715,True,False,"1.0000, 1.0000, 1.0000",#FFFFFF,"1.0000, 1.0000, 1.0000",False
9,594.95996,841.91998,rect,472.13556528768396,473.1509105893779,614.2838503088391,644.7442093596568,1.0153453016939125,30.460359050817715,True,False,"1.0000, 1.0000, 1.0000",#FFFFFF,"1.0000, 1.0000, 1.0000",False
9,594.95996,841.91998,rect,498.02687048087955,499.04221578257346,614.2838503088391,644.7442093596568,1.0153453016939125,30.460359050817715,True,False,"1.0000, 1.0000, 1.0000",#FFFFFF,"1.0000, 1.0000, 1.0000",False
9,594.95996,841.91998,rect,523.9181756740751,575.7007860604663,614.2838503088391,644.7442093596568,51.782610386391184,30.460359050817715,True,False,"0.9569, 0.9686, 0.9725",#F4F7F8,"0.9569, 0.9686, 0.9725",False
9,594.95996,841.91998,rect,523.9181756740751,524.933520975769,614.2838503088391,644.7442093596568,1.0153453016939693,30.460359050817715,True,False,"1.0000, 1.0000, 1.0000",#FFFFFF,"1.0000, 1.0000, 1.0000",False
9,594.95996,841.91998,rect,549.8094808672706,550.8248261689646,614.2838503088391,644.7442093596568,1.0153453016939693,30.460359050817715,True,False,"1.0000, 1.0000, 1.0000",#FFFFFF,"1.0000, 1.0000, 1.0000",False
9,594.95996,841.91998,rect,162.4552516310309,186.3158662208386,59.14499753562495,69.80612397141135,23.860614589807682,10.6611264357864,True,False,"0.9490, 0.9647, 0.9686",#F2F6F7,"0.9490, 0.9647, 0.9686",False
9,594.95996,841.91998,rect,188.34655375222658,393.44630469440324,59.14499753562495,69.80612397141135,205.09975094217666,10.6611264357864,True,False,"0.9490, 0.9647, 0.9686",#F2F6F7,"0.9490, 0.9647, 0.9686",False
9,594.95996,841.91998,rect,240.1291603946179,289.8810801776212,185.047024289707,195.7081507254934,49.751919783003274,10.6611264357864,True,False,"0.9490, 0.9647, 0.9686",#F2F6F7,"0.9490, 0.9647, 0.9686",False
9,594.95996,841.91998,rect,291.9117646370093,419.33759999959926,185.047024289707,195.7081507254934,127.42583536258996,10.6611264357864,True,False,"0.9490, 0.9647, 0.9686",#F2F6F7,"0.9490, 0.9647, 0.9686",False
9,594.95996,841.91998,rect,188.34655375222658,263.9897787284254,279.4738947552538,290.1350211910402,75.64322497619881,10.6611264357864,True,False,"0.9490, 0.9647, 0.9686",#F2F6F7,"0.9490, 0.9647, 0.9686",False
9,594.95996,841.91998,rect,266.020476915813,419.33761747159855,279.4738947552538,290.1350211910402,153.31714055578556,10.6611264357864,True,False,"0.9490, 0.9647, 0.9686",#F2F6F7,"0.9490, 0.9647, 0.9686",False
9,594.95996,841.91998,rect,266.020476915813,315.77239669881624,310.94998704374996,321.61111347953636,49.751919783003245,10.6611264357864,True,False,"0.9490, 0.9647, 0.9686",#F2F6F7,"0.9490, 0.9647, 0.9686",False
9,594.95996,841.91998,rect,317.8030835582043,393.44630853440316,310.94998704374996,321.61111347953636,75.64322497619884,10.6611264357864,True,False,"0.9490, 0.9647, 0.9686",#F2F6F7,"0.9490, 0.9647, 0.9686",False
9,594.95996,841.91998,rect,447.259613364182,497.0115331471852,310.94998704374996,321.61111347953636,49.751919783003245,10.6611264357864,True,False,"0.9490, 0.9647, 0.9686",#F2F6F7,"0.9490, 0.9647, 0.9686",False
9,594.95996,841.91998,rect,499.04225120657196,574.6854761827708,310.94998704374996,321.61111347953636,75.64322497619884,10.6611264357864,True,False,"0.9490, 0.9647, 0.9686",#F2F6F7,"0.9490, 0.9647, 0.9686",False
9,594.95996,841.91998,rect,188.34655375222658,238.09847353522983,373.9012356207812,384.5623620565676,49.751919783003245,10.6611264357864,True,False,"0.9490, 0.9647, 0.9686",#F2F6F7,"0.9490, 0.9647, 0.9686",False
9,594.95996,841.91998,rect,240.1291603946179,445.22891133679457,373.9012356207812,384.5623620565676,205.09975094217666,10.6611264357864,True,False,"0.9490, 0.9647, 0.9686",#F2F6F7,"0.9490, 0.9647, 0.9686",False
9,594.95996,841.91998,rect,369.58568780059574,419.337607583599,499.804203174824,510.4653296106104,49.751919783003245,10.6611264357864,True,False,"0.9490, 0.9647, 0.9686",#F2F6F7,"0.9490, 0.9647, 0.9686",False
9,594.95996,841.91998,rect,421.368294442987,471.12021422599025,499.804203174824,510.4653296106104,49.751919783003245,10.6611264357864,True,False,"0.9490, 0.9647, 0.9686",#F2F6F7,"0.9490, 0.9647, 0.9686",False
9,594.95996,841.91998,rect,369.58568780059574,419.337607583599,531.27981786334,541.9409442991264,49.751919783003245,10.6611264357864,True,False,"0.9490, 0.9647, 0.9686",#F2F6F7,"0.9490, 0.9647, 0.9686",False
9,594.95996,841.91998,rect,421.368294442987,471.12021422599025,531.27981786334,541.9409442991264,49.751919783003245,10.6611264357864,True,False,"0.9490, 0.9647, 0.9686",#F2F6F7,"0.9490, 0.9647, 0.9686",False
9,594.95996,841.91998,rect,162.4552516310309,212.20717141403415,562.755456551855,573.4165829876414,49.751919783003245,10.6611264357864,True,False,"0.9490, 0.9647, 0.9686",#F2F6F7,"0.9490, 0.9647, 0.9686",False
9,594.95996,841.91998,rect,214.2378414734229,419.3375924155996,562.755456551855,573.4165829876414,205.0997509421767,10.6611264357864,True,False,"0.9490, 0.9647, 0.9686",#F2F6F7,"0.9490, 0.9647, 0.9686",False
9,594.95996,841.91998,rect,16.245524827103104,92.3964224541489,-5.721599757180229e-05,1.0152880856970796,76.1508976270458,1.0153453016946514,True,False,"1.0000, 1.0000, 1.0000",#FFFFFF,"1.0000, 1.0000, 1.0000",False
9,594.95996,841.91998,rect,16.245524827103104,92.3964224541489,21.322194119575556,46.70582666192456,76.1508976270458,25.383632542349005,True,False,"0.5333, 0.5451, 0.5529",#888B8D,"0.5333, 0.5451, 0.5529",False
9,594.95996,841.91998,rect,16.245524827103104,92.3964224541489,46.70582666192456,47.7211719636183,76.1508976270458,1.015345301693742,True,False,"1.0000, 1.0000, 1.0000",#FFFFFF,"1.0000, 1.0000, 1.0000",False
9,594.95996,841.91998,rect,16.245524827103104,92.3964224541489,78.18153101443602,79.19687631613067,76.1508976270458,1.0153453016946514,True,False,"1.0000, 1.0000, 1.0000",#FFFFFF,"1.0000, 1.0000, 1.0000",False
9,594.95996,841.91998,rect,16.245524827103104,92.3964224541489,109.65723536694838,110.67258066864304,76.1508976270458,1.0153453016946514,True,False,"1.0000, 1.0000, 1.0000",#FFFFFF,"1.0000, 1.0000, 1.0000",False
9,594.95996,841.91998,rect,16.245524827103104,92.3964224541489,141.13293971946075,142.1482850211545,76.1508976270458,1.015345301693742,True,False,"1.0000, 1.0000, 1.0000",#FFFFFF,"1.0000, 1.0000, 1.0000",False
9,594.95996,841.91998,rect,16.245524827103104,92.3964224541489,172.60864407197312,173.62398937366686,76.1508976270458,1.015345301693742,True,False,"1.0000, 1.0000, 1.0000",#FFFFFF,"1.0000, 1.0000, 1.0000",False
9,594.95996,841.91998,rect,16.245524827103104,92.3964224541489,204.08434842448548,205.09969372617923,76.1508976270458,1.015345301693742,True,False,"1.0000, 1.0000, 1.0000",#FFFFFF,"1.0000, 1.0000, 1.0000",False
9,594.95996,841.91998,rect,16.245524827103104,92.3964224541489,235.56005277699785,236.5753980786916,76.1508976270458,1.015345301693742,True,False,"1.0000, 1.0000, 1.0000",#FFFFFF,"1.0000, 1.0000, 1.0000",False
9,594.95996,841.91998,rect,16.245524827103104,92.3964224541489,267.0357571295102,268.05110243120396,76.1508976270458,1.015345301693742,True,False,"1.0000, 1.0000, 1.0000",#FFFFFF,"1.0000, 1.0000, 1.0000",False
9,594.95996,841.91998,rect,16.245524827103104,92.3964224541489,298.5114614820226,299.5268067837163,76.1508976270458,1.015345301693742,True,False,"1.0000, 1.0000, 1.0000",#FFFFFF,"1.0000, 1.0000, 1.0000",False
9,594.95996,841.91998,rect,16.245524827103104,92.3964224541489,329.98716583453495,331.0025111362287,76.1508976270458,1.015345301693742,True,False,"1.0000, 1.0000, 1.0000",#FFFFFF,"1.0000, 1.0000, 1.0000",False
9,594.95996,841.91998,rect,16.245524827103104,92.3964224541489,361.4628701870464,362.47821548874106,76.1508976270458,1.0153453016946514,True,False,"1.0000, 1.0000, 1.0000",#FFFFFF,"1.0000, 1.0000, 1.0000",False
9,594.95996,841.91998,rect,16.245524827103104,92.3964224541489,392.9385745395588,393.9539198412534,76.1508976270458,1.0153453016946514,True,False,"1.0000, 1.0000, 1.0000",#FFFFFF,"1.0000, 1.0000, 1.0000",False
9,594.95996,841.91998,rect,16.245524827103104,92.3964224541489,424.41427889207114,425.4296241937649,76.1508976270458,1.015345301693742,True,False,"1.0000, 1.0000, 1.0000",#FFFFFF,"1.0000, 1.0000, 1.0000",False
9,594.95996,841.91998,rect,16.245524827103104,92.3964224541489,455.8899832445835,456.90532854627725,76.1508976270458,1.015345301693742,True,False,"1.0000, 1.0000, 1.0000",#FFFFFF,"1.0000, 1.0000, 1.0000",False
9,594.95996,841.91998,rect,16.245524827103104,92.3964224541489,487.36568759709587,488.3810328987896,76.1508976270458,1.015345301693742,True,False,"1.0000, 1.0000, 1.0000",#FFFFFF,"1.0000, 1.0000, 1.0000",False
9,594.95996,841.91998,rect,16.245524827103104,92.3964224541489,518.8413919496082,519.856737251302,76.1508976270458,1.015345301693742,True,False,"1.0000, 1.0000, 1.0000",#FFFFFF,"1.0000, 1.0000, 1.0000",False
9,594.95996,841.91998,rect,16.245524827103104,92.3964224541489,550.3170963021206,551.3324416038143,76.1508976270458,1.015345301693742,True,False,"1.0000, 1.0000, 1.0000",#FFFFFF,"1.0000, 1.0000, 1.0000",False
9,594.95996,841.91998,rect,16.245524827103104,92.3964224541489,581.792800654633,582.8081459563267,76.1508976270458,1.015345301693742,True,False,"1.0000, 1.0000, 1.0000",#FFFFFF,"1.0000, 1.0000, 1.0000",False
9,594.95996,841.91998,rect,16.245524827103104,92.3964224541489,613.2685050071444,614.2838503088391,76.1508976270458,1.0153453016946514,True,False,"1.0000, 1.0000, 1.0000",#FFFFFF,"1.0000, 1.0000, 1.0000",False
9,594.95996,841.91998,rect,16.245524827103104,92.3964224541489,47.7211719636183,78.18153101443602,76.1508976270458,30.460359050817715,True,False,"0.9569, 0.9686, 0.9725",#F4F7F8,"0.9569, 0.9686, 0.9725",False
9,594.95996,841.91998,rect,16.245524827103104,92.3964224541489,79.19687631613067,109.65723536694838,76.1508976270458,30.460359050817715,True,False,"0.9569, 0.9686, 0.9725",#F4F7F8,"0.9569, 0.9686, 0.9725",False
9,594.95996,841.91998,rect,16.245524827103104,92.3964224541489,110.67258066864304,141.13293971946075,76.1508976270458,30.460359050817715,True,False,"0.9569, 0.9686, 0.9725",#F4F7F8,"0.9569, 0.9686, 0.9725",False
9,594.95996,841.91998,rect,16.245524827103104,92.3964224541489,142.1482850211545,172.60864407197312,76.1508976270458,30.460359050818624,True,False,"0.9569, 0.9686, 0.9725",#F4F7F8,"0.9569, 0.9686, 0.9725",False
9,594.95996,841.91998,rect,16.245524827103104,92.3964224541489,173.62398937366686,204.08434842448548,76.1508976270458,30.460359050818624,True,False,"0.9569, 0.9686, 0.9725",#F4F7F8,"0.9569, 0.9686, 0.9725",False
9,594.95996,841.91998,rect,16.245524827103104,92.3964224541489,205.09969372617923,235.56005277699785,76.1508976270458,30.460359050818624,True,False,"0.9569, 0.9686, 0.9725",#F4F7F8,"0.9569, 0.9686, 0.9725",False
9,594.95996,841.91998,rect,16.245524827103104,92.3964224541489,236.5753980786916,267.0357571295102,76.1508976270458,30.460359050818624,True,False,"0.9569, 0.9686, 0.9725",#F4F7F8,"0.9569, 0.9686, 0.9725",False
9,594.95996,841.91998,rect,16.245524827103104,92.3964224541489,268.05110243120396,298.5114614820226,76.1508976270458,30.460359050818624,True,False,"0.9569, 0.9686, 0.9725",#F4F7F8,"0.9569, 0.9686, 0.9725",False
9,594.95996,841.91998,rect,16.245524827103104,92.3964224541489,299.5268067837163,329.98716583453495,76.1508976270458,30.460359050818624,True,False,"0.9569, 0.9686, 0.9725",#F4F7F8,"0.9569, 0.9686, 0.9725",False
9,594.95996,841.91998,rect,16.245524827103104,92.3964224541489,331.0025111362287,361.4628701870464,76.1508976270458,30.460359050817715,True,False,"0.9569, 0.9686, 0.9725",#F4F7F8,"0.9569, 0.9686, 0.9725",False
9,594.95996,841.91998,rect,16.245524827103104,92.3964224541489,362.47821548874106,392.9385745395588,76.1508976270458,30.460359050817715,True,False,"0.9569, 0.9686, 0.9725",#F4F7F8,"0.9569, 0.9686, 0.9725",False
9,594.95996,841.91998,rect,16.245524827103104,92.3964224541489,393.9539198412534,424.41427889207114,76.1508976270458,30.460359050817715,True,False,"0.9569, 0.9686, 0.9725",#F4F7F8,"0.9569, 0.9686, 0.9725",False
9,594.95996,841.91998,rect,16.245524827103104,92.3964224541489,425.4296241937649,455.8899832445835,76.1508976270458,30.460359050818624,True,False,"0.9569, 0.9686, 0.9725",#F4F7F8,"0.9569, 0.9686, 0.9725",False
9,594.95996,841.91998,rect,16.245524827103104,92.3964224541489,456.90532854627725,487.36568759709587,76.1508976270458,30.460359050818624,True,False,"0.9569, 0.9686, 0.9725",#F4F7F8,"0.9569, 0.9686, 0.9725",False
9,594.95996,841.91998,rect,16.245524827103104,92.3964224541489,488.3810328987896,518.8413919496082,76.1508976270458,30.460359050818624,True,False,"0.9569, 0.9686, 0.9725",#F4F7F8,"0.9569, 0.9686, 0.9725",False
9,594.95996,841.91998,rect,16.245524827103104,92.3964224541489,519.856737251302,550.3170963021206,76.1508976270458,30.460359050818624,True,False,"0.9569, 0.9686, 0.9725",#F4F7F8,"0.9569, 0.9686, 0.9725",False
9,594.95996,841.91998,rect,16.245524827103104,92.3964224541489,551.3324416038143,581.792800654633,76.1508976270458,30.460359050818624,True,False,"0.9569, 0.9686, 0.9725",#F4F7F8,"0.9569, 0.9686, 0.9725",False
9,594.95996,841.91998,rect,16.245524827103104,92.3964224541489,582.8081459563267,613.2685050071444,76.1508976270458,30.460359050817715,True,False,"0.9569, 0.9686, 0.9725",#F4F7F8,"0.9569, 0.9686, 0.9725",False
9,594.95996,841.91998,rect,16.245524827103104,92.3964224541489,614.2838503088391,644.7442093596568,76.1508976270458,30.460359050817715,True,False,"0.9569, 0.9686, 0.9725",#F4F7F8,"0.9569, 0.9686, 0.9725",False
9,594.95996,841.91998,curve,162.9629236098779,186.82353819968557,58.889997546250015,67.01275995980154,23.860614589807682,8.122762413551527,True,False,"0.7647, 0.6667, 0.8235",#C3AAD2,"0.7647, 0.6667, 0.8235",True
9,594.95996,841.91998,curve,162.4552516310309,186.3158662208386,59.41152472451972,66.87431322957013,23.860614589807682,7.462788505050412,True,False,"0.8667, 0.0000, 0.1882",#DD0030,"0.8667, 0.0000, 0.1882",True
9,594.95996,841.91998,curve,162.4552516310309,186.3158662208386,59.41152472451972,66.87431322957013,23.860614589807682,7.462788505050412,False,True,"0.8667, 0.0000, 0.1882",#DD0030,"0.8667, 0.0000, 0.1882",False
9,594.95996,841.91998,curve,188.8542257310736,393.9539766732503,58.889997546250015,67.01275995980154,205.09975094217668,8.122762413551527,True,False,"0.7647, 0.6667, 0.8235",#C3AAD2,"0.7647, 0.6667, 0.8235",True
9,594.95996,841.91998,curve,188.34655375222658,393.44630469440324,59.41152472451972,66.87431322957013,205.09975094217666,7.462788505050412,True,False,"0.0902, 0.1882, 0.4667",#173077,"0.0902, 0.1882, 0.4667",True
9,594.95996,841.91998,curve,188.34655375222658,393.44630469440324,59.41152472451972,66.87431322957013,205.09975094217666,7.462788505050412,False,True,"0.0902, 0.1882, 0.4667",#173077,"0.0902, 0.1882, 0.4667",False
9,594.95996,841.91998,curve,162.9629236098779,575.1931160976192,90.36562183476565,98.48838424831717,412.2301924877413,8.122762413551527,True,False,"0.7647, 0.6667, 0.8235",#C3AAD2,"0.7647, 0.6667, 0.8235",True
9,594.95996,841.91998,curve,162.9629236098779,575.1931160976192,121.84124612328117,129.9640085368327,412.2301924877413,8.122762413551527,True,False,"0.7647, 0.6667, 0.8235",#C3AAD2,"0.7647, 0.6667, 0.8235",True
9,594.95996,841.91998,curve,162.9629236098779,575.1931160976192,153.3173384117773,161.44010082532884,412.2301924877413,8.122762413551527,True,False,"0.7647, 0.6667, 0.8235",#C3AAD2,"0.7647, 0.6667, 0.8235",True
9,594.95996,841.91998,curve,163.21675993530138,238.35231226065324,185.0467966257164,192.66188638842107,75.13555232535185,7.615089762704656,True,False,"0.4824, 0.6824, 0.1529",#7BAE27,"0.4824, 0.6824, 0.1529",True
9,594.95996,841.91998,curve,163.21675993530138,238.35231226065324,185.0467966257164,192.66188638842107,75.13555232535185,7.615089762704656,False,True,"0.4824, 0.6824, 0.1529",#7BAE27,"0.4824, 0.6824, 0.1529",False
9,594.95996,841.91998,curve,240.636829973465,290.38874975646826,184.79296030029298,192.9157227138445,49.751919783003245,8.122762413551527,True,False,"0.7647, 0.6667, 0.8235",#C3AAD2,"0.7647, 0.6667, 0.8235",True
9,594.95996,841.91998,curve,240.1291603946179,289.8810801776212,185.31355147860165,192.77633998365206,49.751919783003274,7.462788505050412,True,False,"0.8667, 0.0000, 0.1882",#DD0030,"0.8667, 0.0000, 0.1882",True
9,594.95996,841.91998,curve,240.1291603946179,289.8810801776212,185.31355147860165,192.77633998365206,49.751919783003274,7.462788505050412,False,True,"0.8667, 0.0000, 0.1882",#DD0030,"0.8667, 0.0000, 0.1882",False
9,594.95996,841.91998,curve,292.4194510158557,419.8452863784457,184.79296030029298,192.9157227138445,127.42583536258996,8.122762413551527,True,False,"0.7647, 0.6667, 0.8235",#C3AAD2,"0.7647, 0.6667, 0.8235",True
9,594.95996,841.91998,curve,291.9117646370093,419.33759999959926,185.31355147860165,192.77633998365206,127.42583536258996,7.462788505050412,True,False,"0.0902, 0.1882, 0.4667",#173077,"0.0902, 0.1882, 0.4667",True
9,594.95996,841.91998,curve,291.9117646370093,419.33759999959926,185.31355147860165,192.77633998365206,127.42583536258996,7.462788505050412,False,True,"0.0902, 0.1882, 0.4667",#173077,"0.0902, 0.1882, 0.4667",False
9,594.95996,841.91998,curve,162.9629236098779,575.1931160976192,216.2685845888086,224.39134700236013,412.2301924877413,8.122762413551527,True,False,"0.7647, 0.6667, 0.8235",#C3AAD2,"0.7647, 0.6667, 0.8235",True
9,594.95996,841.91998,curve,163.21675993530138,393.70014341982665,247.99804520274768,255.61313496545233,230.48338348452526,7.615089762704656,True,False,"0.1255, 0.6588, 0.8824",#20A8E1,"0.1255, 0.6588, 0.8824",True
9,594.95996,841.91998,curve,163.21675993530138,393.70014341982665,247.99804520274768,255.61313496545233,230.48338348452526,7.615089762704656,False,True,"0.1255, 0.6588, 0.8824",#20A8E1,"0.1255, 0.6588, 0.8824",False
9,594.95996,841.91998,curve,395.9846619006384,575.1931076496195,247.74420887732424,255.86697129087577,179.2084457489811,8.122762413551527,True,False,"0.7647, 0.6667, 0.8235",#C3AAD2,"0.7647, 0.6667, 0.8235",True
9,594.95996,841.91998,curve,163.21675993530138,186.56970187426208,279.4736694912632,287.08875925396785,23.352941938960697,7.615089762704656,True,False,"0.4824, 0.6824, 0.1529",#7BAE27,"0.4824, 0.6824, 0.1529",True
9,594.95996,841.91998,curve,163.21675993530138,186.56970187426208,279.4736694912632,287.08875925396785,23.352941938960697,7.615089762704656,False,True,"0.4824, 0.6824, 0.1529",#7BAE27,"0.4824, 0.6824, 0.1529",False
9,594.95996,841.91998,curve,188.8542257310736,264.49745070727244,279.21983316583976,287.3425955793913,75.64322497619884,8.122762413551527,True,False,"0.7647, 0.6667, 0.8235",#C3AAD2,"0.7647, 0.6667, 0.8235",True
9,594.95996,841.91998,curve,188.34655375222658,263.9897787284254,279.7404075441492,287.2031960491996,75.64322497619881,7.462788505050412,True,False,"0.8667, 0.0000, 0.1882",#DD0030,"0.8667, 0.0000, 0.1882",True
9,594.95996,841.91998,curve,188.34655375222658,263.9897787284254,279.7404075441492,287.2031960491996,75.64322497619881,7.462788505050412,False,True,"0.8667, 0.0000, 0.1882",#DD0030,"0.8667, 0.0000, 0.1882",False
9,594.95996,841.91998,curve,266.5281344946606,419.84527505044616,279.21983316583976,287.3425955793913,153.31714055578556,8.122762413551527,True,False,"0.7647, 0.6667, 0.8235",#C3AAD2,"0.7647, 0.6667, 0.8235",True
9,594.95996,841.91998,curve,266.020476915813,419.33761747159855,279.7404075441492,287.2031960491996,153.31714055578556,7.462788505050412,True,False,"0.0902, 0.1882, 0.4667",#173077,"0.0902, 0.1882, 0.4667",True
9,594.95996,841.91998,curve,266.020476915813,419.33761747159855,279.7404075441492,287.2031960491996,153.31714055578556,7.462788505050412,False,True,"0.0902, 0.1882, 0.4667",#173077,"0.0902, 0.1882, 0.4667",False
9,594.95996,841.91998,curve,163.21675993530138,186.56970187426208,310.94929137977897,318.5643811424836,23.352941938960697,7.615089762704656,True,False,"0.1255, 0.6588, 0.8824",#20A8E1,"0.1255, 0.6588, 0.8824",True
9,594.95996,841.91998,curve,163.21675993530138,186.56970187426208,310.94929137977897,318.5643811424836,23.352941938960697,7.615089762704656,False,True,"0.1255, 0.6588, 0.8824",#20A8E1,"0.1255, 0.6588, 0.8824",False
9,594.95996,841.91998,curve,189.1080620564971,212.4610039954578,310.94929137977897,318.5643811424836,23.352941938960697,7.615089762704656,True,False,"0.9255, 0.4863, 0.0549",#EC7C0E,"0.9255, 0.4863, 0.0549",True
9,594.95996,841.91998,curve,189.1080620564971,212.4610039954578,310.94929137977897,318.5643811424836,23.352941938960697,7.615089762704656,False,True,"0.9255, 0.4863, 0.0549",#EC7C0E,"0.9255, 0.4863, 0.0549",False
9,594.95996,841.91998,curve,214.99936417769277,264.24361130984903,310.94929137977897,318.5643811424836,49.24424713215626,7.615089762704656,True,False,"0.4824, 0.6824, 0.1529",#7BAE27,"0.4824, 0.6824, 0.1529",True
9,594.95996,841.91998,curve,214.99936417769277,264.24361130984903,310.94929137977897,318.5643811424836,49.24424713215626,7.615089762704656,False,True,"0.4824, 0.6824, 0.1529",#7BAE27,"0.4824, 0.6824, 0.1529",False
9,594.95996,841.91998,curve,266.5281344946606,316.28005427766385,310.69545505435553,318.81821746790706,49.751919783003245,8.122762413551527,True,False,"0.7647, 0.6667, 0.8235",#C3AAD2,"0.7647, 0.6667, 0.8235",True
9,594.95996,841.91998,curve,266.020476915813,315.77239669881624,311.21649983264535,318.67928833769577,49.751919783003245,7.462788505050412,True,False,"0.8667, 0.0000, 0.1882",#DD0030,"0.8667, 0.0000, 0.1882",True
9,594.95996,841.91998,curve,266.020476915813,315.77239669881624,311.21649983264535,318.67928833769577,49.751919783003245,7.462788505050412,False,True,"0.8667, 0.0000, 0.1882",#DD0030,"0.8667, 0.0000, 0.1882",False
9,594.95996,841.91998,curve,318.31073873705196,393.9539637132508,310.69545505435553,318.81821746790706,75.64322497619884,8.122762413551527,True,False,"0.7647, 0.6667, 0.8235",#C3AAD2,"0.7647, 0.6667, 0.8235",True
9,594.95996,841.91998,curve,317.8030835582043,393.44630853440316,311.21649983264535,318.67928833769577,75.64322497619884,7.462788505050412,True,False,"0.0902, 0.1882, 0.4667",#173077,"0.0902, 0.1882, 0.4667",True
9,594.95996,841.91998,curve,317.8030835582043,393.44630853440316,311.21649983264535,318.67928833769577,75.64322497619884,7.462788505050412,False,True,"0.0902, 0.1882, 0.4667",#173077,"0.0902, 0.1882, 0.4667",False
9,594.95996,841.91998,curve,422.1298267472565,445.48276868621724,310.94929137977897,318.5643811424836,23.352941938960726,7.615089762704656,True,False,"0.1255, 0.6588, 0.8824",#20A8E1,"0.1255, 0.6588, 0.8824",True
9,594.95996,841.91998,curve,422.1298267472565,445.48276868621724,310.94929137977897,318.5643811424836,23.352941938960726,7.615089762704656,False,True,"0.1255, 0.6588, 0.8824",#20A8E1,"0.1255, 0.6588, 0.8824",False
9,594.95996,841.91998,curve,447.76726134303,497.51918112603323,310.69545505435553,318.81821746790706,49.751919783003245,8.122762413551527,True,False,"0.7647, 0.6667, 0.8235",#C3AAD2,"0.7647, 0.6667, 0.8235",True
9,594.95996,841.91998,curve,447.259613364182,497.0115331471852,311.21649983264535,318.67928833769577,49.751919783003245,7.462788505050412,True,False,"0.8667, 0.0000, 0.1882",#DD0030,"0.8667, 0.0000, 0.1882",True
9,594.95996,841.91998,curve,447.259613364182,497.0115331471852,311.21649983264535,318.67928833769577,49.751919783003245,7.462788505050412,False,True,"0.8667, 0.0000, 0.1882",#DD0030,"0.8667, 0.0000, 0.1882",False
9,594.95996,841.91998,curve,499.54989918542003,575.1931241616188,310.69545505435553,318.81821746790706,75.64322497619878,8.122762413551527,True,False,"0.7647, 0.6667, 0.8235",#C3AAD2,"0.7647, 0.6667, 0.8235",True
9,594.95996,841.91998,curve,499.04225120657196,574.6854761827708,311.21649983264535,318.67928833769577,75.64322497619884,7.462788505050412,True,False,"0.0902, 0.1882, 0.4667",#173077,"0.0902, 0.1882, 0.4667",True
9,594.95996,841.91998,curve,499.04225120657196,574.6854761827708,311.21649983264535,318.67928833769577,75.64322497619884,7.462788505050412,False,True,"0.0902, 0.1882, 0.4667",#173077,"0.0902, 0.1882, 0.4667",False
9,594.95996,841.91998,curve,162.9629236098779,575.1931160976192,342.1715473428516,350.29430975640315,412.2301924877413,8.122762413551527,True,False,"0.7647, 0.6667, 0.8235",#C3AAD2,"0.7647, 0.6667, 0.8235",True
9,594.95996,841.91998,curve,188.8542257310736,238.60614551407684,373.6471716313672,381.7699340449187,49.751919783003245,8.122762413551527,True,False,"0.7647, 0.6667, 0.8235",#C3AAD2,"0.7647, 0.6667, 0.8235",True
9,594.95996,841.91998,curve,188.34655375222658,238.09847353522983,374.1677484096765,381.630536914727,49.751919783003245,7.462788505050469,True,False,"0.8667, 0.0000, 0.1882",#DD0030,"0.8667, 0.0000, 0.1882",True
9,594.95996,841.91998,curve,188.34655375222658,238.09847353522983,374.1677484096765,381.630536914727,49.751919783003245,7.462788505050469,False,True,"0.8667, 0.0000, 0.1882",#DD0030,"0.8667, 0.0000, 0.1882",False
9,594.95996,841.91998,curve,240.636829973465,445.7365809156417,373.6471716313672,381.7699340449187,205.09975094217668,8.122762413551527,True,False,"0.7647, 0.6667, 0.8235",#C3AAD2,"0.7647, 0.6667, 0.8235",True
9,594.95996,841.91998,curve,240.1291603946179,445.22891133679457,374.1677484096765,381.630536914727,205.09975094217666,7.462788505050469,True,False,"0.0902, 0.1882, 0.4667",#173077,"0.0902, 0.1882, 0.4667",True
9,594.95996,841.91998,curve,240.1291603946179,445.22891133679457,374.1677484096765,381.630536914727,205.09975094217666,7.462788505050469,False,True,"0.0902, 0.1882, 0.4667",#173077,"0.0902, 0.1882, 0.4667",False
9,594.95996,841.91998,curve,162.9629236098779,575.1931160976192,405.122791119883,413.24555353343453,412.2301924877413,8.122762413551527,True,False,"0.7647, 0.6667, 0.8235",#C3AAD2,"0.7647, 0.6667, 0.8235",True
9,594.95996,841.91998,curve,162.9629236098779,575.1931160976192,436.598429808398,444.72119222194954,412.2301924877413,8.122762413551527,True,False,"0.7647, 0.6667, 0.8235",#C3AAD2,"0.7647, 0.6667, 0.8235",True
9,594.95996,841.91998,curve,163.21675993530138,471.37405899941336,468.3278808223375,475.9429705850421,308.15729906411195,7.615089762704599,True,False,"0.8157, 0.8667, 0.6784",#D0DDAD,"0.8157, 0.8667, 0.6784",True
9,594.95996,841.91998,curve,163.21675993530138,471.37405899941336,468.3278808223375,475.9429705850421,308.15729906411195,7.615089762704599,False,True,"0.4824, 0.6824, 0.1529",#7BAE27,"0.4824, 0.6824, 0.1529",False
9,594.95996,841.91998,curve,163.21675993530138,264.2436174538488,499.80349551085345,507.41858527355805,101.02685751854742,7.615089762704599,True,False,"0.1255, 0.6588, 0.8824",#20A8E1,"0.1255, 0.6588, 0.8824",True
9,594.95996,841.91998,curve,163.21675993530138,264.2436174538488,499.80349551085345,507.41858527355805,101.02685751854742,7.615089762704599,False,True,"0.1255, 0.6588, 0.8824",#20A8E1,"0.1255, 0.6588, 0.8824",False
9,594.95996,841.91998,curve,266.7819708200841,290.1349127590448,499.80349551085345,507.41858527355805,23.352941938960726,7.615089762704599,True,False,"0.9255, 0.4863, 0.0549",#EC7C0E,"0.9255, 0.4863, 0.0549",True
9,594.95996,841.91998,curve,266.7819708200841,290.1349127590448,499.80349551085345,507.41858527355805,23.352941938960726,7.615089762704599,False,True,"0.9255, 0.4863, 0.0549",#EC7C0E,"0.9255, 0.4863, 0.0549",False
9,594.95996,841.91998,curve,292.6732873412792,367.80883966663106,499.80349551085345,507.41858527355805,75.13555232535185,7.615089762704599,True,False,"0.4824, 0.6824, 0.1529",#7BAE27,"0.4824, 0.6824, 0.1529",True
9,594.95996,841.91998,curve,292.6732873412792,367.80883966663106,499.80349551085345,507.41858527355805,75.13555232535185,7.615089762704599,False,True,"0.4824, 0.6824, 0.1529",#7BAE27,"0.4824, 0.6824, 0.1529",False
9,594.95996,841.91998,curve,370.0933741794421,419.84529396244534,499.54965918542996,507.6724215989815,49.751919783003245,8.122762413551527,True,False,"0.7647, 0.6667, 0.8235",#C3AAD2,"0.7647, 0.6667, 0.8235",True
9,594.95996,841.91998,curve,369.58568780059574,419.337607583599,500.070747163718,507.5335356687685,49.751919783003245,7.462788505050469,True,False,"0.8667, 0.0000, 0.1882",#DD0030,"0.8667, 0.0000, 0.1882",True
9,594.95996,841.91998,curve,369.58568780059574,419.337607583599,500.070747163718,507.5335356687685,49.751919783003245,7.462788505050469,False,True,"0.8667, 0.0000, 0.1882",#DD0030,"0.8667, 0.0000, 0.1882",False
9,594.95996,841.91998,curve,421.875990421833,471.62791020483627,499.54965918542996,507.6724215989815,49.751919783003245,8.122762413551527,True,False,"0.7647, 0.6667, 0.8235",#C3AAD2,"0.7647, 0.6667, 0.8235",True
9,594.95996,841.91998,curve,421.368294442987,471.12021422599025,500.070747163718,507.5335356687685,49.751919783003245,7.462788505050469,True,False,"0.0902, 0.1882, 0.4667",#173077,"0.0902, 0.1882, 0.4667",True
9,594.95996,841.91998,curve,421.368294442987,471.12021422599025,500.070747163718,507.5335356687685,49.751919783003245,7.462788505050469,False,True,"0.0902, 0.1882, 0.4667",#173077,"0.0902, 0.1882, 0.4667",False
9,594.95996,841.91998,curve,163.21675993530138,264.2436174538488,531.2795901993495,538.894679962054,101.02685751854742,7.615089762704599,True,False,"0.1255, 0.6588, 0.8824",#20A8E1,"0.1255, 0.6588, 0.8824",True
9,594.95996,841.91998,curve,163.21675993530138,264.2436174538488,531.2795901993495,538.894679962054,101.02685751854742,7.615089762704599,False,True,"0.1255, 0.6588, 0.8824",#20A8E1,"0.1255, 0.6588, 0.8824",False
9,594.95996,841.91998,curve,266.7819708200841,290.1349127590448,531.2795901993495,538.894679962054,23.352941938960726,7.615089762704599,True,False,"0.9255, 0.4863, 0.0549",#EC7C0E,"0.9255, 0.4863, 0.0549",True
9,594.95996,841.91998,curve,266.7819708200841,290.1349127590448,531.2795901993495,538.894679962054,23.352941938960726,7.615089762704599,False,True,"0.9255, 0.4863, 0.0549",#EC7C0E,"0.9255, 0.4863, 0.0549",False
9,594.95996,841.91998,curve,292.6732873412792,367.80883966663106,531.2795901993495,538.894679962054,75.13555232535185,7.615089762704599,True,False,"0.4824, 0.6824, 0.1529",#7BAE27,"0.4824, 0.6824, 0.1529",True
9,594.95996,841.91998,curve,292.6732873412792,367.80883966663106,531.2795901993495,538.894679962054,75.13555232535185,7.615089762704599,False,True,"0.4824, 0.6824, 0.1529",#7BAE27,"0.4824, 0.6824, 0.1529",False
9,594.95996,841.91998,curve,370.0933741794421,419.84529396244534,531.025753873926,539.1485162874775,49.751919783003245,8.122762413551527,True,False,"0.7647, 0.6667, 0.8235",#C3AAD2,"0.7647, 0.6667, 0.8235",True
9,594.95996,841.91998,curve,369.58568780059574,419.337607583599,531.546361852234,539.0091503572844,49.751919783003245,7.462788505050469,True,False,"0.8667, 0.0000, 0.1882",#DD0030,"0.8667, 0.0000, 0.1882",True
9,594.95996,841.91998,curve,369.58568780059574,419.337607583599,531.546361852234,539.0091503572844,49.751919783003245,7.462788505050469,False,True,"0.8667, 0.0000, 0.1882",#DD0030,"0.8667, 0.0000, 0.1882",False
9,594.95996,841.91998,curve,421.875990421833,471.62791020483627,531.025753873926,539.1485162874775,49.751919783003245,8.122762413551527,True,False,"0.7647, 0.6667, 0.8235",#C3AAD2,"0.7647, 0.6667, 0.8235",True
9,594.95996,841.91998,curve,421.368294442987,471.12021422599025,531.546361852234,539.0091503572844,49.751919783003245,7.462788505050469,True,False,"0.0902, 0.1882, 0.4667",#173077,"0.0902, 0.1882, 0.4667",True
9,594.95996,841.91998,curve,421.368294442987,471.12021422599025,531.546361852234,539.0091503572844,49.751919783003245,7.462788505050469,False,True,"0.0902, 0.1882, 0.4667",#173077,"0.0902, 0.1882, 0.4667",False
9,594.95996,841.91998,curve,162.9629236098779,212.71484339288114,562.501392562441,570.6241549759925,49.751919783003245,8.122762413551527,True,False,"0.7647, 0.6667, 0.8235",#C3AAD2,"0.7647, 0.6667, 0.8235",True
9,594.95996,841.91998,curve,162.4552516310309,212.20717141403415,563.0219765407501,570.4847650458005,49.751919783003245,7.462788505050469,True,False,"0.8667, 0.0000, 0.1882",#DD0030,"0.8667, 0.0000, 0.1882",True
9,594.95996,841.91998,curve,162.4552516310309,212.20717141403415,563.0219765407501,570.4847650458005,49.751919783003245,7.462788505050469,False,True,"0.8667, 0.0000, 0.1882",#DD0030,"0.8667, 0.0000, 0.1882",False
9,594.95996,841.91998,curve,214.74552785226928,419.84527879444596,562.501392562441,570.6241549759925,205.09975094217668,8.122762413551527,True,False,"0.7647, 0.6667, 0.8235",#C3AAD2,"0.7647, 0.6667, 0.8235",True
9,594.95996,841.91998,curve,214.2378414734229,419.3375924155996,563.0219765407501,570.4847650458005,205.0997509421767,7.462788505050469,True,False,"0.0902, 0.1882, 0.4667",#173077,"0.0902, 0.1882, 0.4667",True
9,594.95996,841.91998,curve,214.2378414734229,419.3375924155996,563.0219765407501,570.4847650458005,205.0997509421767,7.462788505050469,False,True,"0.0902, 0.1882, 0.4667",#173077,"0.0902, 0.1882, 0.4667",False
9,594.95996,841.91998,curve,162.9629236098779,575.1931160976192,593.9770072509571,602.0997696645086,412.2301924877413,8.122762413551555,True,False,"0.7647, 0.6667, 0.8235",#C3AAD2,"0.7647, 0.6667, 0.8235",True
9,594.95996,841.91998,curve,162.9629236098779,575.1931160976192,625.452621939473,633.5753843530246,412.2301924877413,8.122762413551555,True,False,"0.7647, 0.6667, 0.8235",#C3AAD2,"0.7647, 0.6667, 0.8235",True
