master_project_id,master_project_name,snapshot_id,project_id,project_match_key,budget_year,project_name,agency,agency_group,government_sector,work_category,delivery_status,program_group,location,start_period,start_year,start_disclosed,completion_period,completion_year,completion_disclosed,estimated_total_cost_000,total_cost_disclosed,estimated_expenditure_to_june_000,expenditure_disclosed,annual_allocation_000,allocation_disclosed,source_file,source_page,source_row_top
MASTER-0001,"Heathcote Road, The Avenue to Princes Highway",BUD-0068923BF1-2024-25,BUD-0068923BF1,Transport for NSW|heathcote road the avenue to princes highway planning,2024-25,Heathcote Road - The Avenue to Princes Highway (Planning),Transport for NSW,Transport for NSW,general_government,Major Works,Works in Progress,Connecting Sydney Roads,Various,n.a.,,False,n.a.,,False,,False,4006,True,2500,True,bp3-infrastructure-statement-2024-25.pdf,142,254.602
MASTER-0002,Western Sydney Heavy Vehicle Rest Area,BUD-029B29C941-2025-26,BUD-029B29C941,Transport for NSW|western sydney heavy vehicle rest area state and federal funded,2025-26,Western Sydney Heavy Vehicle Rest Area (State and Federal Funded),Transport for NSW,Transport for NSW,general_government,Major Works,Works in Progress,Connecting Sydney Roads,Eastern Creek,n.a.,,False,n.a.,,False,,False,1101,True,31499,True,bp3-infrastructure-statement-nsw-budget-2025-26.pdf,154,462.512
MASTER-0002,Western Sydney Heavy Vehicle Rest Area,BUD-029B29C941-2026-27,BUD-029B29C941,Transport for NSW|western sydney heavy vehicle rest area state and federal funded,2026-27,Western Sydney Heavy Vehicle Rest Area (State and Federal Funded),Transport for NSW,Transport for NSW,general_government,Major Works,Works in Progress,Connecting Sydney Roads,Eastern Creek,n.a.,,False,n.a.,,False,,False,80179,True,3255,True,bp3-infrastructure-statement-nsw-budget-2026-27.pdf,151,216.8749999999999
MASTER-0003,M1 Tweed Heads and Byron Bay (State and Federal Funded),BUD-02D2E44107-2026-27,BUD-02D2E44107,Transport for NSW|m1 tweed heads and byron bay state and federal funded,2026-27,M1 Tweed Heads and Byron Bay (State and Federal Funded),Transport for NSW,Transport for NSW,general_government,Major Works,Works in Progress,Connecting Regional NSW (Roads and Bridges),Various,n.a.,,False,n.a.,,False,,False,,False,10500,True,bp3-infrastructure-statement-nsw-budget-2026-27.pdf,149,537.4449999999999
MASTER-0004,Pedestrian Safety Barriers Blaxland,BUD-04E9A9619F-2024-25,BUD-04E9A9619F,Transport for NSW|pedestrian safety barriers blaxland,2024-25,Pedestrian Safety Barriers Blaxland,Transport for NSW,Transport for NSW,general_government,Major Works,Works in Progress,Urban Roads Fund,Blaxland,n.a.,,False,n.a.,,False,,False,100,True,1500,True,bp3-infrastructure-statement-2024-25.pdf,147,156.90199999999993
MASTER-0005,Airport Precinct Safety and Access Program (APSAP),BUD-07A125ADC3-2025-26,BUD-07A125ADC3,Transport for NSW|airport precinct safety access program apsap,2025-26,Airport Precinct Safety & Access Program (APSAP),Transport for NSW,Transport for NSW,general_government,Major Works,Works in Progress,Other Major Programs,Various,n.a.,,False,n.a.,,False,,False,7382,True,1000,True,bp3-infrastructure-statement-nsw-budget-2025-26.pdf,155,604.4019999999999
MASTER-0005,Airport Precinct Safety and Access Program (APSAP),BUD-07A125ADC3-2026-27,BUD-07A125ADC3,Transport for NSW|airport precinct safety access program apsap,2026-27,Airport Precinct Safety & Access Program (APSAP),Transport for NSW,Transport for NSW,general_government,Major Works,Works in Progress,Other Major Programs,Various,n.a.,,False,n.a.,,False,,False,15779,True,27866,True,bp3-infrastructure-statement-nsw-budget-2026-27.pdf,152,373.49499999999995
MASTER-0006,"Richmond Road Upgrade between M7 Motorway and Townson Road, Marsden Park (State and Federal Funded)(c)",BUD-0883AFA828-2025-26,BUD-0883AFA828,Transport for NSW|richmond road upgrade between m7 motorway and townson road marsden park state and federal funded,2025-26,"Richmond Road Upgrade between M7 Motorway and Townson Road, Marsden Park (State and Federal Funded)(d)",Transport for NSW,Transport for NSW,general_government,Major Works,Works in Progress,Connecting Sydney Roads,Colebee,n.a.,,False,n.a.,,False,,False,18186,True,40000,True,bp3-infrastructure-statement-nsw-budget-2025-26.pdf,154,326.15199999999993
MASTER-0006,"Richmond Road Upgrade between M7 Motorway and Townson Road, Marsden Park (State and Federal Funded)(c)",BUD-0883AFA828-2026-27,BUD-0883AFA828,Transport for NSW|richmond road upgrade between m7 motorway and townson road marsden park state and federal funded,2026-27,"Richmond Road Upgrade between M7 Motorway and Townson Road, Marsden Park (State and Federal Funded)(c)",Transport for NSW,Transport for NSW,general_government,Major Works,Works in Progress,Connecting Sydney Roads,Colebee,n.a.,,False,n.a.,,False,520000,True,61702,True,102116,True,bp3-infrastructure-statement-nsw-budget-2026-27.pdf,150,736.0649999999999
MASTER-0007,Western Sydney Long Term Strategic Transport Corridor Preservation,BUD-08E4363424-2024-25,BUD-08E4363424,Transport for NSW|western sydney long term strategic transport corridor preservation,2024-25,Western Sydney Long Term Strategic Transport Corridor Preservation,Transport for NSW,Transport for NSW,general_government,Major Works,Works in Progress,Connecting Sydney Roads,Various,n.a.,,False,n.a.,,False,,False,136842,True,57000,True,bp3-infrastructure-statement-2024-25.pdf,143,248.36199999999997
MASTER-0007,Western Sydney Long Term Strategic Transport Corridor Preservation,BUD-08E4363424-2025-26,BUD-08E4363424,Transport for NSW|western sydney long term strategic transport corridor preservation,2025-26,Western Sydney Long Term Strategic Transport Corridor Preservation,Transport for NSW,Transport for NSW,general_government,Major Works,Works in Progress,Connecting Sydney Roads,Various,n.a.,,False,n.a.,,False,,False,158470,True,23486,True,bp3-infrastructure-statement-nsw-budget-2025-26.pdf,154,499.232
MASTER-0007,Western Sydney Long Term Strategic Transport Corridor Preservation,BUD-08E4363424-2026-27,BUD-08E4363424,Transport for NSW|western sydney long term strategic transport corridor preservation,2026-27,Western Sydney Long Term Strategic Transport Corridor Preservation,Transport for NSW,Transport for NSW,general_government,Major Works,Works in Progress,Connecting Sydney Roads,Various,n.a.,,False,n.a.,,False,,False,165073,True,2000,True,bp3-infrastructure-statement-nsw-budget-2026-27.pdf,151,253.5949999999999
MASTER-0008,Western Sydney International Airport Wayfinding,BUD-09B3DC18E4-2025-26,BUD-09B3DC18E4,Transport for NSW|western sydney international airport wayfinding,2025-26,Western Sydney International Airport Wayfinding,Transport for NSW,Transport for NSW,general_government,Major Works,Works in Progress,Other Major Programs,Various,n.a.,,False,n.a.,,False,,False,,False,30000,True,bp3-infrastructure-statement-nsw-budget-2025-26.pdf,156,472.592
MASTER-0008,Western Sydney International Airport Wayfinding,BUD-09B3DC18E4-2026-27,BUD-09B3DC18E4,Transport for NSW|western sydney international airport wayfinding,2026-27,Western Sydney International Airport Wayfinding,Transport for NSW,Transport for NSW,general_government,Major Works,Works in Progress,Other Major Programs,Various,n.a.,,False,n.a.,,False,,False,2810,True,4600,True,bp3-infrastructure-statement-nsw-budget-2026-27.pdf,153,248.55499999999995
MASTER-0009,Princes Highway Corridor (NSW) - Jervis Bay to Sussex Inlet Road Upgrade Stage 1 (State and Federal Funded),BUD-0EA71AF980-2024-25,BUD-0EA71AF980,Transport for NSW|princes highway corridor nsw jervis bay to sussex inlet road upgrade stage 1 state and federal funded,2024-25,Princes Highway Corridor (NSW) - Jervis Bay to Sussex Inlet Road Upgrade Stage 1 (State and Federal Funded),Transport for NSW,Transport for NSW,general_government,Major Works,Works in Progress,Princes Corridor,Jervis Bay,n.a.,,False,n.a.,,False,,False,22237,True,4198,True,bp3-infrastructure-statement-2024-25.pdf,146,178.26199999999994
MASTER-0010,Eastern Ring Road and Badgerys Creek Road (South) - Elizabeth Drive to The Northern Road,BUD-0EC61A064E-2024-25,BUD-0EC61A064E,Transport for NSW|eastern ring road and badgerys creek road south planning state and federal funded,2024-25,Eastern Ring Road and Badgerys Creek Road South - Planning (State and Federal Funded),Transport for NSW,Transport for NSW,general_government,Major Works,Works in Progress,Other Major Programs,Various,n.a.,,False,n.a.,,False,,False,,False,6000,True,bp3-infrastructure-statement-2024-25.pdf,144,664.6419999999999
MASTER-0010,Eastern Ring Road and Badgerys Creek Road (South) - Elizabeth Drive to The Northern Road,BUD-0EC61A064E-2025-26,BUD-0EC61A064E,Transport for NSW|eastern ring road and badgerys creek road south planning state and federal funded,2025-26,Eastern Ring Road and Badgerys Creek Road South (Planning) (State and Federal Funded),Transport for NSW,Transport for NSW,general_government,Major Works,Works in Progress,Other Major Programs,Various,n.a.,,False,n.a.,,False,,False,350,True,3600,True,bp3-infrastructure-statement-nsw-budget-2025-26.pdf,155,630.5619999999999
MASTER-0010,Eastern Ring Road and Badgerys Creek Road (South) - Elizabeth Drive to The Northern Road,BUD-0EC61A064E-2026-27,BUD-0EC61A064E,Transport for NSW|eastern ring road and badgerys creek road south planning state and federal funded,2026-27,Eastern Ring Road and Badgerys Creek Road South (Planning) (State and Federal Funded),Transport for NSW,Transport for NSW,general_government,Major Works,Works in Progress,Other Major Programs,Various,n.a.,,False,n.a.,,False,,False,2687,True,5444,True,bp3-infrastructure-statement-nsw-budget-2026-27.pdf,152,425.81499999999994
MASTER-0011,"Lease Acquisition between $250,000 and $20 million(a)",BUD-0EEE412074-2024-25,BUD-0EEE412074,NSW Trains|lease acquisition between 250 000 and 20 million,2024-25,"Lease Acquisition between $250,000 and $20 million(a)",NSW Trains,NSW Trains,public_non_financial_corporation,Leases,,,Various,n.a.,,False,n.a.,,False,,False,,False,223,True,bp3-infrastructure-statement-2024-25.pdf,156,145.86199999999997
MASTER-0011,"Lease Acquisition between $250,000 and $20 million(a)",BUD-0EEE412074-2025-26,BUD-0EEE412074,NSW Trains|lease acquisition between 250 000 and 20 million,2025-26,"Lease Acquisition between $250,000 and $20 million(a)",NSW Trains,NSW Trains,public_non_financial_corporation,Leases,,,Various,n.a.,,False,n.a.,,False,,False,,False,23,True,bp3-infrastructure-statement-nsw-budget-2025-26.pdf,169,321.11199999999997
MASTER-0011,"Lease Acquisition between $250,000 and $20 million(a)",BUD-0EEE412074-2026-27,BUD-0EEE412074,NSW Trains|lease acquisition between 250 000 and 20 million,2026-27,"Lease Acquisition between $250,000 and $20 million(a)",NSW Trains,NSW Trains,public_non_financial_corporation,Leases,,,Various,n.a.,,False,n.a.,,False,,False,,False,38997,True,bp3-infrastructure-statement-nsw-budget-2026-27.pdf,165,313.5949999999999
MASTER-0012,Sheahan Bridge Upgrade (Planning) (State and Federal Funded),BUD-108031018C-2024-25,BUD-108031018C,Transport for NSW|sheahan bridge upgrade planning state and federal funded,2024-25,Sheahan Bridge Upgrade (Planning) (State and Federal Funded),Transport for NSW,Transport for NSW,general_government,Major Works,Works in Progress,Hume Corridor,Gundagai,n.a.,,False,n.a.,,False,,False,1567,True,2880,True,bp3-infrastructure-statement-2024-25.pdf,143,669.9219999999999
MASTER-0012,Sheahan Bridge Upgrade (Planning) (State and Federal Funded),BUD-108031018C-2025-26,BUD-108031018C,Transport for NSW|sheahan bridge upgrade planning state and federal funded,2025-26,Sheahan Bridge Upgrade (Planning) (State and Federal Funded),Transport for NSW,Transport for NSW,general_government,Major Works,Works in Progress,Hume Corridor,Gundagai,n.a.,,False,n.a.,,False,,False,3703,True,3290,True,bp3-infrastructure-statement-nsw-budget-2025-26.pdf,154,765.492
MASTER-0012,Sheahan Bridge Upgrade (Planning) (State and Federal Funded),BUD-108031018C-2026-27,BUD-108031018C,Transport for NSW|sheahan bridge upgrade planning state and federal funded,2026-27,Sheahan Bridge Upgrade (Planning) (State and Federal Funded),Transport for NSW,Transport for NSW,general_government,Major Works,Works in Progress,Hume Corridor,Gundagai,n.a.,,False,n.a.,,False,,False,8973,True,1797,True,bp3-infrastructure-statement-nsw-budget-2026-27.pdf,151,509.2149999999999
MASTER-0013,Francis Road Railway Overpass Widening at Rooty Hill,BUD-11D757DAAB-2025-26,BUD-11D757DAAB,Transport for NSW|francis road rail overpass at rooty hill planning,2025-26,Francis Road Rail Overpass at Rooty Hill (Planning),Transport for NSW,Transport for NSW,general_government,Major Works,Works in Progress,Connecting Sydney Roads,Rooty Hill,n.a.,,False,n.a.,,False,,False,,False,3500,True,bp3-infrastructure-statement-nsw-budget-2025-26.pdf,153,382.572
MASTER-0013,Francis Road Railway Overpass Widening at Rooty Hill,BUD-11D757DAAB-2026-27,BUD-11D757DAAB,Transport for NSW|francis road rail overpass at rooty hill planning,2026-27,Francis Road Rail Overpass at Rooty Hill (Planning),Transport for NSW,Transport for NSW,general_government,Major Works,Works in Progress,Connecting Sydney Roads,Rooty Hill,n.a.,,False,n.a.,,False,,False,1756,True,1744,True,bp3-infrastructure-statement-nsw-budget-2026-27.pdf,150,290.31499999999994
MASTER-0014,Devonshire Link Road and Bradfield Metro Link Road (Planning) (State and Federal Funded),BUD-11D8E6866A-2025-26,BUD-11D8E6866A,Transport for NSW|devonshire link road and bradfield metro link road planning state and federal funded,2025-26,Devonshire Link Road and Bradfield Metro Link Road (Planning) (State and Federal Funded),Transport for NSW,Transport for NSW,general_government,Major Works,Works in Progress,Connecting Sydney Roads,Kemps Creek,n.a.,,False,n.a.,,False,,False,,False,3000,True,bp3-infrastructure-statement-nsw-budget-2025-26.pdf,153,254.36199999999997
MASTER-0014,Devonshire Link Road and Bradfield Metro Link Road (Planning) (State and Federal Funded),BUD-11D8E6866A-2026-27,BUD-11D8E6866A,Transport for NSW|devonshire link road and bradfield metro link road planning state and federal funded,2026-27,Devonshire Link Road and Bradfield Metro Link Road (Planning) (State and Federal Funded),Transport for NSW,Transport for NSW,general_government,Major Works,Works in Progress,Connecting Sydney Roads,Kemps Creek,n.a.,,False,n.a.,,False,,False,1636,True,7000,True,bp3-infrastructure-statement-nsw-budget-2026-27.pdf,150,127.80499999999996
MASTER-0015,New Bus Services for Western Sydney,BUD-1308623375-2024-25,BUD-1308623375,Transport for NSW|new bus services for western sydney state and federal funded,2024-25,New Bus Services for Western Sydney (State and Federal Funded),Transport for NSW,Transport for NSW,general_government,Major Works,Works in Progress,Other Major Programs,Various,n.a.,,False,n.a.,,False,,False,20183,True,39217,True,bp3-infrastructure-statement-2024-25.pdf,145,156.90199999999993
MASTER-0015,New Bus Services for Western Sydney,BUD-1308623375-2025-26,BUD-1308623375,Transport for NSW|new bus services for western sydney state and federal funded,2025-26,New Bus Services for Western Sydney (State and Federal Funded),Transport for NSW,Transport for NSW,general_government,Major Works,Works in Progress,Other Major Programs,Various,n.a.,,False,n.a.,,False,,False,38460,True,44995,True,bp3-infrastructure-statement-nsw-budget-2025-26.pdf,155,730.192
MASTER-0015,New Bus Services for Western Sydney,BUD-1308623375-2026-27,BUD-1308623375,Transport for NSW|new bus services for western sydney state and federal funded,2026-27,New Bus Services for Western Sydney (State and Federal Funded),Transport for NSW,Transport for NSW,general_government,Major Works,Works in Progress,Other Major Programs,Various,n.a.,,False,n.a.,,False,,False,111779,True,35374,True,bp3-infrastructure-statement-nsw-budget-2026-27.pdf,152,525.4449999999999
MASTER-0016,"Lease Acquisition between $250,000 and $20 million(a)",BUD-142F883609-2024-25,BUD-142F883609,Sydney Trains|lease acquisition between 250 000 and 20 million,2024-25,"Lease Acquisition between $250,000 and $20 million(a)",Sydney Trains,Sydney Trains,public_non_financial_corporation,Leases,,,Various,n.a.,,False,n.a.,,False,,False,,False,6923,True,bp3-infrastructure-statement-2024-25.pdf,155,615.202
MASTER-0016,"Lease Acquisition between $250,000 and $20 million(a)",BUD-142F883609-2025-26,BUD-142F883609,Sydney Trains|lease acquisition between 250 000 and 20 million,2025-26,"Lease Acquisition between $250,000 and $20 million(a)",Sydney Trains,Sydney Trains,public_non_financial_corporation,Leases,,,Various,n.a.,,False,n.a.,,False,,False,,False,12660,True,bp3-infrastructure-statement-nsw-budget-2025-26.pdf,169,149.702
MASTER-0016,"Lease Acquisition between $250,000 and $20 million(a)",BUD-142F883609-2026-27,BUD-142F883609,Sydney Trains|lease acquisition between 250 000 and 20 million,2026-27,"Lease Acquisition between $250,000 and $20 million(a)",Sydney Trains,Sydney Trains,public_non_financial_corporation,Leases,,,Various,n.a.,,False,n.a.,,False,,False,,False,18899,True,bp3-infrastructure-statement-nsw-budget-2026-27.pdf,165,146.765
MASTER-0017,Princes Highway Corridor - Milton Ulladulla Bypass (State and Federal Funded),BUD-162C3A2891-2024-25,BUD-162C3A2891,Transport for NSW|princes highway corridor milton ulladulla bypass state and federal funded,2024-25,Princes Highway Corridor - Milton Ulladulla Bypass (State and Federal Funded),Transport for NSW,Transport for NSW,general_government,Major Works,Works in Progress,Princes Corridor,Milton,n.a.,,False,n.a.,,False,,False,25451,True,7716,True,bp3-infrastructure-statement-2024-25.pdf,146,225.562
MASTER-0017,Princes Highway Corridor - Milton Ulladulla Bypass (State and Federal Funded),BUD-162C3A2891-2025-26,BUD-162C3A2891,Transport for NSW|princes highway corridor milton ulladulla bypass state and federal funded,2025-26,Princes Highway Corridor - Milton Ulladulla Bypass (State and Federal Funded),Transport for NSW,Transport for NSW,general_government,Major Works,Works in Progress,Princes Corridor,Milton,n.a.,,False,n.a.,,False,,False,43007,True,13479,True,bp3-infrastructure-statement-nsw-budget-2025-26.pdf,157,226.5219999999999
MASTER-0018,Regional Corridors Upgrade Program – Euston to Tocumwal,BUD-18CFA60B01-2026-27,BUD-18CFA60B01,Transport for NSW|regional corridors upgrade program euston to tocumwal,2026-27,Regional Corridors Upgrade Program - Euston to Tocumwal (d),Transport for NSW,Transport for NSW,general_government,Major Works,Works in Progress,Regional Corridors Upgrade Program,Various,n.a.,,False,n.a.,,False,,False,,False,120000,True,bp3-infrastructure-statement-nsw-budget-2026-27.pdf,153,725.145
MASTER-0019,Princes Highway Corridor (NSW) - Jervis Bay Road to Hawken Road (State and Federal Funded),BUD-19CC4BAA16-2025-26,BUD-19CC4BAA16,Transport for NSW|princes highway corridor nsw jervis bay road to hawken road state and federal funded,2025-26,Princes Highway Corridor (NSW) - Jervis Bay Road to Hawken Road (State and Federal Funded),Transport for NSW,Transport for NSW,general_government,Major Works,Works in Progress,Princes Corridor,Jervis Bay,n.a.,,False,n.a.,,False,,False,47260,True,6864,True,bp3-infrastructure-statement-nsw-budget-2025-26.pdf,157,179.22199999999998
MASTER-0019,Princes Highway Corridor (NSW) - Jervis Bay Road to Hawken Road (State and Federal Funded),BUD-19CC4BAA16-2026-27,BUD-19CC4BAA16,Transport for NSW|princes highway corridor nsw jervis bay road to hawken road state and federal funded,2026-27,Princes Highway Corridor (NSW) - Jervis Bay Road to Hawken Road (State and Federal Funded),Transport for NSW,Transport for NSW,general_government,Major Works,Works in Progress,Princes Corridor,Jervis Bay,n.a.,,False,n.a.,,False,,False,56422,True,14519,True,bp3-infrastructure-statement-nsw-budget-2026-27.pdf,153,567.685
MASTER-0020,"Pacific Highway, Wyong Town Centre",BUD-1B446EF3E4-2024-25,BUD-1B446EF3E4,Transport for NSW|pacific highway wyong town centre state and federal funded,2024-25,"Pacific Highway, Wyong Town Centre (State and Federal Funded)",Transport for NSW,Transport for NSW,general_government,Major Works,Works in Progress,Connecting Central Coast Roads,Wyong,n.a.,,False,n.a.,,False,,False,42171,True,5600,True,bp3-infrastructure-statement-2024-25.pdf,141,211.6419999999999
MASTER-0020,"Pacific Highway, Wyong Town Centre",BUD-1B446EF3E4-2025-26,BUD-1B446EF3E4,Transport for NSW|pacific highway wyong town centre state and federal funded,2025-26,"Pacific Highway, Wyong Town Centre (State and Federal Funded)",Transport for NSW,Transport for NSW,general_government,Major Works,Works in Progress,Connecting Central Coast Roads,Wyong,n.a.,,False,n.a.,,False,,False,48280,True,8100,True,bp3-infrastructure-statement-nsw-budget-2025-26.pdf,152,248.602
MASTER-0020,"Pacific Highway, Wyong Town Centre",BUD-1B446EF3E4-2026-27,BUD-1B446EF3E4,Transport for NSW|pacific highway wyong town centre state and federal funded,2026-27,"Pacific Highway, Wyong Town Centre (State and Federal Funded)",Transport for NSW,Transport for NSW,general_government,Major Works,Works in Progress,Connecting Central Coast Roads,Wyong,n.a.,,False,n.a.,,False,,False,62755,True,117744,True,bp3-infrastructure-statement-nsw-budget-2026-27.pdf,149,267.8749999999999
MASTER-0021,Mamre Road - Erskine Park Road to Kerrs Road (State and Federal Funded),BUD-1B5414E81E-2024-25,BUD-1B5414E81E,Transport for NSW|mamre road erskine park road to kerrs road state and federal funded,2024-25,Mamre Road - Erskine Park Road to Kerrs Road (State and Federal Funded),Transport for NSW,Transport for NSW,general_government,Major Works,Works in Progress,Connecting Sydney Roads,Kemps Creek,n.a.,,False,n.a.,,False,,False,4478,True,23617,True,bp3-infrastructure-statement-2024-25.pdf,142,443.3119999999999
MASTER-0022,"Prospect Highway, Reservoir Road to St Martins Crescent (State and Federal Funded)",BUD-1B82A8C537-2024-25,BUD-1B82A8C537,Transport for NSW|prospect highway reservoir road to st martins crescent state and federal funded,2024-25,"Prospect Highway, Reservoir Road to St Martins Crescent (State and Federal Funded)",Transport for NSW,Transport for NSW,general_government,Major Works,Works in Progress,Connecting Sydney Roads,Prospect,n.a.,,False,2025,2025,True,280000,True,226247,True,20001,True,bp3-infrastructure-statement-2024-25.pdf,142,726.592
MASTER-0023,Sydney Metro City and Southwest(b),BUD-1CA427DAF9-2024-25,BUD-1CA427DAF9,Sydney Metro|sydney metro city and southwest,2024-25,Sydney Metro City and Southwest(b),Sydney Metro,Sydney Metro,general_government,Major Works,Works in Progress,,Chatswood - Bankstown,2014,2014,True,2025,2025,True,,False,17547870,True,1096840,True,bp3-infrastructure-statement-2024-25.pdf,148,281.27199999999993
MASTER-0023,Sydney Metro City and Southwest(b),BUD-1CA427DAF9-2025-26,BUD-1CA427DAF9,Sydney Metro|sydney metro city and southwest,2025-26,Sydney Metro City and Southwest(b),Sydney Metro,Sydney Metro,general_government,Major Works,Works in Progress,,Chatswood - Bankstown,2014,2014,True,2026,2026,True,,False,17963687,True,797403,True,bp3-infrastructure-statement-nsw-budget-2025-26.pdf,159,200.36199999999997
MASTER-0023,Sydney Metro City and Southwest(b),BUD-1CA427DAF9-2026-27,BUD-1CA427DAF9,Sydney Metro|sydney metro city and southwest,2026-27,Sydney Metro City and Southwest(b),Sydney Metro,Sydney Metro,general_government,Major Works,Works in Progress,,Chatswood - Bankstown,2014,2014,True,2026,2026,True,22331000,True,18535158,True,834200,True,bp3-infrastructure-statement-nsw-budget-2026-27.pdf,155,340.7149999999999
MASTER-0024,Bandon Road Corridor Upgrade and Extension (Planning) (State and Federal Funded)(d),BUD-1CBFC0787B-2025-26,BUD-1CBFC0787B,Transport for NSW|bandon road corridor upgrade and extension planning state and federal funded,2025-26,Bandon Road Corridor Upgrade and Extension (Planning) (State and Federal Funded)(d),Transport for NSW,Transport for NSW,general_government,Major Works,Works in Progress,Connecting Sydney Roads,Various,n.a.,,False,n.a.,,False,,False,8036,True,8000,True,bp3-infrastructure-statement-nsw-budget-2025-26.pdf,153,217.6419999999999
MASTER-0025,"King Georges Road, Stoney Creek Road to Connells Point Road - Stage 1 and 2A (State and Federal Funded)",BUD-1EA45D850D-2025-26,BUD-1EA45D850D,Transport for NSW|king georges road stoney creek road to connells point road stage 1 and 2a state and federal funded,2025-26,"King Georges Road, Stoney Creek Road to Connells Point Road - Stage 1 and 2A (State and Federal Funded)",Transport for NSW,Transport for NSW,general_government,Major Works,Works in Progress,Connecting Sydney Roads,Penshurst,n.a.,,False,2026,2026,True,219000,True,149681,True,24345,True,bp3-infrastructure-statement-nsw-budget-2025-26.pdf,153,576.3019999999999
MASTER-0026,"Minmi Road and Newcastle Link Road, Edgeworth",BUD-1FCC4A8462-2024-25,BUD-1FCC4A8462,Transport for NSW|minmi road and newcastle link road edgeworth,2024-25,"Minmi Road and Newcastle Link Road, Edgeworth",Transport for NSW,Transport for NSW,general_government,Major Works,Works in Progress,Connecting Regional NSW (Roads and Bridges),Edgeworth,n.a.,,False,n.a.,,False,,False,1539,True,1100,True,bp3-infrastructure-statement-2024-25.pdf,141,688.6719999999999
MASTER-0027,"Great Western Highway, Medlow Bath (State and Federal Funded)",BUD-2559AC5020-2024-25,BUD-2559AC5020,Transport for NSW|great western highway medlow bath state and federal funded,2024-25,"Great Western Highway, Medlow Bath (State and Federal Funded)",Transport for NSW,Transport for NSW,general_government,Major Works,Works in Progress,Great Western Highway and Bells Line of Road,Katoomba,n.a.,,False,2025,2025,True,176600,True,,False,76689,True,bp3-infrastructure-statement-2024-25.pdf,143,554.702
MASTER-0027,"Great Western Highway, Medlow Bath (State and Federal Funded)",BUD-2559AC5020-2025-26,BUD-2559AC5020,Transport for NSW|great western highway medlow bath state and federal funded,2025-26,"Great Western Highway, Medlow Bath (State and Federal Funded)",Transport for NSW,Transport for NSW,general_government,Major Works,Works in Progress,Great Western Highway and Bells Line of Road,Medlow Bath,n.a.,,False,2025,2025,True,193700,True,,False,7587,True,bp3-infrastructure-statement-nsw-budget-2025-26.pdf,154,647.842
MASTER-0028,Western Distributor Smart Motorway (State and Federal Funded),BUD-262FF355DB-2024-25,BUD-262FF355DB,Transport for NSW|western distributor smart motorway state and federal funded,2024-25,Western Distributor Smart Motorway (State and Federal Funded),Transport for NSW,Transport for NSW,general_government,Major Works,Works in Progress,Sydney Motorways,Various,n.a.,,False,2024,2024,True,,False,107910,True,18248,True,bp3-infrastructure-statement-2024-25.pdf,146,625.2819999999999
MASTER-0029,Traffic Lights at Bank Street,BUD-29068BD298-2024-25,BUD-29068BD298,Transport for NSW|traffic lights at bank street,2024-25,Traffic Lights at Bank Street,Transport for NSW,Transport for NSW,general_government,Major Works,Works in Progress,Urban Roads Fund,Meadowbank,n.a.,,False,n.a.,,False,,False,500,True,3500,True,bp3-infrastructure-statement-2024-25.pdf,147,251.24199999999996
MASTER-0029,Traffic Lights at Bank Street,BUD-29068BD298-2025-26,BUD-29068BD298,Transport for NSW|traffic lights at bank street,2025-26,Traffic Lights at Bank Street,Transport for NSW,Transport for NSW,general_government,Major Works,Works in Progress,Urban Roads Fund,Meadowbank,n.a.,,False,n.a.,,False,,False,500,True,1750,True,bp3-infrastructure-statement-nsw-budget-2025-26.pdf,158,184.26199999999992
MASTER-0029,Traffic Lights at Bank Street,BUD-29068BD298-2026-27,BUD-29068BD298,Transport for NSW|traffic lights at bank street,2026-27,Traffic Lights at Bank Street,Transport for NSW,Transport for NSW,general_government,Major Works,Works in Progress,Urban Roads Fund,Meadowbank,n.a.,,False,n.a.,,False,,False,2109,True,1891,True,bp3-infrastructure-statement-nsw-budget-2026-27.pdf,154,662.9649999999999
MASTER-0030,"Hargraves Lane and Federation St Upgrade, Gilgandra (Heavy Vehicle bypass) (State and Federal Funded)",BUD-2BD8B456AF-2024-25,BUD-2BD8B456AF,Transport for NSW|hargraves lane and federation st upgrade gilgandra heavy vehicle bypass state and federal funded,2024-25,"Hargraves Lane and Federation St Upgrade, Gilgandra (Heavy Vehicle bypass) (State and Federal Funded)",Transport for NSW,Transport for NSW,general_government,Major Works,Works in Progress,Connecting Regional NSW (Roads and Bridges),Gilgandra,n.a.,,False,n.a.,,False,,False,1122,True,800,True,bp3-infrastructure-statement-2024-25.pdf,141,562.862
MASTER-0030,"Hargraves Lane and Federation St Upgrade, Gilgandra (Heavy Vehicle bypass) (State and Federal Funded)",BUD-2BD8B456AF-2025-26,BUD-2BD8B456AF,Transport for NSW|hargraves lane and federation st upgrade gilgandra heavy vehicle bypass state and federal funded,2025-26,"Hargraves Lane and Federation St Upgrade, Gilgandra (Heavy Vehicle bypass) (State and Federal Funded)",Transport for NSW,Transport for NSW,general_government,Major Works,Works in Progress,Newell Corridor,Gilgandra,n.a.,,False,n.a.,,False,,False,1372,True,960,True,bp3-infrastructure-statement-nsw-budget-2025-26.pdf,155,413.532
MASTER-0030,"Hargraves Lane and Federation St Upgrade, Gilgandra (Heavy Vehicle bypass) (State and Federal Funded)",BUD-2BD8B456AF-2026-27,BUD-2BD8B456AF,Transport for NSW|hargraves lane and federation st upgrade gilgandra heavy vehicle bypass state and federal funded,2026-27,"Hargraves Lane and Federation St Upgrade, Gilgandra (Heavy Vehicle bypass) (State and Federal Funded)",Transport for NSW,Transport for NSW,general_government,Major Works,Works in Progress,Newell Corridor,Gilgandra,n.a.,,False,n.a.,,False,,False,2044,True,4840,True,bp3-infrastructure-statement-nsw-budget-2026-27.pdf,152,182.40499999999997
MASTER-0031,Castlereagh Connection,BUD-2C6DC8B5F7-2024-25,BUD-2C6DC8B5F7,Transport for NSW|castlereagh connection planning,2024-25,Castlereagh Connection - Planning,Transport for NSW,Transport for NSW,general_government,Major Works,Works in Progress,Other Major Programs,Various,n.a.,,False,n.a.,,False,,False,150,True,850,True,bp3-infrastructure-statement-2024-25.pdf,144,638.482
MASTER-0032,Tolling Operations and Modernisation,BUD-2CEC9D2094-2024-25,BUD-2CEC9D2094,Transport for NSW|tolling operations and modernisation,2024-25,Tolling Operations and Modernisation,Transport for NSW,Transport for NSW,general_government,Major Works,Works in Progress,Other Election Commitments,Various,n.a.,,False,n.a.,,False,,False,120,True,980,True,bp3-infrastructure-statement-2024-25.pdf,144,581.102
MASTER-0033,Bus Transport Management System (BTMS),BUD-2DA7F81D69-2026-27,BUD-2DA7F81D69,Transport for NSW|bus transport management system btms,2026-27,Bus Transport Management System (BTMS),Transport for NSW,Transport for NSW,general_government,Major Works,Works in Progress,Other Major Programs,Various,n.a.,,False,n.a.,,False,,False,2523,True,36183,True,bp3-infrastructure-statement-nsw-budget-2026-27.pdf,152,399.6549999999999
MASTER-0034,Bruxner Highway Upgrades,BUD-2EB349B281-2024-25,BUD-2EB349B281,Transport for NSW|bruxner highway upgrades,2024-25,Bruxner Highway Upgrades,Transport for NSW,Transport for NSW,general_government,Major Works,Works in Progress,Connecting Regional NSW (Roads and Bridges),Various,n.a.,,False,n.a.,,False,,False,1633,True,5500,True,bp3-infrastructure-statement-2024-25.pdf,141,463.472
MASTER-0034,Bruxner Highway Upgrades,BUD-2EB349B281-2025-26,BUD-2EB349B281,Transport for NSW|bruxner highway upgrades,2025-26,Bruxner Highway Upgrades,Transport for NSW,Transport for NSW,general_government,Major Works,Works in Progress,Connecting Regional NSW (Roads and Bridges),Various,n.a.,,False,n.a.,,False,,False,2251,True,5909,True,bp3-infrastructure-statement-nsw-budget-2025-26.pdf,152,528.7819999999999
MASTER-0035,Waterfall Way Upgrade,BUD-2F3E8A1DB2-2024-25,BUD-2F3E8A1DB2,Transport for NSW|waterfall way upgrade,2024-25,Waterfall Way Upgrade,Transport for NSW,Transport for NSW,general_government,Major Works,Works in Progress,Connecting Regional NSW (Roads and Bridges),Various,n.a.,,False,2025,2025,True,50000,True,28670,True,17300,True,bp3-infrastructure-statement-2024-25.pdf,142,130.98199999999997
MASTER-0035,Waterfall Way Upgrade,BUD-2F3E8A1DB2-2025-26,BUD-2F3E8A1DB2,Transport for NSW|waterfall way upgrade,2025-26,Waterfall Way Upgrade,Transport for NSW,Transport for NSW,general_government,Major Works,Works in Progress,Connecting Regional NSW (Roads and Bridges),Various,n.a.,,False,2026,2026,True,50000,True,26654,True,6000,True,bp3-infrastructure-statement-nsw-budget-2025-26.pdf,153,158.10199999999998
MASTER-0035,Waterfall Way Upgrade,BUD-2F3E8A1DB2-2026-27,BUD-2F3E8A1DB2,Transport for NSW|waterfall way upgrade,2026-27,Waterfall Way Upgrade,Transport for NSW,Transport for NSW,general_government,Major Works,Works in Progress,Connecting Regional NSW (Roads and Bridges),Various,n.a.,,False,2029,2029,True,50000,True,27854,True,14949,True,bp3-infrastructure-statement-nsw-budget-2026-27.pdf,149,715.425
MASTER-0036,Mamre Road Stage 2 - Erskine Park Road to Kerrs Road (State and Federal Funded),BUD-2F462C0CFB-2025-26,BUD-2F462C0CFB,Transport for NSW|mamre road stage 2 erskine park road to kerrs road state and federal funded,2025-26,Mamre Road Stage 2 - Erskine Park Road to Kerrs Road (State and Federal Funded),Transport for NSW,Transport for NSW,general_government,Major Works,Works in Progress,Connecting Sydney Roads,Kemps Creek,n.a.,,False,n.a.,,False,,False,14775,True,17330,True,bp3-infrastructure-statement-nsw-budget-2025-26.pdf,153,649.762
MASTER-0036,Mamre Road Stage 2 - Erskine Park Road to Kerrs Road (State and Federal Funded),BUD-2F462C0CFB-2026-27,BUD-2F462C0CFB,Transport for NSW|mamre road stage 2 erskine park road to kerrs road state and federal funded,2026-27,Mamre Road Stage 2 - Erskine Park Road to Kerrs Road (State and Federal Funded),Transport for NSW,Transport for NSW,general_government,Major Works,Works in Progress,Connecting Sydney Roads,Kemps Creek,n.a.,,False,n.a.,,False,,False,32985,True,265280,True,bp3-infrastructure-statement-nsw-budget-2026-27.pdf,150,457.855
MASTER-0037,Warringah Freeway Upgrade,BUD-3029BE90AC-2024-25,BUD-3029BE90AC,Transport for NSW|warringah freeway upgrade,2024-25,Warringah Freeway Upgrade,Transport for NSW,Transport for NSW,general_government,Major Works,Works in Progress,Sydney Motorways,Various,n.a.,,False,2026,2026,True,2000000,True,1228716,True,423859,True,bp3-infrastructure-statement-2024-25.pdf,146,609.9219999999999
MASTER-0037,Warringah Freeway Upgrade,BUD-3029BE90AC-2025-26,BUD-3029BE90AC,Transport for NSW|warringah freeway upgrade,2025-26,Warringah Freeway Upgrade,Transport for NSW,Transport for NSW,general_government,Major Works,Works in Progress,Sydney Motorways,Various,n.a.,,False,2026,2026,True,2000000,True,1872598,True,144161,True,bp3-infrastructure-statement-nsw-budget-2025-26.pdf,157,618.0819999999999
MASTER-0037,Warringah Freeway Upgrade,BUD-3029BE90AC-2026-27,BUD-3029BE90AC,Transport for NSW|warringah freeway upgrade,2026-27,Warringah Freeway Upgrade,Transport for NSW,Transport for NSW,general_government,Major Works,Works in Progress,Sydney Motorways,Various,n.a.,,False,2026,2026,True,,False,2346765,True,17793,True,bp3-infrastructure-statement-nsw-budget-2026-27.pdf,154,446.3349999999999
MASTER-0038,Circular Quay Precinct Renewal (Planning) (State and Federal Funded),BUD-341A7DEC42-2024-25,BUD-341A7DEC42,Transport for NSW|circular quay precinct renewal planning state and federal funded,2024-25,Circular Quay Precinct Renewal (Planning) (State and Federal Funded),Transport for NSW,Transport for NSW,general_government,Major Works,Works in Progress,Interchanges and Accessibility,Sydney,n.a.,,False,n.a.,,False,,False,170868,True,71253,True,bp3-infrastructure-statement-2024-25.pdf,143,722.2719999999999
MASTER-0038,Circular Quay Precinct Renewal (Planning) (State and Federal Funded),BUD-341A7DEC42-2026-27,BUD-341A7DEC42,Transport for NSW|circular quay precinct renewal planning state and federal funded,2026-27,Circular Quay Precinct Renewal (Planning) (State and Federal Funded),Transport for NSW,Transport for NSW,general_government,Major Works,Works in Progress,Interchanges and Accessibility,Sydney,n.a.,,False,n.a.,,False,,False,190308,True,5000,True,bp3-infrastructure-statement-nsw-budget-2026-27.pdf,151,563.8449999999999
MASTER-0039,Western Sydney Roads (Planning) (State and Federal Funded),BUD-364246C8DD-2024-25,BUD-364246C8DD,Transport for NSW|western sydney roads planning state and federal funded,2024-25,Western Sydney Roads - Planning (State and Federal Funded),Transport for NSW,Transport for NSW,general_government,Major Works,Works in Progress,Other Major Programs,Various,n.a.,,False,n.a.,,False,,False,,False,6000,True,bp3-infrastructure-statement-2024-25.pdf,145,486.992
MASTER-0039,Western Sydney Roads (Planning) (State and Federal Funded),BUD-364246C8DD-2025-26,BUD-364246C8DD,Transport for NSW|western sydney roads planning state and federal funded,2025-26,Western Sydney Roads (Planning) (State and Federal Funded),Transport for NSW,Transport for NSW,general_government,Major Works,Works in Progress,Other Major Programs,Various,n.a.,,False,n.a.,,False,,False,300,True,7500,True,bp3-infrastructure-statement-nsw-budget-2025-26.pdf,156,498.7519999999999
MASTER-0039,Western Sydney Roads (Planning) (State and Federal Funded),BUD-364246C8DD-2026-27,BUD-364246C8DD,Transport for NSW|western sydney roads planning state and federal funded,2026-27,Western Sydney Roads (Planning) (State and Federal Funded),Transport for NSW,Transport for NSW,general_government,Major Works,Works in Progress,Other Major Programs,Various,n.a.,,False,n.a.,,False,,False,3982,True,3600,True,bp3-infrastructure-statement-nsw-budget-2026-27.pdf,153,274.7149999999999
MASTER-0040,Western Distributor Network Integration,BUD-39E1ADA860-2024-25,BUD-39E1ADA860,Transport for NSW|western distributor network integration,2024-25,Western Distributor Network Integration,Transport for NSW,Transport for NSW,general_government,Major Works,Works in Progress,Other Major Programs,Pyrmont,n.a.,,False,n.a.,,False,,False,52251,True,14000,True,bp3-infrastructure-statement-2024-25.pdf,145,413.532
MASTER-0041,"Heathcote Road, Infantry Parade, Hammondville to The Avenue, Voyager Point (State and Federal Funded)",BUD-3A1CC1C8D7-2024-25,BUD-3A1CC1C8D7,Transport for NSW|heathcote road infantry parade hammondville to the avenue voyager point state and federal funded,2024-25,"Heathcote Road, Infantry Parade, Hammondville to The Avenue, Voyager Point (State and Federal Funded)",Transport for NSW,Transport for NSW,general_government,Major Works,Works in Progress,Connecting Sydney Roads,Holsworthy,n.a.,,False,2026,2026,True,183000,True,104393,True,36701,True,bp3-infrastructure-statement-2024-25.pdf,142,280.79200000000003
MASTER-0041,"Heathcote Road, Infantry Parade, Hammondville to The Avenue, Voyager Point (State and Federal Funded)",BUD-3A1CC1C8D7-2025-26,BUD-3A1CC1C8D7,Transport for NSW|heathcote road infantry parade hammondville to the avenue voyager point state and federal funded,2025-26,"Heathcote Road, Infantry Parade, Hammondville to The Avenue, Voyager Point (State and Federal Funded)",Transport for NSW,Transport for NSW,general_government,Major Works,Works in Progress,Connecting Sydney Roads,Holsworthy,n.a.,,False,2026,2026,True,183000,True,136724,True,20992,True,bp3-infrastructure-statement-nsw-budget-2025-26.pdf,153,461.072
MASTER-0042,Townson and Burdekin Road Upgrades (Planning) (State and Federal Funded),BUD-3A484C60E7-2025-26,BUD-3A484C60E7,Transport for NSW|townson and burdekin road upgrades planning state and federal funded,2025-26,Townson and Burdekin Road Upgrades (Planning) (State and Federal Funded),Transport for NSW,Transport for NSW,general_government,Major Works,Works in Progress,Connecting Sydney Roads,Various,n.a.,,False,n.a.,,False,,False,9730,True,2000,True,bp3-infrastructure-statement-nsw-budget-2025-26.pdf,154,410.172
MASTER-0042,Townson and Burdekin Road Upgrades (Planning) (State and Federal Funded),BUD-3A484C60E7-2026-27,BUD-3A484C60E7,Transport for NSW|townson and burdekin road upgrades planning state and federal funded,2026-27,Townson and Burdekin Road Upgrades (Planning) (State and Federal Funded),Transport for NSW,Transport for NSW,general_government,Major Works,Works in Progress,Connecting Sydney Roads,Various,n.a.,,False,n.a.,,False,,False,11338,True,2530,True,bp3-infrastructure-statement-nsw-budget-2026-27.pdf,151,164.52499999999998
MASTER-0043,Devonshire Road (Planning),BUD-3A635972C5-2025-26,BUD-3A635972C5,Transport for NSW|devonshire road planning,2025-26,Devonshire Road (Planning),Transport for NSW,Transport for NSW,general_government,Major Works,Works in Progress,Connecting Sydney Roads,Kemps Creek,n.a.,,False,n.a.,,False,,False,,False,4000,True,bp3-infrastructure-statement-nsw-budget-2025-26.pdf,153,301.9119999999999
MASTER-0043,Devonshire Road (Planning),BUD-3A635972C5-2026-27,BUD-3A635972C5,Transport for NSW|devonshire road planning,2026-27,Devonshire Road (Planning),Transport for NSW,Transport for NSW,general_government,Major Works,Works in Progress,Connecting Sydney Roads,Kemps Creek,n.a.,,False,n.a.,,False,,False,515,True,2576,True,bp3-infrastructure-statement-nsw-budget-2026-27.pdf,150,175.08499999999992
MASTER-0044,Driftway Roundabout at Londonderry,BUD-3AB43004E9-2024-25,BUD-3AB43004E9,Transport for NSW|driftway roundabout at londonderry,2024-25,Driftway Roundabout at Londonderry,Transport for NSW,Transport for NSW,general_government,Major Works,Works in Progress,Urban Roads Fund,Londonderry,n.a.,,False,n.a.,,False,,False,,False,7500,True,bp3-infrastructure-statement-2024-25.pdf,146,693.232
MASTER-0044,Driftway Roundabout at Londonderry,BUD-3AB43004E9-2025-26,BUD-3AB43004E9,Transport for NSW|driftway roundabout at londonderry,2025-26,Driftway Roundabout at Londonderry,Transport for NSW,Transport for NSW,general_government,Major Works,Works in Progress,Urban Roads Fund,Londonderry,n.a.,,False,2026,2026,True,15000,True,1183,True,10884,True,bp3-infrastructure-statement-nsw-budget-2025-26.pdf,157,667.0419999999999
MASTER-0044,Driftway Roundabout at Londonderry,BUD-3AB43004E9-2026-27,BUD-3AB43004E9,Transport for NSW|driftway roundabout at londonderry,2026-27,Driftway Roundabout at Londonderry,Transport for NSW,Transport for NSW,general_government,Major Works,Works in Progress,Urban Roads Fund,Londonderry,n.a.,,False,2026,2026,True,15000,True,731,True,14269,True,bp3-infrastructure-statement-nsw-budget-2026-27.pdf,154,495.415
MASTER-0045,Sydney Metro - Western Sydney Airport - Northern Extension Final Business Case,BUD-3B1FE785A2-2024-25,BUD-3B1FE785A2,Sydney Metro|sydney metro western sydney airport northern extension business case,2024-25,Sydney Metro-Western Sydney Airport-Northern extension- Business Case,Sydney Metro,Sydney Metro,general_government,Major Works,New Works,,St Marys - Tallawong,2024,2024,True,2026,2026,True,40000,True,,False,22000,True,bp3-infrastructure-statement-2024-25.pdf,148,166.74199999999996
MASTER-0045,Sydney Metro - Western Sydney Airport - Northern Extension Final Business Case,BUD-3B1FE785A2-2025-26,BUD-3B1FE785A2,Sydney Metro|sydney metro western sydney airport northern extension business case,2025-26,Sydney Metro-Western Sydney Airport-Northern extension- Business Case,Sydney Metro,Sydney Metro,general_government,Major Works,Works in Progress,,St Marys - Tallawong,2024,2024,True,2026,2026,True,40000,True,7000,True,33000,True,bp3-infrastructure-statement-nsw-budget-2025-26.pdf,159,289.432
MASTER-0045,Sydney Metro - Western Sydney Airport - Northern Extension Final Business Case,BUD-3B1FE785A2-2026-27,BUD-3B1FE785A2,Sydney Metro|sydney metro western sydney airport northern extension business case,2026-27,Sydney Metro-Western Sydney Airport-Northern extension- Business Case,Sydney Metro,Sydney Metro,general_government,Major Works,Works in Progress,,St Marys - Tallawong,2024,2024,True,2026,2026,True,40000,True,29992,True,10008,True,bp3-infrastructure-statement-nsw-budget-2026-27.pdf,155,429.7749999999999
MASTER-0046,Richmond Road Corridor Upgrade (Planning) (State and Federal Funded),BUD-3CE94DF8C5-2025-26,BUD-3CE94DF8C5,Transport for NSW|richmond road corridor upgrade planning state and federal funded,2025-26,Richmond Road Corridor Upgrade (Planning) (State and Federal Funded),Transport for NSW,Transport for NSW,general_government,Major Works,Works in Progress,Connecting Sydney Roads,Various,n.a.,,False,n.a.,,False,,False,5091,True,41200,True,bp3-infrastructure-statement-nsw-budget-2025-26.pdf,154,242.12199999999996
MASTER-0046,Richmond Road Corridor Upgrade (Planning) (State and Federal Funded),BUD-3CE94DF8C5-2026-27,BUD-3CE94DF8C5,Transport for NSW|richmond road corridor upgrade planning state and federal funded,2026-27,Richmond Road Corridor Upgrade (Planning) (State and Federal Funded),Transport for NSW,Transport for NSW,general_government,Major Works,Works in Progress,Connecting Sydney Roads,Various,n.a.,,False,n.a.,,False,,False,9040,True,2000,True,bp3-infrastructure-statement-nsw-budget-2026-27.pdf,150,652.045
MASTER-0047,Pitt Town Bypass(c),BUD-3DBA2152A0-2024-25,BUD-3DBA2152A0,Transport for NSW|pitt town bypass,2024-25,Pitt Town Bypass,Transport for NSW,Transport for NSW,general_government,Major Works,Works in Progress,Urban Roads Fund,Pitt Town,n.a.,,False,n.a.,,False,,False,10574,True,15000,True,bp3-infrastructure-statement-2024-25.pdf,147,183.302
MASTER-0047,Pitt Town Bypass(c),BUD-3DBA2152A0-2025-26,BUD-3DBA2152A0,Transport for NSW|pitt town bypass,2025-26,Pitt Town Bypass(d),Transport for NSW,Transport for NSW,general_government,Major Works,Works in Progress,Urban Roads Fund,Pitt Town,n.a.,,False,2026,2026,True,110000,True,21896,True,31042,True,bp3-infrastructure-statement-nsw-budget-2025-26.pdf,158,131.61199999999997
MASTER-0047,Pitt Town Bypass(c),BUD-3DBA2152A0-2026-27,BUD-3DBA2152A0,Transport for NSW|pitt town bypass,2026-27,Pitt Town Bypass(c),Transport for NSW,Transport for NSW,general_government,Major Works,Works in Progress,Urban Roads Fund,Pitt Town,n.a.,,False,2026,2026,True,110000,True,61725,True,33948,True,bp3-infrastructure-statement-nsw-budget-2026-27.pdf,154,610.342
MASTER-0048,Elizabeth Drive Upgrades (State and Federal Funded)(c),BUD-414C68472D-2024-25,BUD-414C68472D,Transport for NSW|elizabeth drive upgrades state and federal funded,2024-25,Elizabeth Drive Upgrades (State and Federal Funded)(f),Transport for NSW,Transport for NSW,general_government,Major Works,Works in Progress,Connecting Sydney Roads,Various,n.a.,,False,n.a.,,False,,False,13300,True,55000,True,bp3-infrastructure-statement-2024-25.pdf,142,190.50199999999995
MASTER-0048,Elizabeth Drive Upgrades (State and Federal Funded)(c),BUD-414C68472D-2025-26,BUD-414C68472D,Transport for NSW|elizabeth drive upgrades state and federal funded,2025-26,Elizabeth Drive Upgrades (State and Federal Funded)(d),Transport for NSW,Transport for NSW,general_government,Major Works,Works in Progress,Connecting Sydney Roads,Various,n.a.,,False,n.a.,,False,,False,17441,True,18863,True,bp3-infrastructure-statement-nsw-budget-2025-26.pdf,153,319.672
MASTER-0048,Elizabeth Drive Upgrades (State and Federal Funded)(c),BUD-414C68472D-2026-27,BUD-414C68472D,Transport for NSW|elizabeth drive upgrades state and federal funded,2026-27,Elizabeth Drive Upgrades (State and Federal Funded)(c),Transport for NSW,Transport for NSW,general_government,Major Works,Works in Progress,Connecting Sydney Roads,Various,n.a.,,False,n.a.,,False,,False,32653,True,187406,True,bp3-infrastructure-statement-nsw-budget-2026-27.pdf,150,190.68499999999997
MASTER-0049,Other Works,BUD-414CC9D7FB-2026-27,BUD-414CC9D7FB,Transport Asset Manager/Holding Entity NSW|other works,2026-27,Other Works,Transport Asset Manager New South Wales (TAM),Transport Asset Manager/Holding Entity NSW,public_non_financial_corporation,Major Works,Works in Progress,,Various,n.a.,,False,n.a.,,False,,False,,False,50000,True,bp3-infrastructure-statement-nsw-budget-2026-27.pdf,164,222.03499999999997
MASTER-0050,Princes Highway Upgrade Program Corridor - Safety and Productivity Upgrades,BUD-426534E52A-2024-25,BUD-426534E52A,Transport for NSW|princes highway upgrade program corridor safety and productivity upgrades,2024-25,Princes Highway Upgrade Program Corridor - Safety and Productivity Upgrades,Transport for NSW,Transport for NSW,general_government,Major Works,Works in Progress,Princes Corridor,Nowra - Moruya,n.a.,,False,n.a.,,False,,False,,False,15760,True,bp3-infrastructure-statement-2024-25.pdf,146,262.2819999999999
MASTER-0050,Princes Highway Upgrade Program Corridor - Safety and Productivity Upgrades,BUD-426534E52A-2025-26,BUD-426534E52A,Transport for NSW|princes highway upgrade program corridor safety and productivity upgrades,2025-26,Princes Highway Upgrade Program Corridor - Safety and Productivity Upgrades,Transport for NSW,Transport for NSW,general_government,Major Works,Works in Progress,Princes Corridor,Nowra - Moruya,n.a.,,False,n.a.,,False,,False,,False,10400,True,bp3-infrastructure-statement-nsw-budget-2025-26.pdf,157,263.24199999999996
MASTER-0050,Princes Highway Upgrade Program Corridor - Safety and Productivity Upgrades,BUD-426534E52A-2026-27,BUD-426534E52A,Transport for NSW|princes highway upgrade program corridor safety and productivity upgrades,2026-27,Princes Highway Upgrade Program Corridor - Safety and Productivity Upgrades,Transport for NSW,Transport for NSW,general_government,Major Works,Works in Progress,Princes Corridor,Nowra - Moruya,n.a.,,False,n.a.,,False,,False,,False,21907,True,bp3-infrastructure-statement-nsw-budget-2026-27.pdf,153,662.245
MASTER-0051,Golden Highway Improvements,BUD-43464B1FCF-2024-25,BUD-43464B1FCF,Transport for NSW|golden highway improvements,2024-25,Golden Highway Improvements,Transport for NSW,Transport for NSW,general_government,Major Works,Works in Progress,Regional Roads Fund,Various,n.a.,,False,n.a.,,False,,False,,False,2000,True,bp3-infrastructure-statement-2024-25.pdf,146,348.23199999999997
MASTER-0051,Golden Highway Improvements,BUD-43464B1FCF-2025-26,BUD-43464B1FCF,Transport for NSW|golden highway improvements,2025-26,Golden Highway Improvements,Transport for NSW,Transport for NSW,general_government,Major Works,Works in Progress,Regional Roads Fund,Various,n.a.,,False,n.a.,,False,,False,,False,1000,True,bp3-infrastructure-statement-nsw-budget-2025-26.pdf,157,349.19199999999995
MASTER-0052,South West Sydney Rail Planning-Business Case (State and Federal Funded)(a),BUD-4448787F3E-2024-25,BUD-4448787F3E,Sydney Metro|south west sydney rail planning business case state and federal funded,2024-25,South West Sydney Rail Planning-Business Case (State and Federal Funded)(a),Sydney Metro,Sydney Metro,general_government,Major Works,Works in Progress,,Bradfield - Leppington/ Campbelltown,2022,2022,True,2026,2026,True,,False,35001,True,46000,True,bp3-infrastructure-statement-2024-25.pdf,148,240.03783999999996
MASTER-0052,South West Sydney Rail Planning-Business Case (State and Federal Funded)(a),BUD-4448787F3E-2025-26,BUD-4448787F3E,Sydney Metro|south west sydney rail planning business case state and federal funded,2025-26,South West Sydney Rail Planning- Business Case (State and Federal Funded)(a),Sydney Metro,Sydney Metro,general_government,Major Works,Works in Progress,,Bradfield - Leppington/ Campbelltown,2022,2022,True,2026,2026,True,,False,39183,True,27000,True,bp3-infrastructure-statement-nsw-budget-2025-26.pdf,159,163.62199999999996
MASTER-0052,South West Sydney Rail Planning-Business Case (State and Federal Funded)(a),BUD-4448787F3E-2026-27,BUD-4448787F3E,Sydney Metro|south west sydney rail planning business case state and federal funded,2026-27,South West Sydney Rail Planning-Business Case (State and Federal Funded)(a),Sydney Metro,Sydney Metro,general_government,Major Works,Works in Progress,,Bradfield - Leppington/ Campbelltown,2022,2022,True,2026,2026,True,,False,58628,True,7555,True,bp3-infrastructure-statement-nsw-budget-2026-27.pdf,155,303.9949999999999
MASTER-0053,M5 Motorway - Moorebank Avenue - Hume Highway Intersection Upgrade (State and Federal Funded),BUD-459AC1EDBE-2024-25,BUD-459AC1EDBE,Transport for NSW|m5 motorway moorebank avenue hume highway intersection upgrade state and federal funded,2024-25,M5 Motorway - Moorebank Avenue - Hume Highway Intersection Upgrade (State and Federal Funded),Transport for NSW,Transport for NSW,general_government,Major Works,Works in Progress,Sydney Motorways,Moorebank,n.a.,,False,n.a.,,False,,False,16553,True,7371,True,bp3-infrastructure-statement-2024-25.pdf,146,514.592
MASTER-0053,M5 Motorway - Moorebank Avenue - Hume Highway Intersection Upgrade (State and Federal Funded),BUD-459AC1EDBE-2025-26,BUD-459AC1EDBE,Transport for NSW|m5 motorway moorebank avenue hume highway intersection upgrade state and federal funded,2025-26,M5 Motorway - Moorebank Avenue - Hume Highway Intersection Upgrade (State and Federal Funded),Transport for NSW,Transport for NSW,general_government,Major Works,Works in Progress,Sydney Motorways,Moorebank,n.a.,,False,n.a.,,False,,False,27406,True,13586,True,bp3-infrastructure-statement-nsw-budget-2025-26.pdf,157,555.182
MASTER-0053,M5 Motorway - Moorebank Avenue - Hume Highway Intersection Upgrade (State and Federal Funded),BUD-459AC1EDBE-2026-27,BUD-459AC1EDBE,Transport for NSW|m5 motorway moorebank avenue hume highway intersection upgrade state and federal funded,2026-27,M5 Motorway - Moorebank Avenue - Hume Highway Intersection Upgrade (State and Federal Funded),Transport for NSW,Transport for NSW,general_government,Major Works,Works in Progress,Sydney Motorways,Moorebank,n.a.,,False,n.a.,,False,380000,True,110922,True,102579,True,bp3-infrastructure-statement-nsw-budget-2026-27.pdf,154,383.4549999999999
MASTER-0054,Henry Lawson Drive Upgrade Stage 1A,BUD-45FC0ADBD6-2024-25,BUD-45FC0ADBD6,Transport for NSW|henry lawson drive upgrade stage 1a,2024-25,Henry Lawson Drive Upgrade Stage 1A,Transport for NSW,Transport for NSW,general_government,Major Works,Works in Progress,Connecting Sydney Roads,Milperra,n.a.,,False,2026,2026,True,136500,True,68613,True,33459,True,bp3-infrastructure-statement-2024-25.pdf,142,328.072
MASTER-0054,Henry Lawson Drive Upgrade Stage 1A,BUD-45FC0ADBD6-2025-26,BUD-45FC0ADBD6,Transport for NSW|henry lawson drive upgrade stage 1a,2025-26,Henry Lawson Drive Upgrade Stage 1A,Transport for NSW,Transport for NSW,general_government,Major Works,Works in Progress,Connecting Sydney Roads,Milperra,n.a.,,False,2026,2026,True,136500,True,112249,True,21714,True,bp3-infrastructure-statement-nsw-budget-2025-26.pdf,153,508.352
MASTER-0055,Alphadale Crossroads,BUD-46C8180649-2024-25,BUD-46C8180649,Transport for NSW|alphadale crossroads,2024-25,Alphadale Crossroads,Transport for NSW,Transport for NSW,general_government,Major Works,Works in Progress,Regional Roads Fund,Lismore,n.a.,,False,n.a.,,False,,False,,False,1000,True,bp3-infrastructure-statement-2024-25.pdf,146,314.2278399999999
MASTER-0055,Alphadale Crossroads,BUD-46C8180649-2025-26,BUD-46C8180649,Transport for NSW|alphadale crossroads,2025-26,Alphadale Crossroads,Transport for NSW,Transport for NSW,general_government,Major Works,Works in Progress,Regional Roads Fund,Lismore,n.a.,,False,n.a.,,False,,False,100,True,1000,True,bp3-infrastructure-statement-nsw-budget-2025-26.pdf,157,317.99199999999996
MASTER-0055,Alphadale Crossroads,BUD-46C8180649-2026-27,BUD-46C8180649,Transport for NSW|alphadale crossroads,2026-27,Alphadale Crossroads,Transport for NSW,Transport for NSW,general_government,Major Works,Works in Progress,Regional Roads Fund,Lismore,n.a.,,False,n.a.,,False,,False,67,True,2000,True,bp3-infrastructure-statement-nsw-budget-2026-27.pdf,154,219.15499999999997
MASTER-0056,Gosford Bypass (Planning and Design),BUD-47B24AD725-2024-25,BUD-47B24AD725,Transport for NSW|gosford bypass planning and design,2024-25,Gosford Bypass - Planning and Design,Transport for NSW,Transport for NSW,general_government,Major Works,Works in Progress,Regional Roads Fund,Gosford,n.a.,,False,n.a.,,False,,False,,False,3000,True,bp3-infrastructure-statement-2024-25.pdf,146,363.4478399999999
MASTER-0056,Gosford Bypass (Planning and Design),BUD-47B24AD725-2025-26,BUD-47B24AD725,Transport for NSW|gosford bypass planning and design,2025-26,Gosford Bypass (Planning and Design),Transport for NSW,Transport for NSW,general_government,Major Works,Works in Progress,Regional Roads Fund,Gosford,n.a.,,False,n.a.,,False,,False,,False,3000,True,bp3-infrastructure-statement-nsw-budget-2025-26.pdf,157,364.572
MASTER-0056,Gosford Bypass (Planning and Design),BUD-47B24AD725-2026-27,BUD-47B24AD725,Transport for NSW|gosford bypass planning and design,2026-27,Gosford Bypass (Planning and Design),Transport for NSW,Transport for NSW,general_government,Major Works,Works in Progress,Regional Roads Fund,Gosford,n.a.,,False,n.a.,,False,,False,9291,True,10792,True,bp3-infrastructure-statement-nsw-budget-2026-27.pdf,154,234.755
MASTER-0057,Parramatta Class Ferries,BUD-48D950F24B-2025-26,BUD-48D950F24B,Sydney Ferries|parramatta class ferries,2025-26,Parramatta Class Ferries,Sydney Ferries,Sydney Ferries,public_non_financial_corporation,Major Works,Works in Progress,,Various,2022,2022,True,2025,2025,True,49000,True,46931,True,1904,True,bp3-infrastructure-statement-nsw-budget-2025-26.pdf,168,573.902
MASTER-0058,Mariyung Fleet (New Intercity Fleet),BUD-497A5B5BF5-2024-25,BUD-497A5B5BF5,Transport Asset Manager/Holding Entity NSW|mariyung fleet new intercity fleet,2024-25,Mariyung Fleet (New Intercity Fleet),Transport Asset Holding Entity of New South Wales,Transport Asset Manager/Holding Entity NSW,public_non_financial_corporation,Major Works,Works in Progress,,Various,2014,2014,True,2024,2024,True,,False,3057394,True,276865,True,bp3-infrastructure-statement-2024-25.pdf,155,179.22199999999998
MASTER-0058,Mariyung Fleet (New Intercity Fleet),BUD-497A5B5BF5-2025-26,BUD-497A5B5BF5,Transport Asset Manager/Holding Entity NSW|mariyung fleet new intercity fleet,2025-26,Mariyung Fleet (New Intercity Fleet),Transport Asset Manager New South Wales,Transport Asset Manager/Holding Entity NSW,public_non_financial_corporation,Major Works,Works in Progress,,Various,2014,2014,True,n.a.,,False,,False,3316677,True,232592,True,bp3-infrastructure-statement-nsw-budget-2025-26.pdf,168,194.12199999999996
MASTER-0058,Mariyung Fleet (New Intercity Fleet),BUD-497A5B5BF5-2026-27,BUD-497A5B5BF5,Transport Asset Manager/Holding Entity NSW|mariyung fleet new intercity fleet,2026-27,Mariyung Fleet (New Intercity Fleet),Transport Asset Manager New South Wales (TAM),Transport Asset Manager/Holding Entity NSW,public_non_financial_corporation,Major Works,Works in Progress,,Various,2014,2014,True,n.a.,,False,,False,3492955,True,124522,True,bp3-infrastructure-statement-nsw-budget-2026-27.pdf,164,195.8449999999999
MASTER-0059,M1 Princes Motorway Entry and Exit Ramps (State and Federal Funded)(d),BUD-4A83D09FAB-2025-26,BUD-4A83D09FAB,Transport for NSW|m1 princes motorway entry and exit ramps state and federal funded,2025-26,M1 Princes Motorway Entry and Exit Ramps (State and Federal Funded)(e),Transport for NSW,Transport for NSW,general_government,Major Works,Works in Progress,Regional Roads Fund,Dapto,n.a.,,False,n.a.,,False,,False,,False,11000,True,bp3-infrastructure-statement-nsw-budget-2025-26.pdf,157,390.732
MASTER-0059,M1 Princes Motorway Entry and Exit Ramps (State and Federal Funded)(d),BUD-4A83D09FAB-2026-27,BUD-4A83D09FAB,Transport for NSW|m1 princes motorway entry and exit ramps state and federal funded,2026-27,M1 Princes Motorway Entry and Exit Ramps (State and Federal Funded)(d),Transport for NSW,Transport for NSW,general_government,Major Works,Works in Progress,Regional Roads Fund,Dapto,n.a.,,False,n.a.,,False,,False,8111,True,5630,True,bp3-infrastructure-statement-nsw-budget-2026-27.pdf,154,260.91499999999996
MASTER-0060,Parramatta Light Rail Stage 1,BUD-4B5A1D8FEB-2024-25,BUD-4B5A1D8FEB,Transport for NSW|parramatta light rail stage 1,2024-25,Parramatta Light Rail Stage 1,Transport for NSW,Transport for NSW,general_government,Major Works,Works in Progress,Light Rail,Parramatta,n.a.,,False,2025,2025,True,2875000,True,2598721,True,135006,True,bp3-infrastructure-statement-2024-25.pdf,144,172.74199999999996
MASTER-0061,Duplicate Sections of Heathcote Road,BUD-4B7AFA71DA-2024-25,BUD-4B7AFA71DA,Transport for NSW|duplicate sections of heathcote road,2024-25,Duplicate Sections of Heathcote Road,Transport for NSW,Transport for NSW,general_government,Major Works,Works in Progress,Urban Roads Fund,Various,n.a.,,False,n.a.,,False,,False,,False,2000,True,bp3-infrastructure-statement-2024-25.pdf,146,719.3919999999999
MASTER-0061,Duplicate Sections of Heathcote Road,BUD-4B7AFA71DA-2025-26,BUD-4B7AFA71DA,Transport for NSW|duplicate sections of heathcote road,2025-26,Duplicate Sections of Heathcote Road,Transport for NSW,Transport for NSW,general_government,Major Works,Works in Progress,Urban Roads Fund,Various,n.a.,,False,n.a.,,False,,False,5000,True,15000,True,bp3-infrastructure-statement-nsw-budget-2025-26.pdf,157,693.232
MASTER-0061,Duplicate Sections of Heathcote Road,BUD-4B7AFA71DA-2026-27,BUD-4B7AFA71DA,Transport for NSW|duplicate sections of heathcote road,2026-27,Duplicate Sections of Heathcote Road,Transport for NSW,Transport for NSW,general_government,Major Works,Works in Progress,Urban Roads Fund,Various,n.a.,,False,n.a.,,False,,False,9994,True,33088,True,bp3-infrastructure-statement-nsw-budget-2026-27.pdf,154,521.605
MASTER-0062,"Great Western Highway, Coxs River Road (State and Federal Funded)",BUD-4BC1719981-2024-25,BUD-4BC1719981,Transport for NSW|great western highway coxs river road state and federal funded,2024-25,"Great Western Highway, Coxs River Road (State and Federal Funded)",Transport for NSW,Transport for NSW,general_government,Major Works,Works in Progress,Great Western Highway and Bells Line of Road,Lithgow,n.a.,,False,2025,2025,True,232000,True,,False,67258,True,bp3-infrastructure-statement-2024-25.pdf,143,517.982
MASTER-0063,Nelson Bay Road - Williamtown to Bobs Farm (State and Federal Funded),BUD-4D8E339A7A-2024-25,BUD-4D8E339A7A,Transport for NSW|nelson bay road williamtown to bobs farm state and federal funded,2024-25,Nelson Bay Road - Williamtown to Bobs Farm (State and Federal Funded),Transport for NSW,Transport for NSW,general_government,Major Works,Works in Progress,Connecting Regional NSW (Roads and Bridges),Williamtown,n.a.,,False,n.a.,,False,,False,,False,5000,True,bp3-infrastructure-statement-2024-25.pdf,141,740.9879999999999
MASTER-0063,Nelson Bay Road - Williamtown to Bobs Farm (State and Federal Funded),BUD-4D8E339A7A-2025-26,BUD-4D8E339A7A,Transport for NSW|nelson bay road williamtown to bobs farm state and federal funded,2025-26,Nelson Bay Road - Williamtown to Bobs Farm (State and Federal Funded),Transport for NSW,Transport for NSW,general_government,Major Works,Works in Progress,Connecting Regional NSW (Roads and Bridges),Williamtown,n.a.,,False,n.a.,,False,,False,500,True,4000,True,bp3-infrastructure-statement-nsw-budget-2025-26.pdf,152,722.2719999999999
MASTER-0063,Nelson Bay Road - Williamtown to Bobs Farm (State and Federal Funded),BUD-4D8E339A7A-2026-27,BUD-4D8E339A7A,Transport for NSW|nelson bay road williamtown to bobs farm state and federal funded,2026-27,Nelson Bay Road - Williamtown to Bobs Farm (State and Federal Funded),Transport for NSW,Transport for NSW,general_government,Major Works,Works in Progress,Connecting Regional NSW (Roads and Bridges),Williamtown,n.a.,,False,n.a.,,False,,False,1681,True,4526,True,bp3-infrastructure-statement-nsw-budget-2026-27.pdf,149,626.4849999999999
MASTER-0064,Speers Point Intersection(d),BUD-517B618087-2024-25,BUD-517B618087,Transport for NSW|speers point intersection,2024-25,Speers Point Intersection(g),Transport for NSW,Transport for NSW,general_government,Major Works,Works in Progress,Regional Roads Fund,Lake Macquarie,n.a.,,False,n.a.,,False,,False,,False,7800,True,bp3-infrastructure-statement-2024-25.pdf,146,415.5278399999999
MASTER-0064,Speers Point Intersection(d),BUD-517B618087-2025-26,BUD-517B618087,Transport for NSW|speers point intersection,2025-26,Speers Point Intersection(e),Transport for NSW,Transport for NSW,general_government,Major Works,Works in Progress,Regional Roads Fund,Lake Macquarie,n.a.,,False,n.a.,,False,,False,,False,5129,True,bp3-infrastructure-statement-nsw-budget-2025-26.pdf,157,427.362
MASTER-0064,Speers Point Intersection(d),BUD-517B618087-2026-27,BUD-517B618087,Transport for NSW|speers point intersection,2026-27,Speers Point Intersection(d),Transport for NSW,Transport for NSW,general_government,Major Works,Works in Progress,Regional Roads Fund,Lake Macquarie,n.a.,,False,n.a.,,False,,False,3870,True,12130,True,bp3-infrastructure-statement-nsw-budget-2026-27.pdf,154,297.332
MASTER-0065,South West Sydney Roads (Planning) (State and Federal Funded),BUD-51F7A09AF8-2024-25,BUD-51F7A09AF8,Transport for NSW|south west sydney roads planning state and federal funded,2024-25,South West Sydney Roads - Planning (State and Federal Funded),Transport for NSW,Transport for NSW,general_government,Major Works,Works in Progress,Other Major Programs,Various,n.a.,,False,n.a.,,False,,False,,False,5000,True,bp3-infrastructure-statement-2024-25.pdf,145,324.472
MASTER-0065,South West Sydney Roads (Planning) (State and Federal Funded),BUD-51F7A09AF8-2025-26,BUD-51F7A09AF8,Transport for NSW|south west sydney roads planning state and federal funded,2025-26,South West Sydney Roads (Planning) (State and Federal Funded),Transport for NSW,Transport for NSW,general_government,Major Works,Works in Progress,Other Major Programs,Various,n.a.,,False,n.a.,,False,,False,1700,True,19000,True,bp3-infrastructure-statement-nsw-budget-2025-26.pdf,156,299.51199999999994
MASTER-0065,South West Sydney Roads (Planning) (State and Federal Funded),BUD-51F7A09AF8-2026-27,BUD-51F7A09AF8,Transport for NSW|south west sydney roads planning state and federal funded,2026-27,South West Sydney Roads (Planning) (State and Federal Funded),Transport for NSW,Transport for NSW,general_government,Major Works,Works in Progress,Other Major Programs,Various,n.a.,,False,n.a.,,False,,False,13040,True,13800,True,bp3-infrastructure-statement-nsw-budget-2026-27.pdf,152,765.8249999999999
MASTER-0066,Picton Road Upgrade (Planning) (State and Federal Funded),BUD-5385E893C1-2024-25,BUD-5385E893C1,Transport for NSW|picton road upgrade planning state and federal funded,2024-25,Picton Road Upgrade (Planning) (State and Federal Funded),Transport for NSW,Transport for NSW,general_government,Major Works,Works in Progress,Other Major Programs,Picton,n.a.,,False,n.a.,,False,,False,35438,True,6467,True,bp3-infrastructure-statement-2024-25.pdf,145,235.40199999999993
MASTER-0066,Picton Road Upgrade (Planning) (State and Federal Funded),BUD-5385E893C1-2025-26,BUD-5385E893C1,Transport for NSW|picton road upgrade planning state and federal funded,2025-26,Picton Road Upgrade (Planning) (State and Federal Funded),Transport for NSW,Transport for NSW,general_government,Major Works,Works in Progress,Other Major Programs,Picton,n.a.,,False,n.a.,,False,,False,45530,True,24852,True,bp3-infrastructure-statement-nsw-budget-2025-26.pdf,156,131.942
MASTER-0066,Picton Road Upgrade (Planning) (State and Federal Funded),BUD-5385E893C1-2026-27,BUD-5385E893C1,Transport for NSW|picton road upgrade planning state and federal funded,2026-27,Picton Road Upgrade (Planning) (State and Federal Funded),Transport for NSW,Transport for NSW,general_government,Major Works,Works in Progress,Other Major Programs,Picton,n.a.,,False,n.a.,,False,,False,57510,True,7577,True,bp3-infrastructure-statement-nsw-budget-2026-27.pdf,152,661.165
MASTER-0067,Active Transport,BUD-55D1E30739-2024-25,BUD-55D1E30739,Transport for NSW|active transport,2024-25,Active Transport,Transport for NSW,Transport for NSW,general_government,Major Works,Works in Progress,Other Major Programs,Various,n.a.,,False,n.a.,,False,,False,234443,True,45515,True,bp3-infrastructure-statement-2024-25.pdf,144,622.882
MASTER-0067,Active Transport,BUD-55D1E30739-2025-26,BUD-55D1E30739,Transport for NSW|active transport,2025-26,Active Transport,Transport for NSW,Transport for NSW,general_government,Major Works,Works in Progress,Other Major Programs,Various,n.a.,,False,n.a.,,False,,False,274618,True,39232,True,bp3-infrastructure-statement-nsw-budget-2025-26.pdf,155,589.0219999999999
MASTER-0067,Active Transport,BUD-55D1E30739-2026-27,BUD-55D1E30739,Transport for NSW|active transport,2026-27,Active Transport,Transport for NSW,Transport for NSW,general_government,Major Works,Works in Progress,Other Major Programs,Various,n.a.,,False,n.a.,,False,,False,239082,True,30534,True,bp3-infrastructure-statement-nsw-budget-2026-27.pdf,152,357.87499999999994
MASTER-0068,"Pacific Highway, Harrington Road / Coopernook Road interchange",BUD-5A075AA97B-2025-26,BUD-5A075AA97B,Transport for NSW|pacific highway harrington road intersection upgrade coopernook state and federal funded,2025-26,"Pacific Highway - Harrington Road Intersection Upgrade, Coopernook (State and Federal Funded)",Transport for NSW,Transport for NSW,general_government,Major Works,Works in Progress,Pacific Corridor,Coopernook,n.a.,,False,n.a.,,False,,False,6141,True,5673,True,bp3-infrastructure-statement-nsw-budget-2025-26.pdf,156,605.602
MASTER-0068,"Pacific Highway, Harrington Road / Coopernook Road interchange",BUD-5A075AA97B-2026-27,BUD-5A075AA97B,Transport for NSW|pacific highway harrington road intersection upgrade coopernook state and federal funded,2026-27,"Pacific Highway - Harrington Road Intersection Upgrade, Coopernook (State and Federal Funded)",Transport for NSW,Transport for NSW,general_government,Major Works,Works in Progress,Pacific Corridor,Coopernook,n.a.,,False,n.a.,,False,,False,12542,True,5717,True,bp3-infrastructure-statement-nsw-budget-2026-27.pdf,153,392.2149999999999
MASTER-0069,"Hillsborough Road, Warners Bay to Charlestown (Stage 1)(e)",BUD-5B36F2211F-2024-25,BUD-5B36F2211F,Transport for NSW|hillsborough road warners bay to charlestown stage 1,2024-25,"Hillsborough Road, Warners Bay to Charlestown (Stage 1)",Transport for NSW,Transport for NSW,general_government,Major Works,Works in Progress,Connecting Regional NSW (Roads and Bridges),Warners Bay,n.a.,,False,2027,2027,True,35000,True,7972,True,1450,True,bp3-infrastructure-statement-2024-25.pdf,141,610.1619999999999
MASTER-0069,"Hillsborough Road, Warners Bay to Charlestown (Stage 1)(e)",BUD-5B36F2211F-2025-26,BUD-5B36F2211F,Transport for NSW|hillsborough road warners bay to charlestown stage 1,2025-26,"Hillsborough Road, Warners Bay to Charlestown (Stage 1)",Transport for NSW,Transport for NSW,general_government,Major Works,Works in Progress,Connecting Regional NSW (Roads and Bridges),Warners Bay,n.a.,,False,2027,2027,True,35000,True,10716,True,5728,True,bp3-infrastructure-statement-nsw-budget-2025-26.pdf,152,628.1619999999999
MASTER-0069,"Hillsborough Road, Warners Bay to Charlestown (Stage 1)(e)",BUD-5B36F2211F-2026-27,BUD-5B36F2211F,Transport for NSW|hillsborough road warners bay to charlestown stage 1,2026-27,"Hillsborough Road, Warners Bay to Charlestown (Stage 1)(e)",Transport for NSW,Transport for NSW,general_government,Major Works,Works in Progress,Connecting Regional NSW (Roads and Bridges),Warners Bay,n.a.,,False,2027,2027,True,36900,True,16845,True,20015,True,bp3-infrastructure-statement-nsw-budget-2026-27.pdf,149,511.25499999999994
MASTER-0070,"Central Coast Highway, Tumbi Road Intersection Upgrade (State and Federal Funded)",BUD-5D4D5C4FC7-2024-25,BUD-5D4D5C4FC7,Transport for NSW|central coast highway tumbi road intersection upgrade state and federal funded,2024-25,"Central Coast Highway, Tumbi Road Intersection Upgrade (State and Federal Funded)",Transport for NSW,Transport for NSW,general_government,Major Works,Works in Progress,Connecting Central Coast Roads,Wamberal - Bateau Bay,n.a.,,False,n.a.,,False,,False,10904,True,1779,True,bp3-infrastructure-statement-2024-25.pdf,141,174.90199999999993
MASTER-0070,"Central Coast Highway, Tumbi Road Intersection Upgrade (State and Federal Funded)",BUD-5D4D5C4FC7-2025-26,BUD-5D4D5C4FC7,Transport for NSW|central coast highway tumbi road intersection upgrade state and federal funded,2025-26,"Central Coast Highway, Tumbi Road Intersection Upgrade (State and Federal Funded)",Transport for NSW,Transport for NSW,general_government,Major Works,Works in Progress,Connecting Central Coast Roads,Wamberal - Bateau Bay,n.a.,,False,2028,2028,True,65500,True,15145,True,15508,True,bp3-infrastructure-statement-nsw-budget-2025-26.pdf,152,211.88199999999995
MASTER-0070,"Central Coast Highway, Tumbi Road Intersection Upgrade (State and Federal Funded)",BUD-5D4D5C4FC7-2026-27,BUD-5D4D5C4FC7,Transport for NSW|central coast highway tumbi road intersection upgrade state and federal funded,2026-27,"Central Coast Highway, Tumbi Road Intersection Upgrade (State and Federal Funded)",Transport for NSW,Transport for NSW,general_government,Major Works,Works in Progress,Connecting Central Coast Roads,Wamberal - Bateau Bay,n.a.,,False,2028,2028,True,65500,True,30958,True,18222,True,bp3-infrastructure-statement-nsw-budget-2026-27.pdf,149,231.15499999999997
MASTER-0071,"New England Highway, Singleton Bypass (State and Federal Funded)",BUD-5D97035C08-2024-25,BUD-5D97035C08,Transport for NSW|new england highway singleton bypass state and federal funded,2024-25,"New England Highway, Singleton Bypass (State and Federal Funded)",Transport for NSW,Transport for NSW,general_government,Major Works,Works in Progress,New England Corridor,Singleton,n.a.,,False,2026,2026,True,700000,True,125656,True,191392,True,bp3-infrastructure-statement-2024-25.pdf,144,340.072
MASTER-0071,"New England Highway, Singleton Bypass (State and Federal Funded)",BUD-5D97035C08-2025-26,BUD-5D97035C08,Transport for NSW|new england highway singleton bypass state and federal funded,2025-26,"New England Highway, Singleton Bypass (State and Federal Funded)",Transport for NSW,Transport for NSW,general_government,Major Works,Works in Progress,New England Corridor,Singleton,n.a.,,False,2026,2026,True,700000,True,339927,True,179503,True,bp3-infrastructure-statement-nsw-budget-2025-26.pdf,155,358.81199999999995
MASTER-0071,"New England Highway, Singleton Bypass (State and Federal Funded)",BUD-5D97035C08-2026-27,BUD-5D97035C08,Transport for NSW|new england highway singleton bypass state and federal funded,2026-27,"New England Highway, Singleton Bypass (State and Federal Funded)",Transport for NSW,Transport for NSW,general_government,Major Works,Works in Progress,New England Corridor,Singleton,n.a.,,False,2026,2026,True,700000,True,568299,True,94609,True,bp3-infrastructure-statement-nsw-budget-2026-27.pdf,152,127.80499999999996
MASTER-0072,Tuross Head Intersection,BUD-5F3B10D75B-2024-25,BUD-5F3B10D75B,Transport for NSW|tuross head intersection,2024-25,Tuross Head Intersection,Transport for NSW,Transport for NSW,general_government,Major Works,Works in Progress,Regional Roads Fund,Tuross Head,n.a.,,False,n.a.,,False,,False,,False,1400,True,bp3-infrastructure-statement-2024-25.pdf,146,456.8278399999999
MASTER-0072,Tuross Head Intersection,BUD-5F3B10D75B-2025-26,BUD-5F3B10D75B,Transport for NSW|tuross head intersection,2025-26,Tuross Head Intersection,Transport for NSW,Transport for NSW,general_government,Major Works,Works in Progress,Regional Roads Fund,Tuross Head,n.a.,,False,n.a.,,False,,False,,False,1341,True,bp3-infrastructure-statement-nsw-budget-2025-26.pdf,157,469.472
MASTER-0072,Tuross Head Intersection,BUD-5F3B10D75B-2026-27,BUD-5F3B10D75B,Transport for NSW|tuross head intersection,2026-27,Tuross Head Intersection,Transport for NSW,Transport for NSW,general_government,Major Works,Works in Progress,Regional Roads Fund,Tuross Head,n.a.,,False,n.a.,,False,,False,1860,True,1686,True,bp3-infrastructure-statement-nsw-budget-2026-27.pdf,154,323.79499999999996
MASTER-0073,Pinch Points and Clearways (State and Federal Funded),BUD-615FC9F19D-2024-25,BUD-615FC9F19D,Transport for NSW|pinch points and clearways state and federal funded,2024-25,Pinch Points and Clearways (State and Federal Funded),Transport for NSW,Transport for NSW,general_government,Major Works,Works in Progress,Easing Sydney's Congestion,Various,n.a.,,False,n.a.,,False,,False,583838,True,56115,True,bp3-infrastructure-statement-2024-25.pdf,143,392.172
MASTER-0074,Wallerawang Train Station Reactivation,BUD-628937EF8A-2024-25,BUD-628937EF8A,Transport for NSW|wallerawang train station reactivation,2024-25,Wallerawang Train Station Reactivation,Transport for NSW,Transport for NSW,general_government,Major Works,Works in Progress,Other Major Programs,Wallerawang,n.a.,,False,n.a.,,False,,False,490,True,3460,True,bp3-infrastructure-statement-2024-25.pdf,145,387.372
MASTER-0074,Wallerawang Train Station Reactivation,BUD-628937EF8A-2025-26,BUD-628937EF8A,Transport for NSW|wallerawang train station reactivation,2025-26,Wallerawang Train Station Reactivation,Transport for NSW,Transport for NSW,general_government,Major Works,Works in Progress,Other Major Programs,Wallerawang,n.a.,,False,2026,2026,True,7000,True,1643,True,4805,True,bp3-infrastructure-statement-nsw-budget-2025-26.pdf,156,399.13199999999995
MASTER-0075,Mount Ousley Interchange (State and Federal Funded),BUD-642E91727A-2024-25,BUD-642E91727A,Transport for NSW|mount ousley interchange state and federal funded,2024-25,Mount Ousley Interchange (State and Federal Funded),Transport for NSW,Transport for NSW,general_government,Major Works,Works in Progress,Princes Corridor,Mount Ousley,n.a.,,False,2028,2028,True,390000,True,47966,True,70987,True,bp3-infrastructure-statement-2024-25.pdf,145,644.002
MASTER-0075,Mount Ousley Interchange (State and Federal Funded),BUD-642E91727A-2025-26,BUD-642E91727A,Transport for NSW|mount ousley interchange state and federal funded,2025-26,Mount Ousley Interchange (State and Federal Funded),Transport for NSW,Transport for NSW,general_government,Major Works,Works in Progress,Princes Corridor,Mount Ousley,n.a.,,False,2028,2028,True,390000,True,132902,True,80859,True,bp3-infrastructure-statement-nsw-budget-2025-26.pdf,156,670.882
MASTER-0075,Mount Ousley Interchange (State and Federal Funded),BUD-642E91727A-2026-27,BUD-642E91727A,Transport for NSW|mount ousley interchange state and federal funded,2026-27,Mount Ousley Interchange (State and Federal Funded),Transport for NSW,Transport for NSW,general_government,Major Works,Works in Progress,Princes Corridor,Mount Ousley,n.a.,,False,2028,2028,True,390000,True,212129,True,68653,True,bp3-infrastructure-statement-nsw-budget-2026-27.pdf,153,457.49499999999995
MASTER-0076,Resurface Canterbury Road,BUD-649E2B8DEE-2024-25,BUD-649E2B8DEE,Transport for NSW|resurface canterbury road,2024-25,Resurface Canterbury Road,Transport for NSW,Transport for NSW,general_government,Major Works,Works in Progress,Urban Roads Fund,Various,n.a.,,False,n.a.,,False,,False,9500,True,2500,True,bp3-infrastructure-statement-2024-25.pdf,147,198.92200000000005
MASTER-0077,Sydney Metro-Western Sydney Airport (State and Federal Funded)(c),BUD-669FBFF62A-2024-25,BUD-669FBFF62A,Sydney Metro|sydney metro western sydney airport state and federal funded,2024-25,Sydney Metro-Western Sydney Airport (State and Federal Funded)(c),Sydney Metro,Sydney Metro,general_government,Major Works,Works in Progress,,St Marys - Bringelly,2018,2018,True,2026,2026,True,,False,5314411,True,2535066,True,bp3-infrastructure-statement-2024-25.pdf,148,334.31199999999995
MASTER-0077,Sydney Metro-Western Sydney Airport (State and Federal Funded)(c),BUD-669FBFF62A-2025-26,BUD-669FBFF62A,Sydney Metro|sydney metro western sydney airport state and federal funded,2025-26,Sydney Metro-Western Sydney Airport (State and Federal Funded)(c),Sydney Metro,Sydney Metro,general_government,Major Works,Works in Progress,,St Marys - Bringelly,2018,2018,True,TBC,,True,,False,7176120,True,2325604,True,bp3-infrastructure-statement-nsw-budget-2025-26.pdf,159,252.682
MASTER-0077,Sydney Metro-Western Sydney Airport (State and Federal Funded)(c),BUD-669FBFF62A-2026-27,BUD-669FBFF62A,Sydney Metro|sydney metro western sydney airport state and federal funded,2026-27,Sydney Metro-Western Sydney Airport (State and Federal Funded)(c),Sydney Metro,Sydney Metro,general_government,Major Works,Works in Progress,,St Marys - Bringelly,2018,2018,True,TBC,,True,,False,9657006,True,1643014,True,bp3-infrastructure-statement-nsw-budget-2026-27.pdf,155,393.0549999999999
MASTER-0078,Western Harbour Tunnel,BUD-678784DB1D-2024-25,BUD-678784DB1D,Transport for NSW|western harbour tunnel,2024-25,Western Harbour Tunnel,Transport for NSW,Transport for NSW,general_government,Major Works,Works in Progress,Sydney Motorways,Various,n.a.,,False,2029,2029,True,,False,2416518,True,1100179,True,bp3-infrastructure-statement-2024-25.pdf,146,662.242
MASTER-0078,Western Harbour Tunnel,BUD-678784DB1D-2025-26,BUD-678784DB1D,Transport for NSW|western harbour tunnel,2025-26,Western Harbour Tunnel,Transport for NSW,Transport for NSW,general_government,Major Works,Works in Progress,Sydney Motorways,Various,n.a.,,False,2029,2029,True,7400000,True,3519614,True,1105175,True,bp3-infrastructure-statement-nsw-budget-2025-26.pdf,157,633.682
MASTER-0078,Western Harbour Tunnel,BUD-678784DB1D-2026-27,BUD-678784DB1D,Transport for NSW|western harbour tunnel,2026-27,Western Harbour Tunnel,Transport for NSW,Transport for NSW,general_government,Major Works,Works in Progress,Sydney Motorways,Various,n.a.,,False,2029,2029,True,7400000,True,4963897,True,997844,True,bp3-infrastructure-statement-nsw-budget-2026-27.pdf,154,461.93499999999995
MASTER-0079,Windsor Road Upgrade at Rouse Hill,BUD-685DFD23F2-2026-27,BUD-685DFD23F2,Transport for NSW|windsor road upgrade at rouse hill state and federal funded,2026-27,Windsor Road Upgrade at Rouse Hill (State and Federal Funded),Transport for NSW,Transport for NSW,general_government,Major Works,Works in Progress,Other Major Programs,Rouse Hill,n.a.,,False,n.a.,,False,,False,3004,True,5806,True,bp3-infrastructure-statement-nsw-budget-2026-27.pdf,153,311.43499999999995
MASTER-0080,Rail Service Improvement Program,BUD-688B325B42-2024-25,BUD-688B325B42,Transport Asset Manager/Holding Entity NSW|rail service improvement program,2024-25,Rail Service Improvement Program,Transport Asset Holding Entity of New South Wales,Transport Asset Manager/Holding Entity NSW,public_non_financial_corporation,Major Works,Works in Progress,,Various,2016,2016,True,n.a.,,False,,False,3811684,True,408259,True,bp3-infrastructure-statement-2024-25.pdf,155,242.12199999999996
MASTER-0080,Rail Service Improvement Program,BUD-688B325B42-2025-26,BUD-688B325B42,Transport Asset Manager/Holding Entity NSW|rail service improvement program,2025-26,Rail Service Improvement Program,Transport Asset Manager New South Wales,Transport Asset Manager/Holding Entity NSW,public_non_financial_corporation,Major Works,Works in Progress,,Various,2016,2016,True,n.a.,,False,,False,4124550,True,285132,True,bp3-infrastructure-statement-nsw-budget-2025-26.pdf,168,220.28199999999993
MASTER-0080,Rail Service Improvement Program,BUD-688B325B42-2026-27,BUD-688B325B42,Transport Asset Manager/Holding Entity NSW|rail service improvement program,2026-27,Rail Service Improvement Program,Transport Asset Manager New South Wales (TAM),Transport Asset Manager/Holding Entity NSW,public_non_financial_corporation,Major Works,Works in Progress,,Various,2016,2016,True,n.a.,,False,,False,4355469,True,279219,True,bp3-infrastructure-statement-nsw-budget-2026-27.pdf,164,237.515
MASTER-0081,Community Commitments - Road and Transport,BUD-690F3C380A-2024-25,BUD-690F3C380A,Transport for NSW|community commitments road and transport,2024-25,Community Commitments - Road and Transport,Transport for NSW,Transport for NSW,general_government,Major Works,Works in Progress,Other Election Commitments,Various,n.a.,,False,n.a.,,False,,False,,False,1150,True,bp3-infrastructure-statement-2024-25.pdf,144,554.942
MASTER-0082,Great Western Highway Detour Resilience Work,BUD-6A19BAC2D9-2026-27,BUD-6A19BAC2D9,Transport for NSW|great western highway detour resilience work,2026-27,Great Western Highway Detour Resilience Work,Transport for NSW,Transport for NSW,general_government,Major Works,Works in Progress,Great Western Highway and Bells Line of Road,Blue Mountains,n.a.,,False,n.a.,,False,,False,,False,50000,True,bp3-infrastructure-statement-nsw-budget-2026-27.pdf,151,402.295
MASTER-0083,Mandalong Road Upgrade (State and Federal Funded),BUD-6D566BBA6B-2024-25,BUD-6D566BBA6B,Transport for NSW|mandalong road upgrade state and federal funded,2024-25,Mandalong Road Upgrade (State and Federal Funded),Transport for NSW,Transport for NSW,general_government,Major Works,Works in Progress,Connecting Regional NSW (Roads and Bridges),Morisset,n.a.,,False,n.a.,,False,,False,2612,True,1884,True,bp3-infrastructure-statement-2024-25.pdf,141,636.3219999999999
MASTER-0083,Mandalong Road Upgrade (State and Federal Funded),BUD-6D566BBA6B-2025-26,BUD-6D566BBA6B,Transport for NSW|mandalong road upgrade state and federal funded,2025-26,Mandalong Road Upgrade (State and Federal Funded),Transport for NSW,Transport for NSW,general_government,Major Works,Works in Progress,Connecting Regional NSW (Roads and Bridges),Morisset,n.a.,,False,n.a.,,False,,False,6311,True,2000,True,bp3-infrastructure-statement-nsw-budget-2025-26.pdf,152,654.3219999999999
MASTER-0083,Mandalong Road Upgrade (State and Federal Funded),BUD-6D566BBA6B-2026-27,BUD-6D566BBA6B,Transport for NSW|mandalong road upgrade state and federal funded,2026-27,Mandalong Road Upgrade (State and Federal Funded),Transport for NSW,Transport for NSW,general_government,Major Works,Works in Progress,Connecting Regional NSW (Roads and Bridges),Morisset,n.a.,,False,n.a.,,False,,False,12700,True,11019,True,bp3-infrastructure-statement-nsw-budget-2026-27.pdf,149,574.165
MASTER-0084,Narooma Bridge (Planning) (State and Federal Funded),BUD-6E640330C0-2024-25,BUD-6E640330C0,Transport for NSW|narooma bridge planning state and federal funded,2024-25,Narooma Bridge - Planning (State and Federal Funded),Transport for NSW,Transport for NSW,general_government,Major Works,Works in Progress,Princes Corridor,Narooma,n.a.,,False,n.a.,,False,,False,2200,True,2400,True,bp3-infrastructure-statement-2024-25.pdf,145,706.9119999999999
MASTER-0084,Narooma Bridge (Planning) (State and Federal Funded),BUD-6E640330C0-2025-26,BUD-6E640330C0,Transport for NSW|narooma bridge planning state and federal funded,2025-26,Narooma Bridge (Planning) (State and Federal Funded),Transport for NSW,Transport for NSW,general_government,Major Works,Works in Progress,Princes Corridor,Narooma,n.a.,,False,n.a.,,False,,False,1011,True,1500,True,bp3-infrastructure-statement-nsw-budget-2025-26.pdf,156,733.7919999999999
MASTER-0085,Mulgoa Road Stage 1 - Blaikie Road to M4 Motorway (State and Federal Funded)(c),BUD-6F2F434C09-2024-25,BUD-6F2F434C09,Transport for NSW|mulgoa road stage 1 blaikie road to m4 motorway state and federal funded,2024-25,Mulgoa Road Stage 1 - Blaikie Road to M4 Motorway (State and Federal Funded),Transport for NSW,Transport for NSW,general_government,Major Works,Works in Progress,Connecting Sydney Roads,Jamisontown,n.a.,,False,2026,2026,True,409706,True,280611,True,56850,True,bp3-infrastructure-statement-2024-25.pdf,142,579.662
MASTER-0085,Mulgoa Road Stage 1 - Blaikie Road to M4 Motorway (State and Federal Funded)(c),BUD-6F2F434C09-2025-26,BUD-6F2F434C09,Transport for NSW|mulgoa road stage 1 blaikie road to m4 motorway state and federal funded,2025-26,Mulgoa Road Stage 1 - Blaikie Road to M4 Motorway (State and Federal Funded)(c),Transport for NSW,Transport for NSW,general_government,Major Works,Works in Progress,Connecting Sydney Roads,Jamisontown,n.a.,,False,2026,2026,True,218420,True,159612,True,45163,True,bp3-infrastructure-statement-nsw-budget-2025-26.pdf,153,733.7919999999999
MASTER-0086,Coffs Harbour Bypass (State and Federal Funded),BUD-6F639863F3-2024-25,BUD-6F639863F3,Transport for NSW|coffs harbour bypass state and federal funded,2024-25,Coffs Harbour Bypass (State and Federal Funded),Transport for NSW,Transport for NSW,general_government,Major Works,Works in Progress,Pacific Corridor,Coffs Harbour,n.a.,,False,2026,2026,True,2200000,True,1096940,True,412004,True,bp3-infrastructure-statement-2024-25.pdf,145,554.942
MASTER-0086,Coffs Harbour Bypass (State and Federal Funded),BUD-6F639863F3-2025-26,BUD-6F639863F3,Transport for NSW|coffs harbour bypass state and federal funded,2025-26,Coffs Harbour Bypass (State and Federal Funded),Transport for NSW,Transport for NSW,general_government,Major Works,Works in Progress,Pacific Corridor,Coffs Harbour,n.a.,,False,2026,2026,True,2200000,True,1548525,True,317165,True,bp3-infrastructure-statement-nsw-budget-2025-26.pdf,156,579.422
MASTER-0086,Coffs Harbour Bypass (State and Federal Funded),BUD-6F639863F3-2026-27,BUD-6F639863F3,Transport for NSW|coffs harbour bypass state and federal funded,2026-27,Coffs Harbour Bypass (State and Federal Funded),Transport for NSW,Transport for NSW,general_government,Major Works,Works in Progress,Pacific Corridor,Coffs Harbour,n.a.,,False,2026,2026,True,2200000,True,1954997,True,207613,True,bp3-infrastructure-statement-nsw-budget-2026-27.pdf,153,366.1549999999999
MASTER-0087,"Mona Vale Road West upgrade, McCarrs Creek Road to Powder Works Road",BUD-711DBFA778-2024-25,BUD-711DBFA778,Transport for NSW|mona vale road mccarrs creek road to powder works road,2024-25,"Mona Vale Road, McCarrs Creek Road To Powder Works Road",Transport for NSW,Transport for NSW,general_government,Major Works,Works in Progress,Connecting Sydney Roads,Various,n.a.,,False,n.a.,,False,,False,24892,True,5510,True,bp3-infrastructure-statement-2024-25.pdf,142,542.942
MASTER-0088,Return Freshwater Class Ferries to Circular Quay-Manly,BUD-72C4A32358-2025-26,BUD-72C4A32358,Sydney Ferries|return freshwater class ferries to circular quay manly,2025-26,Return Freshwater Class Ferries to Circular Quay-Manly,Sydney Ferries,Sydney Ferries,public_non_financial_corporation,Major Works,Works in Progress,,Various,n.a.,,False,n.a.,,False,,False,,False,37400,True,bp3-infrastructure-statement-nsw-budget-2025-26.pdf,168,589.262
MASTER-0088,Return Freshwater Class Ferries to Circular Quay-Manly,BUD-72C4A32358-2026-27,BUD-72C4A32358,Sydney Ferries|return freshwater class ferries to circular quay manly,2026-27,Return Freshwater Class Ferries to Circular Quay-Manly,Sydney Ferries,Sydney Ferries,public_non_financial_corporation,Major Works,Works in Progress,,Various,n.a.,,False,n.a.,,False,,False,,False,18844,True,bp3-infrastructure-statement-nsw-budget-2026-27.pdf,164,584.2449999999999
MASTER-0089,Garfield Road East (State and Federal Funded)(c),BUD-72D6664ACC-2025-26,BUD-72D6664ACC,Transport for NSW|garfield road east state and federal funded,2025-26,Garfield Road East (State and Federal Funded)(d),Transport for NSW,Transport for NSW,general_government,Major Works,Works in Progress,Connecting Sydney Roads,Riverstone,n.a.,,False,n.a.,,False,,False,9825,True,9350,True,bp3-infrastructure-statement-nsw-budget-2025-26.pdf,153,408.732
MASTER-0089,Garfield Road East (State and Federal Funded)(c),BUD-72D6664ACC-2026-27,BUD-72D6664ACC,Transport for NSW|garfield road east state and federal funded,2026-27,Garfield Road East (State and Federal Funded)(c),Transport for NSW,Transport for NSW,general_government,Major Works,Works in Progress,Connecting Sydney Roads,Riverstone,n.a.,,False,n.a.,,False,,False,34845,True,77690,True,bp3-infrastructure-statement-nsw-budget-2026-27.pdf,150,316.4749999999999
MASTER-0090,Hawkesbury Nepean Valley Flood Evacuation Road Resilience - Planning (State and Federal Funded),BUD-7331A99D57-2024-25,BUD-7331A99D57,Transport for NSW|hawkesbury nepean valley flood evacuation road resilience planning state and federal funded,2024-25,Hawkesbury Nepean Valley Flood Evacuation Road Resilience - Planning (State and Federal Funded),Transport for NSW,Transport for NSW,general_government,Major Works,Works in Progress,Other Major Programs,Various,n.a.,,False,n.a.,,False,,False,7490,True,1710,True,bp3-infrastructure-statement-2024-25.pdf,144,711.952
MASTER-0091,Upgrade Garfield Road East (State and Federal Funded)(f),BUD-73D082597D-2024-25,BUD-73D082597D,Transport for NSW|upgrade garfield road east state and federal funded,2024-25,Upgrade Garfield Road East (State and Federal Funded)(f),Transport for NSW,Transport for NSW,general_government,Major Works,Works in Progress,Connecting Sydney Roads,Riverstone,n.a.,,False,n.a.,,False,,False,9411,True,20000,True,bp3-infrastructure-statement-2024-25.pdf,143,167.702
MASTER-0092,Picton Bypass (Planning) (State and Federal Funded),BUD-76005766AE-2024-25,BUD-76005766AE,Transport for NSW|picton bypass planning state and federal funded,2024-25,Picton Bypass (Planning) (State and Federal Funded),Transport for NSW,Transport for NSW,general_government,Major Works,Works in Progress,Connecting Sydney Roads,Picton,n.a.,,False,n.a.,,False,,False,3275,True,3400,True,bp3-infrastructure-statement-2024-25.pdf,142,700.432
MASTER-0092,Picton Bypass (Planning) (State and Federal Funded),BUD-76005766AE-2025-26,BUD-76005766AE,Transport for NSW|picton bypass planning state and federal funded,2025-26,Picton Bypass (Planning) (State and Federal Funded),Transport for NSW,Transport for NSW,general_government,Major Works,Works in Progress,Connecting Sydney Roads,Picton,n.a.,,False,n.a.,,False,,False,5225,True,4938,True,bp3-infrastructure-statement-nsw-budget-2025-26.pdf,154,215.962
MASTER-0092,Picton Bypass (Planning) (State and Federal Funded),BUD-76005766AE-2026-27,BUD-76005766AE,Transport for NSW|picton bypass planning state and federal funded,2026-27,Picton Bypass (Planning) (State and Federal Funded),Transport for NSW,Transport for NSW,general_government,Major Works,Works in Progress,Connecting Sydney Roads,Picton,n.a.,,False,n.a.,,False,,False,10773,True,3065,True,bp3-infrastructure-statement-nsw-budget-2026-27.pdf,150,625.885
MASTER-0093,"The Horsley Drive, M7 Motorway to Cowpasture Road",BUD-7988CE2B43-2024-25,BUD-7988CE2B43,Transport for NSW|the horsley drive m7 motorway to cowpasture road state and federal funded,2024-25,"The Horsley Drive, M7 Motorway to Cowpasture Road (State and Federal Funded)",Transport for NSW,Transport for NSW,general_government,Major Works,Works in Progress,Connecting Sydney Roads,Horsley Park,n.a.,,False,n.a.,,False,,False,19145,True,1000,True,bp3-infrastructure-statement-2024-25.pdf,143,130.98199999999997
MASTER-0093,"The Horsley Drive, M7 Motorway to Cowpasture Road",BUD-7988CE2B43-2025-26,BUD-7988CE2B43,Transport for NSW|the horsley drive m7 motorway to cowpasture road state and federal funded,2025-26,"The Horsley Drive, M7 Motorway to Cowpasture Road (State and Federal Funded)",Transport for NSW,Transport for NSW,general_government,Major Works,Works in Progress,Connecting Sydney Roads,Horsley Park,n.a.,,False,n.a.,,False,,False,20550,True,5200,True,bp3-infrastructure-statement-nsw-budget-2025-26.pdf,154,373.452
MASTER-0093,"The Horsley Drive, M7 Motorway to Cowpasture Road",BUD-7988CE2B43-2026-27,BUD-7988CE2B43,Transport for NSW|the horsley drive m7 motorway to cowpasture road state and federal funded,2026-27,"The Horsley Drive, M7 Motorway to Cowpasture Road (State and Federal Funded)",Transport for NSW,Transport for NSW,general_government,Major Works,Works in Progress,Connecting Sydney Roads,Horsley Park,n.a.,,False,n.a.,,False,,False,27946,True,22702,True,bp3-infrastructure-statement-nsw-budget-2026-27.pdf,151,127.80499999999996
MASTER-0094,"Pacific Motorway, Extension to Raymond Terrace (State and Federal Funded)",BUD-7A37BF52FD-2024-25,BUD-7A37BF52FD,Transport for NSW|pacific motorway extension to raymond terrace state and federal funded,2024-25,"Pacific Motorway, Extension to Raymond Terrace (State and Federal Funded)",Transport for NSW,Transport for NSW,general_government,Major Works,Works in Progress,Connecting Hunter Roads,Hexham,n.a.,,False,2028,2028,True,1910000,True,643876,True,444587,True,bp3-infrastructure-statement-2024-25.pdf,141,337.43199999999996
MASTER-0094,"Pacific Motorway, Extension to Raymond Terrace (State and Federal Funded)",BUD-7A37BF52FD-2025-26,BUD-7A37BF52FD,Transport for NSW|pacific motorway extension to raymond terrace state and federal funded,2025-26,"Pacific Motorway, Extension to Raymond Terrace (State and Federal Funded)",Transport for NSW,Transport for NSW,general_government,Major Works,Works in Progress,Connecting Hunter Roads,Hexham,n.a.,,False,2028,2028,True,1910000,True,1269648,True,317263,True,bp3-infrastructure-statement-nsw-budget-2025-26.pdf,152,402.732
MASTER-0094,"Pacific Motorway, Extension to Raymond Terrace (State and Federal Funded)",BUD-7A37BF52FD-2026-27,BUD-7A37BF52FD,Transport for NSW|pacific motorway extension to raymond terrace state and federal funded,2026-27,"Pacific Motorway, Extension to Raymond Terrace (State and Federal Funded)",Transport for NSW,Transport for NSW,general_government,Major Works,Works in Progress,Connecting Hunter Roads,Hexham,n.a.,,False,2028,2028,True,1910000,True,1521330,True,201478,True,bp3-infrastructure-statement-nsw-budget-2026-27.pdf,149,422.2149999999999
MASTER-0095,Sydney Coordinated Adaptive Traffic System (SCATS) Customer Improvement Program,BUD-7A6B8C0F3B-2024-25,BUD-7A6B8C0F3B,Transport for NSW|sydney coordinated adaptive traffic system scats customer improvement program,2024-25,Sydney Coordinated Adaptive Traffic System (SCATS) Customer Improvement Program,Transport for NSW,Transport for NSW,general_government,Major Works,Works in Progress,Easing Sydney's Congestion,Various,n.a.,,False,n.a.,,False,,False,85158,True,2239,True,bp3-infrastructure-statement-2024-25.pdf,143,418.332
MASTER-0096,Princes Highway Corridor (NSW) - Jervis Bay Road Intersection (State and Federal Funded),BUD-7B9FD9B846-2024-25,BUD-7B9FD9B846,Transport for NSW|princes highway corridor nsw jervis bay road intersection state and federal funded,2024-25,Princes Highway Corridor (NSW) - Jervis Bay Road Intersection (State and Federal Funded),Transport for NSW,Transport for NSW,general_government,Major Works,Works in Progress,Princes Corridor,Jervis Bay,n.a.,,False,2028,2028,True,164000,True,47853,True,33266,True,bp3-infrastructure-statement-2024-25.pdf,146,130.98199999999997
MASTER-0096,Princes Highway Corridor (NSW) - Jervis Bay Road Intersection (State and Federal Funded),BUD-7B9FD9B846-2025-26,BUD-7B9FD9B846,Transport for NSW|princes highway corridor nsw jervis bay road intersection state and federal funded,2025-26,Princes Highway Corridor (NSW) - Jervis Bay Road Intersection (State and Federal Funded),Transport for NSW,Transport for NSW,general_government,Major Works,Works in Progress,Princes Corridor,Jervis Bay,n.a.,,False,2028,2028,True,164000,True,80452,True,36909,True,bp3-infrastructure-statement-nsw-budget-2025-26.pdf,157,131.942
MASTER-0096,Princes Highway Corridor (NSW) - Jervis Bay Road Intersection (State and Federal Funded),BUD-7B9FD9B846-2026-27,BUD-7B9FD9B846,Transport for NSW|princes highway corridor nsw jervis bay road intersection state and federal funded,2026-27,Princes Highway Corridor (NSW) - Jervis Bay Road Intersection (State and Federal Funded),Transport for NSW,Transport for NSW,general_government,Major Works,Works in Progress,Princes Corridor,Jervis Bay,n.a.,,False,2028,2028,True,164000,True,118032,True,22984,True,bp3-infrastructure-statement-nsw-budget-2026-27.pdf,153,520.405
MASTER-0097,Upgrade of Bandon Road (Planning) (State and Federal Funded)(f),BUD-7C25E09D3F-2024-25,BUD-7C25E09D3F,Transport for NSW|upgrade of bandon road planning state and federal funded,2024-25,Upgrade of Bandon Road (Planning) (State and Federal Funded)(f),Transport for NSW,Transport for NSW,general_government,Major Works,Works in Progress,Connecting Sydney Roads,Various,n.a.,,False,n.a.,,False,,False,4312,True,4200,True,bp3-infrastructure-statement-2024-25.pdf,143,194.842
MASTER-0098,Spring Farm Parkway Stage 1,BUD-7CD033B2CE-2024-25,BUD-7CD033B2CE,Transport for NSW|spring farm parkway stage 1,2024-25,Spring Farm Parkway Stage 1,Transport for NSW,Transport for NSW,general_government,Major Works,Works in Progress,Connecting Sydney Roads,Menangle Park,n.a.,,False,2024,2024,True,206000,True,103400,True,34505,True,bp3-infrastructure-statement-2024-25.pdf,142,763.332
MASTER-0099,Newell Highway Narrabri to Moree Heavy Duty Pavements (State and Federal Funded),BUD-7D2A013AD4-2024-25,BUD-7D2A013AD4,Transport for NSW|newell highway narrabri to moree heavy duty pavements state and federal funded,2024-25,Newell Highway Narrabri to Moree Heavy Duty Pavements (State and Federal Funded),Transport for NSW,Transport for NSW,general_government,Major Works,Works in Progress,Newell Corridor,Narrabri - Boggabilla,n.a.,,False,2026,2026,True,261170,True,171247,True,63161,True,bp3-infrastructure-statement-2024-25.pdf,144,429.13199999999995
MASTER-0099,Newell Highway Narrabri to Moree Heavy Duty Pavements (State and Federal Funded),BUD-7D2A013AD4-2025-26,BUD-7D2A013AD4,Transport for NSW|newell highway narrabri to moree heavy duty pavements state and federal funded,2025-26,Newell Highway Narrabri to Moree Heavy Duty Pavements (State and Federal Funded),Transport for NSW,Transport for NSW,general_government,Major Works,Works in Progress,Newell Corridor,Narrabri – Moree,n.a.,,False,2026,2026,True,261170,True,232730,True,13859,True,bp3-infrastructure-statement-nsw-budget-2025-26.pdf,155,497.552
MASTER-0100,Yass Road-Bungendore Road- Ellerton Drive Intersection,BUD-7FF3EA741A-2025-26,BUD-7FF3EA741A,Transport for NSW|yass road bungendore road ellerton drive intersection,2025-26,Yass Road-Bungendore Road- Ellerton Drive Intersection,Transport for NSW,Transport for NSW,general_government,Major Works,Works in Progress,Regional Roads Fund,Queanbeyan,n.a.,,False,n.a.,,False,,False,,False,1100,True,bp3-infrastructure-statement-nsw-budget-2025-26.pdf,157,510.992
MASTER-0100,Yass Road-Bungendore Road- Ellerton Drive Intersection,BUD-7FF3EA741A-2026-27,BUD-7FF3EA741A,Transport for NSW|yass road bungendore road ellerton drive intersection,2026-27,Yass Road-Bungendore Road- Ellerton Drive Intersection,Transport for NSW,Transport for NSW,general_government,Major Works,Works in Progress,Regional Roads Fund,Queanbeyan,n.a.,,False,n.a.,,False,,False,1861,True,13450,True,bp3-infrastructure-statement-nsw-budget-2026-27.pdf,154,339.3949999999999
MASTER-0101,Parramatta Light Rail Stage 2 Main Works,BUD-808CD55D38-2024-25,BUD-808CD55D38,Transport for NSW|parramatta light rail stage 2,2024-25,Parramatta Light Rail Stage 2,Transport for NSW,Transport for NSW,general_government,Major Works,Works in Progress,Light Rail,Parramatta,n.a.,,False,n.a.,,False,,False,103313,True,91897,True,bp3-infrastructure-statement-2024-25.pdf,144,188.342
MASTER-0101,Parramatta Light Rail Stage 2 Main Works,BUD-808CD55D38-2025-26,BUD-808CD55D38,Transport for NSW|parramatta light rail stage 2,2025-26,Parramatta Light Rail Stage 2,Transport for NSW,Transport for NSW,general_government,Major Works,Works in Progress,Light Rail,Parramatta,n.a.,,False,n.a.,,False,,False,198148,True,149173,True,bp3-infrastructure-statement-nsw-budget-2025-26.pdf,155,241.40199999999993
MASTER-0101,Parramatta Light Rail Stage 2 Main Works,BUD-808CD55D38-2026-27,BUD-808CD55D38,Transport for NSW|parramatta light rail stage 2,2026-27,Parramatta Light Rail Stage 2,Transport for NSW,Transport for NSW,general_government,Major Works,Works in Progress,Light Rail,Parramatta,n.a.,,False,n.a.,,False,,False,386963,True,317507,True,bp3-infrastructure-statement-nsw-budget-2026-27.pdf,151,655.285
MASTER-0102,Barton Highway Improvements (State and Federal Funded),BUD-80E896BC80-2024-25,BUD-80E896BC80,Transport for NSW|barton highway improvements state and federal funded,2024-25,Barton Highway Improvements (State and Federal Funded),Transport for NSW,Transport for NSW,general_government,Major Works,Works in Progress,Connecting Regional NSW (Roads and Bridges),Goulburn,n.a.,,False,n.a.,,False,,False,121424,True,10060,True,bp3-infrastructure-statement-2024-25.pdf,141,437.072
MASTER-0102,Barton Highway Improvements (State and Federal Funded),BUD-80E896BC80-2025-26,BUD-80E896BC80,Transport for NSW|barton highway improvements state and federal funded,2025-26,Barton Highway Improvements (State and Federal Funded),Transport for NSW,Transport for NSW,general_government,Major Works,Works in Progress,Connecting Regional NSW (Roads and Bridges),Goulburn,n.a.,,False,n.a.,,False,,False,122081,True,4407,True,bp3-infrastructure-statement-nsw-budget-2025-26.pdf,152,502.352
MASTER-0102,Barton Highway Improvements (State and Federal Funded),BUD-80E896BC80-2026-27,BUD-80E896BC80,Transport for NSW|barton highway improvements state and federal funded,2026-27,Barton Highway Improvements (State and Federal Funded),Transport for NSW,Transport for NSW,general_government,Major Works,Works in Progress,Connecting Regional NSW (Roads and Bridges),Goulburn,n.a.,,False,n.a.,,False,,False,126134,True,10182,True,bp3-infrastructure-statement-nsw-budget-2026-27.pdf,149,485.0949999999999
MASTER-0103,Safe Accessible Transport,BUD-82A62F45E8-2024-25,BUD-82A62F45E8,Transport Asset Manager/Holding Entity NSW|safe accessible transport program,2024-25,"Safe, Accessible Transport Program",Transport Asset Holding Entity of New South Wales,Transport Asset Manager/Holding Entity NSW,public_non_financial_corporation,Major Works,Works in Progress,,Various,n.a.,,False,n.a.,,False,,False,2819575,True,111499,True,bp3-infrastructure-statement-2024-25.pdf,155,283.9119999999999
MASTER-0103,Safe Accessible Transport,BUD-82A62F45E8-2025-26,BUD-82A62F45E8,Transport Asset Manager/Holding Entity NSW|safe accessible transport program,2025-26,"Safe, Accessible Transport Program",Transport Asset Manager New South Wales,Transport Asset Manager/Holding Entity NSW,public_non_financial_corporation,Major Works,Works in Progress,,Various,n.a.,,False,n.a.,,False,,False,2929980,True,64746,True,bp3-infrastructure-statement-nsw-budget-2025-26.pdf,168,262.04200000000003
MASTER-0103,Safe Accessible Transport,BUD-82A62F45E8-2026-27,BUD-82A62F45E8,Transport Asset Manager/Holding Entity NSW|safe accessible transport program,2026-27,"Safe, Accessible Transport Program",Transport Asset Manager New South Wales (TAM),Transport Asset Manager/Holding Entity NSW,public_non_financial_corporation,Major Works,Works in Progress,,Various,n.a.,,False,n.a.,,False,,False,3019212,True,93801,True,bp3-infrastructure-statement-nsw-budget-2026-27.pdf,164,279.275
MASTER-0104,New Electric Bus Program,BUD-82E6706A7A-2026-27,BUD-82E6706A7A,Transport for NSW|new electric bus program,2026-27,New Electric Bus Program,Transport for NSW,Transport for NSW,general_government,Major Works,Works in Progress,Other Major Programs,Various,n.a.,,False,n.a.,,False,,False,716939,True,549997,True,bp3-infrastructure-statement-nsw-budget-2026-27.pdf,152,588.3249999999999
MASTER-0105,Terrigal Drive Upgrade,BUD-8457D20AEE-2025-26,BUD-8457D20AEE,Transport for NSW|terrigal drive upgrade federal funded,2025-26,Terrigal Drive Upgrade (Federal Funded),Transport for NSW,Transport for NSW,general_government,Major Works,Works in Progress,Connecting Central Coast Roads,Terrigal,n.a.,,False,n.a.,,False,,False,,False,5000,True,bp3-infrastructure-statement-nsw-budget-2025-26.pdf,152,285.352
MASTER-0105,Terrigal Drive Upgrade,BUD-8457D20AEE-2026-27,BUD-8457D20AEE,Transport for NSW|terrigal drive upgrade federal funded,2026-27,Terrigal Drive Upgrade (Federal Funded),Transport for NSW,Transport for NSW,general_government,Major Works,Works in Progress,Connecting Central Coast Roads,Terrigal,n.a.,,False,n.a.,,False,,False,907,True,12200,True,bp3-infrastructure-statement-nsw-budget-2026-27.pdf,149,304.5949999999999
MASTER-0106,Sydney Fish Markets Ferry Wharf,BUD-851F6E1FF5-2025-26,BUD-851F6E1FF5,Transport for NSW|sydney fish markets ferry stop,2025-26,Sydney Fish Markets Ferry Stop,Transport for NSW,Transport for NSW,general_government,Major Works,Works in Progress,Other Major Programs,Pyrmont,n.a.,,False,n.a.,,False,,False,,False,20000,True,bp3-infrastructure-statement-nsw-budget-2025-26.pdf,156,336.23199999999997
MASTER-0106,Sydney Fish Markets Ferry Wharf,BUD-851F6E1FF5-2026-27,BUD-851F6E1FF5,Transport for NSW|sydney fish markets ferry stop,2026-27,Sydney Fish Markets Ferry Stop,Transport for NSW,Transport for NSW,general_government,Major Works,Works in Progress,Other Major Programs,Pyrmont,n.a.,,False,n.a.,,False,,False,3186,True,26814,True,bp3-infrastructure-statement-nsw-budget-2026-27.pdf,153,127.80499999999996
MASTER-0107,Old Windsor Road (Planning) (Federal Funded),BUD-85A55BA206-2026-27,BUD-85A55BA206,Transport for NSW|old windsor road planning federal funded,2026-27,Old Windsor Road (Planning) (Federal Funded),Transport for NSW,Transport for NSW,general_government,Major Works,Works in Progress,Other Major Programs,Various,n.a.,,False,n.a.,,False,,False,200,True,1000,True,bp3-infrastructure-statement-nsw-budget-2026-27.pdf,152,603.805
MASTER-0108,"New England Highway, Muswellbrook Bypass (State and Federal Funded)",BUD-85E906140C-2024-25,BUD-85E906140C,Transport for NSW|new england highway muswellbrook bypass state and federal funded,2024-25,"New England Highway, Muswellbrook Bypass (State and Federal Funded)",Transport for NSW,Transport for NSW,general_government,Major Works,Works in Progress,New England Corridor,Muswellbrook,n.a.,,False,n.a.,,False,,False,24924,True,11700,True,bp3-infrastructure-statement-2024-25.pdf,144,303.352
MASTER-0108,"New England Highway, Muswellbrook Bypass (State and Federal Funded)",BUD-85E906140C-2025-26,BUD-85E906140C,Transport for NSW|new england highway muswellbrook bypass state and federal funded,2025-26,"New England Highway, Muswellbrook Bypass (State and Federal Funded)",Transport for NSW,Transport for NSW,general_government,Major Works,Works in Progress,New England Corridor,Muswellbrook,n.a.,,False,n.a.,,False,,False,30510,True,23493,True,bp3-infrastructure-statement-nsw-budget-2025-26.pdf,155,322.072
MASTER-0108,"New England Highway, Muswellbrook Bypass (State and Federal Funded)",BUD-85E906140C-2026-27,BUD-85E906140C,Transport for NSW|new england highway muswellbrook bypass state and federal funded,2026-27,"New England Highway, Muswellbrook Bypass (State and Federal Funded)",Transport for NSW,Transport for NSW,general_government,Major Works,Works in Progress,New England Corridor,Muswellbrook,n.a.,,False,n.a.,,False,,False,41053,True,74246,True,bp3-infrastructure-statement-nsw-budget-2026-27.pdf,151,736.0649999999999
MASTER-0109,Swan Hill Bridge (State and Federal Funded),BUD-880BB0DE69-2025-26,BUD-880BB0DE69,Transport for NSW|swan hill bridge state and federal funded,2025-26,Swan Hill Bridge (State and Federal Funded),Transport for NSW,Transport for NSW,general_government,Major Works,Works in Progress,Connecting Regional NSW (Roads and Bridges),Murray Downs,n.a.,,False,n.a.,,False,,False,6819,True,2422,True,bp3-infrastructure-statement-nsw-budget-2025-26.pdf,153,131.942
MASTER-0109,Swan Hill Bridge (State and Federal Funded),BUD-880BB0DE69-2026-27,BUD-880BB0DE69,Transport for NSW|swan hill bridge state and federal funded,2026-27,Swan Hill Bridge (State and Federal Funded),Transport for NSW,Transport for NSW,general_government,Major Works,Works in Progress,Connecting Regional NSW (Roads and Bridges),Murray Downs,n.a.,,False,n.a.,,False,,False,9142,True,5430,True,bp3-infrastructure-statement-nsw-budget-2026-27.pdf,149,689.265
MASTER-0110,Fixing Country Rail,BUD-8888CFE34F-2024-25,BUD-8888CFE34F,Transport Asset Manager/Holding Entity NSW|fixing country rail,2024-25,Fixing Country Rail,Transport Asset Holding Entity of New South Wales,Transport Asset Manager/Holding Entity NSW,public_non_financial_corporation,Major Works,Works in Progress,,Various,n.a.,,False,n.a.,,False,,False,87281,True,18601,True,bp3-infrastructure-statement-2024-25.pdf,155,163.86199999999997
MASTER-0110,Fixing Country Rail,BUD-8888CFE34F-2025-26,BUD-8888CFE34F,Transport Asset Manager/Holding Entity NSW|fixing country rail,2025-26,Fixing Country Rail,Transport Asset Manager New South Wales,Transport Asset Manager/Holding Entity NSW,public_non_financial_corporation,Major Works,Works in Progress,,Various,n.a.,,False,n.a.,,False,,False,89531,True,15000,True,bp3-infrastructure-statement-nsw-budget-2025-26.pdf,168,163.14199999999994
MASTER-0110,Fixing Country Rail,BUD-8888CFE34F-2026-27,BUD-8888CFE34F,Transport Asset Manager/Holding Entity NSW|fixing country rail,2026-27,Fixing Country Rail,Transport Asset Manager New South Wales (TAM),Transport Asset Manager/Holding Entity NSW,public_non_financial_corporation,Major Works,Works in Progress,,Various,n.a.,,False,n.a.,,False,,False,100718,True,20802,True,bp3-infrastructure-statement-nsw-budget-2026-27.pdf,164,164.64499999999998
MASTER-0111,Regional Rail Fleet Program,BUD-8A6975EE09-2024-25,BUD-8A6975EE09,Transport Asset Manager/Holding Entity NSW|regional rail fleet program,2024-25,Regional Rail Fleet Program,Transport Asset Holding Entity of New South Wales,Transport Asset Manager/Holding Entity NSW,public_non_financial_corporation,Major Works,Works in Progress,,Various,2017,2017,True,n.a.,,False,,False,1068847,True,321134,True,bp3-infrastructure-statement-2024-25.pdf,155,268.52199999999993
MASTER-0111,Regional Rail Fleet Program,BUD-8A6975EE09-2025-26,BUD-8A6975EE09,Transport Asset Manager/Holding Entity NSW|regional rail fleet program,2025-26,Regional Rail Fleet Program,Transport Asset Manager New South Wales,Transport Asset Manager/Holding Entity NSW,public_non_financial_corporation,Major Works,Works in Progress,,Various,2017,2017,True,n.a.,,False,,False,1251753,True,212594,True,bp3-infrastructure-statement-nsw-budget-2025-26.pdf,168,246.682
MASTER-0111,Regional Rail Fleet Program,BUD-8A6975EE09-2026-27,BUD-8A6975EE09,Transport Asset Manager/Holding Entity NSW|regional rail fleet program,2026-27,Regional Rail Fleet Program,Transport Asset Manager New South Wales (TAM),Transport Asset Manager/Holding Entity NSW,public_non_financial_corporation,Major Works,Works in Progress,,Various,2017,2017,True,n.a.,,False,,False,1410614,True,353167,True,bp3-infrastructure-statement-nsw-budget-2026-27.pdf,164,263.67499999999995
MASTER-0112,Thornton bridge duplication,BUD-8D580420A0-2024-25,BUD-8D580420A0,Transport for NSW|thornton rail bridge,2024-25,Thornton Rail Bridge,Transport for NSW,Transport for NSW,general_government,Major Works,Works in Progress,Regional Roads Fund,Maitland,n.a.,,False,n.a.,,False,,False,500,True,1000,True,bp3-infrastructure-statement-2024-25.pdf,146,441.4678399999999
MASTER-0112,Thornton bridge duplication,BUD-8D580420A0-2025-26,BUD-8D580420A0,Transport for NSW|thornton rail bridge,2025-26,Thornton Rail Bridge,Transport for NSW,Transport for NSW,general_government,Major Works,Works in Progress,Regional Roads Fund,Maitland,n.a.,,False,n.a.,,False,,False,1085,True,2500,True,bp3-infrastructure-statement-nsw-budget-2025-26.pdf,157,453.872
MASTER-0113,Golden Highway Upgrades - Mudies Creek (State and Federal Funded),BUD-8D5E06A8C1-2024-25,BUD-8D5E06A8C1,Transport for NSW|golden highway upgrades mudies creek state and federal funded,2024-25,Golden Highway Upgrades - Mudies Creek (State and Federal Funded),Transport for NSW,Transport for NSW,general_government,Major Works,Works in Progress,Connecting Regional NSW (Roads and Bridges),Whittingham,n.a.,,False,2025,2025,True,,False,38926,True,11796,True,bp3-infrastructure-statement-2024-25.pdf,141,526.142
MASTER-0113,Golden Highway Upgrades - Mudies Creek (State and Federal Funded),BUD-8D5E06A8C1-2025-26,BUD-8D5E06A8C1,Transport for NSW|golden highway upgrades mudies creek state and federal funded,2025-26,Golden Highway Upgrades - Mudies Creek (State and Federal Funded),Transport for NSW,Transport for NSW,general_government,Major Works,Works in Progress,Connecting Regional NSW (Roads and Bridges),Whittingham,n.a.,,False,2026,2026,True,,False,44769,True,13416,True,bp3-infrastructure-statement-nsw-budget-2025-26.pdf,152,591.4219999999999
MASTER-0114,Homebush Bay Drive and Australia Avenue Intersection Upgrade (State and Federal Funded),BUD-8F69D8D289-2026-27,BUD-8F69D8D289,Transport for NSW|homebush bay drive and australia avenue intersection upgrade state and federal funded,2026-27,Homebush Bay Drive and Australia Avenue Intersection Upgrade (State and Federal Funded),Transport for NSW,Transport for NSW,general_government,Major Works,Works in Progress,Connecting Sydney Roads,Liberty Grove,n.a.,,False,n.a.,,False,,False,18854,True,5242,True,bp3-infrastructure-statement-nsw-budget-2026-27.pdf,150,384.295
MASTER-0115,Epping Station Bridge Replacement (State and Federal Funded),BUD-90A8D182FB-2024-25,BUD-90A8D182FB,Transport for NSW|epping station bridge replacement state and federal funded,2024-25,Epping Station Bridge Replacement (State and Federal Funded),Transport for NSW,Transport for NSW,general_government,Major Works,Works in Progress,Connecting Sydney Roads,Epping,n.a.,,False,n.a.,,False,,False,17465,True,17814,True,bp3-infrastructure-statement-2024-25.pdf,142,217.88199999999995
MASTER-0115,Epping Station Bridge Replacement (State and Federal Funded),BUD-90A8D182FB-2025-26,BUD-90A8D182FB,Transport for NSW|epping station bridge replacement state and federal funded,2025-26,Epping Station Bridge Replacement (State and Federal Funded),Transport for NSW,Transport for NSW,general_government,Major Works,Works in Progress,Connecting Sydney Roads,Epping,n.a.,,False,n.a.,,False,,False,32651,True,15390,True,bp3-infrastructure-statement-nsw-budget-2025-26.pdf,153,345.832
MASTER-0115,Epping Station Bridge Replacement (State and Federal Funded),BUD-90A8D182FB-2026-27,BUD-90A8D182FB,Transport for NSW|epping station bridge replacement state and federal funded,2026-27,Epping Station Bridge Replacement (State and Federal Funded),Transport for NSW,Transport for NSW,general_government,Major Works,Works in Progress,Connecting Sydney Roads,Epping,n.a.,,False,n.a.,,False,,False,56538,True,33302,True,bp3-infrastructure-statement-nsw-budget-2026-27.pdf,150,216.8749999999999
MASTER-0116,Traffic Lights at Elara Boulevard,BUD-91EAA5B3F9-2024-25,BUD-91EAA5B3F9,Transport for NSW|traffic lights at elara boulevard,2024-25,Traffic Lights at Elara Boulevard,Transport for NSW,Transport for NSW,general_government,Major Works,Works in Progress,Urban Roads Fund,Marsden Park,n.a.,,False,n.a.,,False,,False,1000,True,4000,True,bp3-infrastructure-statement-2024-25.pdf,147,266.602
MASTER-0117,Spring Farm Parkway Stage 2 (Planning) (State and Federal Funded)(c),BUD-920324F71C-2024-25,BUD-920324F71C,Transport for NSW|spring farm parkway stage 2 planning state and federal funded,2024-25,Spring Farm Parkway Stage 2 - Planning (State and Federal Funded),Transport for NSW,Transport for NSW,general_government,Major Works,Works in Progress,Urban Roads Fund,Various,n.a.,,False,n.a.,,False,,False,3769,True,3300,True,bp3-infrastructure-statement-2024-25.pdf,147,214.28199999999993
MASTER-0117,Spring Farm Parkway Stage 2 (Planning) (State and Federal Funded)(c),BUD-920324F71C-2025-26,BUD-920324F71C,Transport for NSW|spring farm parkway stage 2 planning state and federal funded,2025-26,Spring Farm Parkway Stage 2 (Planning) (State and Federal Funded)(d),Transport for NSW,Transport for NSW,general_government,Major Works,Works in Progress,Urban Roads Fund,Various,n.a.,,False,n.a.,,False,,False,6027,True,4968,True,bp3-infrastructure-statement-nsw-budget-2025-26.pdf,158,147.54200000000003
MASTER-0117,Spring Farm Parkway Stage 2 (Planning) (State and Federal Funded)(c),BUD-920324F71C-2026-27,BUD-920324F71C,Transport for NSW|spring farm parkway stage 2 planning state and federal funded,2026-27,Spring Farm Parkway Stage 2 (Planning) (State and Federal Funded)(c),Transport for NSW,Transport for NSW,general_government,Major Works,Works in Progress,Urban Roads Fund,Various,n.a.,,False,n.a.,,False,,False,9363,True,3000,True,bp3-infrastructure-statement-nsw-budget-2026-27.pdf,154,626.245
MASTER-0118,"Pacific Highway - Harrington Road Intersection Upgrade, Coopernook (Planning)(State and Federal Funded)",BUD-943E51C71A-2024-25,BUD-943E51C71A,Transport for NSW|pacific highway harrington road intersection upgrade coopernook planning state and federal funded,2024-25,"Pacific Highway - Harrington Road Intersection Upgrade, Coopernook (Planning)(State and Federal Funded)",Transport for NSW,Transport for NSW,general_government,Major Works,Works in Progress,Pacific Corridor,Coopernook,n.a.,,False,n.a.,,False,,False,4260,True,740,True,bp3-infrastructure-statement-2024-25.pdf,145,581.102
MASTER-0119,"M12 Motorway, M7 to The Northern Road (State and Federal Funded)",BUD-94E9E7CC29-2024-25,BUD-94E9E7CC29,Transport for NSW|m12 motorway m7 to the northern road state and federal funded,2024-25,"M12 Motorway, M7 to The Northern Road (State and Federal Funded)",Transport for NSW,Transport for NSW,general_government,Major Works,Works in Progress,Western Sydney Infrastructure Plan,Badgerys Creek,n.a.,,False,2026,2026,True,2000000,True,1431087,True,395671,True,bp3-infrastructure-statement-2024-25.pdf,147,318.952
MASTER-0119,"M12 Motorway, M7 to The Northern Road (State and Federal Funded)",BUD-94E9E7CC29-2025-26,BUD-94E9E7CC29,Transport for NSW|m12 motorway m7 to the northern road state and federal funded,2025-26,"M12 Motorway, M7 to The Northern Road (State and Federal Funded)",Transport for NSW,Transport for NSW,general_government,Major Works,Works in Progress,Western Sydney Infrastructure Plan,Badgerys Creek,n.a.,,False,2026,2026,True,2000000,True,1922833,True,31720,True,bp3-infrastructure-statement-nsw-budget-2025-26.pdf,158,225.802
MASTER-0120,New England Highway Duplication (Goonoo Goonoo Road) (State and Federal Funded),BUD-9A68224DAA-2024-25,BUD-9A68224DAA,Transport for NSW|new england highway duplication goonoo goonoo road state and federal funded,2024-25,New England Highway Duplication (Goonoo Goonoo Road) (State and Federal Funded),Transport for NSW,Transport for NSW,general_government,Major Works,Works in Progress,New England Corridor,Tamworth,n.a.,,False,n.a.,,False,,False,2984,True,5000,True,bp3-infrastructure-statement-2024-25.pdf,144,256.04200000000003
MASTER-0120,New England Highway Duplication (Goonoo Goonoo Road) (State and Federal Funded),BUD-9A68224DAA-2025-26,BUD-9A68224DAA,Transport for NSW|new england highway duplication goonoo goonoo road state and federal funded,2025-26,New England Highway Duplication (Goonoo Goonoo Road) (State and Federal Funded),Transport for NSW,Transport for NSW,general_government,Major Works,Works in Progress,New England Corridor,Tamworth,n.a.,,False,n.a.,,False,,False,4030,True,2000,True,bp3-infrastructure-statement-nsw-budget-2025-26.pdf,155,274.79200000000003
MASTER-0120,New England Highway Duplication (Goonoo Goonoo Road) (State and Federal Funded),BUD-9A68224DAA-2026-27,BUD-9A68224DAA,Transport for NSW|new england highway duplication goonoo goonoo road state and federal funded,2026-27,New England Highway Duplication (Goonoo Goonoo Road) (State and Federal Funded),Transport for NSW,Transport for NSW,general_government,Major Works,Works in Progress,New England Corridor,Tamworth,n.a.,,False,n.a.,,False,,False,5345,True,3353,True,bp3-infrastructure-statement-nsw-budget-2026-27.pdf,151,688.785
MASTER-0121,"Avoca Drive, Central Coast (State and Federal Funded)",BUD-9A6D523B2C-2024-25,BUD-9A6D523B2C,Transport for NSW|avoca drive central coast state and federal funded,2024-25,"Avoca Drive, Central Coast (State and Federal funded)",Transport for NSW,Transport for NSW,general_government,Major Works,Works in Progress,Connecting Central Coast Roads,Various,n.a.,,False,n.a.,,False,,False,,False,11037,True,bp3-infrastructure-statement-2024-25.pdf,141,148.74199999999996
MASTER-0121,"Avoca Drive, Central Coast (State and Federal Funded)",BUD-9A6D523B2C-2025-26,BUD-9A6D523B2C,Transport for NSW|avoca drive central coast state and federal funded,2025-26,"Avoca Drive, Central Coast (State and Federal Funded)",Transport for NSW,Transport for NSW,general_government,Major Works,Works in Progress,Connecting Central Coast Roads,Various,n.a.,,False,n.a.,,False,,False,,False,3442,True,bp3-infrastructure-statement-nsw-budget-2025-26.pdf,152,185.702
MASTER-0121,"Avoca Drive, Central Coast (State and Federal Funded)",BUD-9A6D523B2C-2026-27,BUD-9A6D523B2C,Transport for NSW|avoca drive central coast state and federal funded,2026-27,"Avoca Drive, Central Coast (State and Federal Funded)",Transport for NSW,Transport for NSW,general_government,Major Works,Works in Progress,Connecting Central Coast Roads,Kincumber,n.a.,,False,n.a.,,False,,False,9220,True,6594,True,bp3-infrastructure-statement-nsw-budget-2026-27.pdf,149,204.96499999999992
MASTER-0122,Regional NSW Bridge Upgrades,BUD-9A94D2DE6A-2024-25,BUD-9A94D2DE6A,Transport for NSW|regional nsw bridge upgrades,2024-25,Regional NSW Bridge Upgrades,Transport for NSW,Transport for NSW,general_government,Major Works,Works in Progress,Connecting Regional NSW (Roads and Bridges),Various,n.a.,,False,n.a.,,False,,False,162489,True,8230,True,bp3-infrastructure-statement-2024-25.pdf,141,777.732
MASTER-0122,Regional NSW Bridge Upgrades,BUD-9A94D2DE6A-2025-26,BUD-9A94D2DE6A,Transport for NSW|regional nsw bridge upgrades,2025-26,Regional NSW Bridge Upgrades,Transport for NSW,Transport for NSW,general_government,Major Works,Works in Progress,Connecting Regional NSW (Roads and Bridges),Various,n.a.,,False,n.a.,,False,,False,164190,True,8324,True,bp3-infrastructure-statement-nsw-budget-2025-26.pdf,152,759.012
MASTER-0122,Regional NSW Bridge Upgrades,BUD-9A94D2DE6A-2026-27,BUD-9A94D2DE6A,Transport for NSW|regional nsw bridge upgrades,2026-27,Regional NSW Bridge Upgrades,Transport for NSW,Transport for NSW,general_government,Major Works,Works in Progress,Connecting Regional NSW (Roads and Bridges),Various,n.a.,,False,n.a.,,False,,False,170360,True,9154,True,bp3-infrastructure-statement-nsw-budget-2026-27.pdf,149,663.2049999999999
MASTER-0123,Hill Road Upgrade,BUD-9D1EB3BB36-2024-25,BUD-9D1EB3BB36,Transport for NSW|hill road upgrade,2024-25,Hill Road Upgrade,Transport for NSW,Transport for NSW,general_government,Major Works,Works in Progress,Connecting Sydney Roads,Lidcombe,n.a.,,False,n.a.,,False,,False,26399,True,5715,True,bp3-infrastructure-statement-2024-25.pdf,142,354.25199999999995
MASTER-0123,Hill Road Upgrade,BUD-9D1EB3BB36-2025-26,BUD-9D1EB3BB36,Transport for NSW|hill road upgrade,2025-26,Hill Road Upgrade,Transport for NSW,Transport for NSW,general_government,Major Works,Works in Progress,Connecting Sydney Roads,Lidcombe,n.a.,,False,2028,2028,True,140000,True,47283,True,40511,True,bp3-infrastructure-statement-nsw-budget-2025-26.pdf,153,534.5419999999999
MASTER-0123,Hill Road Upgrade,BUD-9D1EB3BB36-2026-27,BUD-9D1EB3BB36,Transport for NSW|hill road upgrade,2026-27,Hill Road Upgrade,Transport for NSW,Transport for NSW,general_government,Major Works,Works in Progress,Connecting Sydney Roads,Lidcombe,n.a.,,False,2028,2028,True,140000,True,93261,True,31346,True,bp3-infrastructure-statement-nsw-budget-2026-27.pdf,150,368.81499999999994
MASTER-0124,Rail Fleet Strategy including Future Fleet Tangara Replacement (Planning),BUD-A1A16B6C81-2024-25,BUD-A1A16B6C81,Transport Asset Manager/Holding Entity NSW|rail fleet strategy including future fleet tangara replacement planning,2024-25,Rail Fleet Strategy including Future Fleet Tangara Replacement (Planning),Transport Asset Holding Entity of New South Wales,Transport Asset Manager/Holding Entity NSW,public_non_financial_corporation,Major Works,Works in Progress,,Various,n.a.,,False,n.a.,,False,,False,,False,13229,True,bp3-infrastructure-statement-2024-25.pdf,155,205.40199999999993
MASTER-0125,Homebush Bay Drive Upgrade (State and Federal Funded),BUD-A2D1EA6715-2024-25,BUD-A2D1EA6715,Transport for NSW|homebush bay drive upgrade state and federal funded,2024-25,Homebush Bay Drive Upgrade (State and Federal Funded),Transport for NSW,Transport for NSW,general_government,Major Works,Works in Progress,Connecting Sydney Roads,Liberty Grove,n.a.,,False,n.a.,,False,,False,9121,True,2150,True,bp3-infrastructure-statement-2024-25.pdf,142,369.852
MASTER-0125,Homebush Bay Drive Upgrade (State and Federal Funded),BUD-A2D1EA6715-2025-26,BUD-A2D1EA6715,Transport for NSW|homebush bay drive upgrade state and federal funded,2025-26,Homebush Bay Drive Upgrade (State and Federal Funded),Transport for NSW,Transport for NSW,general_government,Major Works,Works in Progress,Connecting Sydney Roads,Liberty Grove,n.a.,,False,n.a.,,False,,False,12809,True,52376,True,bp3-infrastructure-statement-nsw-budget-2025-26.pdf,153,550.142
MASTER-0126,South West Sydney Rail Planning-Business Case (State and Federal Funded)(b),BUD-A39C805B02-2025-26,BUD-A39C805B02,Transport Asset Manager/Holding Entity NSW|south west sydney rail planning business case state and federal funded,2025-26,South West Sydney Rail Planning- Business Case (State and Federal Funded)(b),Transport Asset Manager New South Wales,Transport Asset Manager/Holding Entity NSW,public_non_financial_corporation,Major Works,Works in Progress,,Bradfield – Leppington/ Campbelltown,2025,2025,True,2027,2027,True,,False,6100,True,12900,True,bp3-infrastructure-statement-nsw-budget-2025-26.pdf,168,288.23199999999997
MASTER-0126,South West Sydney Rail Planning-Business Case (State and Federal Funded)(b),BUD-A39C805B02-2026-27,BUD-A39C805B02,Transport Asset Manager/Holding Entity NSW|south west sydney rail planning business case state and federal funded,2026-27,South West Sydney Rail Planning-Business Case (State and Federal Funded)(b),Transport Asset Manager New South Wales (TAM),Transport Asset Manager/Holding Entity NSW,public_non_financial_corporation,Major Works,Works in Progress,,Bradfield - Leppington/ Campbelltown,2025,2025,True,2027,2027,True,,False,21592,True,1737,True,bp3-infrastructure-statement-nsw-budget-2026-27.pdf,164,305.43499999999995
MASTER-0127,"Pacific Motorway, Hexham Straight (State and Federal Funded)",BUD-A58A0EF6FF-2024-25,BUD-A58A0EF6FF,Transport for NSW|pacific motorway hexham straight state and federal funded,2024-25,"Pacific Motorway, Hexham Straight (State and Federal Funded)",Transport for NSW,Transport for NSW,general_government,Major Works,Works in Progress,Connecting Hunter Roads,Hexham,n.a.,,False,2026,2026,True,320000,True,104174,True,74166,True,bp3-infrastructure-statement-2024-25.pdf,141,374.172
MASTER-0127,"Pacific Motorway, Hexham Straight (State and Federal Funded)",BUD-A58A0EF6FF-2025-26,BUD-A58A0EF6FF,Transport for NSW|pacific motorway hexham straight state and federal funded,2025-26,"Pacific Motorway, Hexham Straight (State and Federal Funded)",Transport for NSW,Transport for NSW,general_government,Major Works,Works in Progress,Connecting Hunter Roads,Hexham,n.a.,,False,2026,2026,True,320000,True,176218,True,55335,True,bp3-infrastructure-statement-nsw-budget-2025-26.pdf,152,439.472
MASTER-0128,Future Fleet Program,BUD-A626D1B998-2025-26,BUD-A626D1B998,Transport Asset Manager/Holding Entity NSW|future fleet program planning,2025-26,Future Fleet Program (Planning),Transport Asset Manager New South Wales,Transport Asset Manager/Holding Entity NSW,public_non_financial_corporation,Major Works,Works in Progress,,Various,n.a.,,False,n.a.,,False,,False,,False,25300,True,bp3-infrastructure-statement-nsw-budget-2025-26.pdf,168,178.74199999999996
MASTER-0128,Future Fleet Program,BUD-A626D1B998-2026-27,BUD-A626D1B998,Transport Asset Manager/Holding Entity NSW|future fleet program planning,2026-27,Future Fleet Program (Planning),Transport Asset Manager New South Wales (TAM),Transport Asset Manager/Holding Entity NSW,public_non_financial_corporation,Major Works,Works in Progress,,Various,n.a.,,False,n.a.,,False,,False,,False,36703,True,bp3-infrastructure-statement-nsw-budget-2026-27.pdf,164,180.2449999999999
MASTER-0129,Zero Emissions Buses Program,BUD-A79D6516E0-2024-25,BUD-A79D6516E0,Transport for NSW|zero emissions buses program,2024-25,Zero Emissions Buses Program,Transport for NSW,Transport for NSW,general_government,Major Works,Works in Progress,Other Major Programs,Various,n.a.,,False,n.a.,,False,,False,184125,True,263928,True,bp3-infrastructure-statement-2024-25.pdf,145,523.982
MASTER-0130,Appin Road Upgrades (State and Federal Funded),BUD-A86A72F93F-2024-25,BUD-A86A72F93F,Transport for NSW|appin road upgrades state and federal funded,2024-25,Appin Road Upgrades (State and Federal Funded),Transport for NSW,Transport for NSW,general_government,Major Works,Works in Progress,Connecting Sydney Roads,Appin,n.a.,,False,n.a.,,False,,False,22390,True,3305,True,bp3-infrastructure-statement-2024-25.pdf,142,164.34199999999998
MASTER-0130,Appin Road Upgrades (State and Federal Funded),BUD-A86A72F93F-2025-26,BUD-A86A72F93F,Transport for NSW|appin road upgrades state and federal funded,2025-26,Appin Road Upgrades (State and Federal Funded),Transport for NSW,Transport for NSW,general_government,Major Works,Works in Progress,Connecting Sydney Roads,Appin,n.a.,,False,n.a.,,False,,False,25494,True,11262,True,bp3-infrastructure-statement-nsw-budget-2025-26.pdf,153,191.462
MASTER-0130,Appin Road Upgrades (State and Federal Funded),BUD-A86A72F93F-2026-27,BUD-A86A72F93F,Transport for NSW|appin road upgrades state and federal funded,2026-27,Appin Road Upgrades (State and Federal Funded),Transport for NSW,Transport for NSW,general_government,Major Works,Works in Progress,Connecting Sydney Roads,Appin,n.a.,,False,n.a.,,False,,False,26152,True,27675,True,bp3-infrastructure-statement-nsw-budget-2026-27.pdf,149,749.025
MASTER-0131,Flushcombe Road & Bungarribee Road Intersection Upgrade (Planning),BUD-AB5BF73325-2025-26,BUD-AB5BF73325,Transport for NSW|flushcombe road bungarribee road intersection upgrade planning,2025-26,Flushcombe Road & Bungarribee Road Intersection Upgrade (Planning),Transport for NSW,Transport for NSW,general_government,Major Works,Works in Progress,Interchanges and Accessibility,Blacktown,n.a.,,False,n.a.,,False,,False,,False,1500,True,bp3-infrastructure-statement-nsw-budget-2025-26.pdf,155,149.702
MASTER-0131,Flushcombe Road & Bungarribee Road Intersection Upgrade (Planning),BUD-AB5BF73325-2026-27,BUD-AB5BF73325,Transport for NSW|flushcombe road bungarribee road intersection upgrade planning,2026-27,Flushcombe Road & Bungarribee Road Intersection Upgrade (Planning),Transport for NSW,Transport for NSW,general_government,Major Works,Works in Progress,Connecting Sydney Roads,Blacktown,n.a.,,False,n.a.,,False,,False,1000,True,500,True,bp3-infrastructure-statement-nsw-budget-2026-27.pdf,150,253.5949999999999
MASTER-0132,Newell Highway Flood Mitigation Works (Planning) (State and Federal Funded),BUD-ACB04930C1-2024-25,BUD-ACB04930C1,Transport for NSW|newell highway flood mitigation works planning state and federal funded,2024-25,Newell Highway Flood Mitigation Works (Planning) (State and Federal Funded),Transport for NSW,Transport for NSW,general_government,Major Works,Works in Progress,Newell Corridor,Various,n.a.,,False,n.a.,,False,,False,9981,True,5071,True,bp3-infrastructure-statement-2024-25.pdf,144,392.412
MASTER-0132,Newell Highway Flood Mitigation Works (Planning) (State and Federal Funded),BUD-ACB04930C1-2025-26,BUD-ACB04930C1,Transport for NSW|newell highway flood mitigation works planning state and federal funded,2025-26,Newell Highway Flood Mitigation Works (Planning) (State and Federal Funded),Transport for NSW,Transport for NSW,general_government,Major Works,Works in Progress,Newell Corridor,West Wyalong,n.a.,,False,n.a.,,False,,False,10635,True,2146,True,bp3-infrastructure-statement-nsw-budget-2025-26.pdf,155,460.832
MASTER-0132,Newell Highway Flood Mitigation Works (Planning) (State and Federal Funded),BUD-ACB04930C1-2026-27,BUD-ACB04930C1,Transport for NSW|newell highway flood mitigation works planning state and federal funded,2026-27,Newell Highway Flood Mitigation Works (Planning) (State and Federal Funded),Transport for NSW,Transport for NSW,general_government,Major Works,Works in Progress,Newell Corridor,West Wyalong,n.a.,,False,n.a.,,False,,False,12347,True,5943,True,bp3-infrastructure-statement-nsw-budget-2026-27.pdf,152,266.55499999999995
MASTER-0133,Wallendbeen Bridge Approaches,BUD-AF0B297F2F-2025-26,BUD-AF0B297F2F,Transport for NSW|wallendbeen bridge approaches,2025-26,Wallendbeen Bridge Approaches,Transport for NSW,Transport for NSW,general_government,Major Works,Works in Progress,Regional Roads Fund,Wallendbeen,n.a.,,False,n.a.,,False,,False,,False,15200,True,bp3-infrastructure-statement-nsw-budget-2025-26.pdf,157,484.832
MASTER-0134,Newell Highway - North Moree Heavy Duty Pavement (State and Federal Funded),BUD-B2B1F1B833-2026-27,BUD-B2B1F1B833,Transport for NSW|newell highway north moree heavy duty pavement state and federal funded,2026-27,Newell Highway - North Moree Heavy Duty Pavement (State and Federal Funded),Transport for NSW,Transport for NSW,general_government,Major Works,Works in Progress,Newell Corridor,Moree,n.a.,,False,n.a.,,False,,False,12399,True,27025,True,bp3-infrastructure-statement-nsw-budget-2026-27.pdf,152,229.83499999999992
MASTER-0135,Bulli Bypass Investigation,BUD-B33CF5AEA8-2024-25,BUD-B33CF5AEA8,Transport for NSW|bulli bypass investigation,2024-25,Bulli Bypass Investigation,Transport for NSW,Transport for NSW,general_government,Major Works,Works in Progress,Regional Roads Fund,Bulli,n.a.,,False,n.a.,,False,,False,,False,1051,True,bp3-infrastructure-statement-2024-25.pdf,146,332.22783999999996
MASTER-0135,Bulli Bypass Investigation,BUD-B33CF5AEA8-2025-26,BUD-B33CF5AEA8,Transport for NSW|bulli bypass investigation,2025-26,Bulli Bypass Investigation,Transport for NSW,Transport for NSW,general_government,Major Works,Works in Progress,Regional Roads Fund,Bulli,n.a.,,False,n.a.,,False,,False,,False,9900,True,bp3-infrastructure-statement-nsw-budget-2025-26.pdf,157,333.592
MASTER-0136,Opal 2.0,BUD-B579BC7396-2026-27,BUD-B579BC7396,Transport for NSW|opal 2 0,2026-27,Opal 2.0,Transport for NSW,Transport for NSW,general_government,Major Works,Works in Progress,Other Major Programs,Various,n.a.,,False,n.a.,,False,731600,True,136800,True,136907,True,bp3-infrastructure-statement-nsw-budget-2026-27.pdf,152,629.9649999999999
MASTER-0137,Zero Emissions Buses Program (State and Federal funded),BUD-B5FF67A08A-2025-26,BUD-B5FF67A08A,Transport for NSW|zero emissions buses program state and federal funded,2025-26,Zero Emissions Buses Program (State and Federal funded),Transport for NSW,Transport for NSW,general_government,Major Works,Works in Progress,Other Major Programs,Various,n.a.,,False,n.a.,,False,,False,360620,True,525695,True,bp3-infrastructure-statement-nsw-budget-2025-26.pdf,156,535.502
MASTER-0138,Hume Highway Corridor Strategy (Planning) (State and Federal Funded),BUD-B68001C12C-2024-25,BUD-B68001C12C,Transport for NSW|hume highway corridor strategy planning state and federal funded,2024-25,Hume Highway Corridor Strategy (Planning) (State and Federal Funded),Transport for NSW,Transport for NSW,general_government,Major Works,Works in Progress,Hume Corridor,Various,n.a.,,False,n.a.,,False,,False,,False,2000,True,bp3-infrastructure-statement-2024-25.pdf,143,607.0419999999999
MASTER-0138,Hume Highway Corridor Strategy (Planning) (State and Federal Funded),BUD-B68001C12C-2025-26,BUD-B68001C12C,Transport for NSW|hume highway corridor strategy planning state and federal funded,2025-26,Hume Highway Corridor Strategy (Planning) (State and Federal Funded),Transport for NSW,Transport for NSW,general_government,Major Works,Works in Progress,Hume Corridor,Various,n.a.,,False,n.a.,,False,,False,800,True,1200,True,bp3-infrastructure-statement-nsw-budget-2025-26.pdf,154,702.592
MASTER-0138,Hume Highway Corridor Strategy (Planning) (State and Federal Funded),BUD-B68001C12C-2026-27,BUD-B68001C12C,Transport for NSW|hume highway corridor strategy planning state and federal funded,2026-27,Hume Highway Corridor Strategy (Planning) (State and Federal Funded),Transport for NSW,Transport for NSW,general_government,Major Works,Works in Progress,Hume Corridor,Various,n.a.,,False,n.a.,,False,,False,1494,True,2000,True,bp3-infrastructure-statement-nsw-budget-2026-27.pdf,151,446.3349999999999
MASTER-0139,Western Sydney Freight Line and Intermodal Terminal  - Stage 1 Full Business Case,BUD-B731621557-2024-25,BUD-B731621557,Transport for NSW|western sydney freight line and intermodal terminal planning and development state and federal funded,2024-25,Western Sydney Freight Line and Intermodal Terminal (Planning and Development) (State and Federal funded),Transport for NSW,Transport for NSW,general_government,Major Works,Works in Progress,Other Major Programs,Various,n.a.,,False,n.a.,,False,,False,17049,True,9482,True,bp3-infrastructure-statement-2024-25.pdf,145,439.712
MASTER-0139,Western Sydney Freight Line and Intermodal Terminal  - Stage 1 Full Business Case,BUD-B731621557-2025-26,BUD-B731621557,Transport for NSW|western sydney freight line and intermodal terminal planning and development state and federal funded,2025-26,Western Sydney Freight Line and Intermodal Terminal (Planning and Development) (State and Federal Funded),Transport for NSW,Transport for NSW,general_government,Major Works,Works in Progress,Other Major Programs,Various,n.a.,,False,n.a.,,False,,False,20754,True,11027,True,bp3-infrastructure-statement-nsw-budget-2025-26.pdf,156,425.052
MASTER-0139,Western Sydney Freight Line and Intermodal Terminal  - Stage 1 Full Business Case,BUD-B731621557-2026-27,BUD-B731621557,Transport for NSW|western sydney freight line and intermodal terminal planning and development state and federal funded,2026-27,Western Sydney Freight Line and Intermodal Terminal (Planning and Development) (State and Federal Funded),Transport for NSW,Transport for NSW,general_government,Major Works,Works in Progress,Other Major Programs,Various,n.a.,,False,n.a.,,False,,False,31040,True,7122,True,bp3-infrastructure-statement-nsw-budget-2026-27.pdf,153,201.2449999999999
MASTER-0140,John Renshaw Drive Upgrade (Planning) (State and Federal Funded),BUD-BA7EE294B1-2024-25,BUD-BA7EE294B1,Transport for NSW|john renshaw drive upgrade planning state and federal funded,2024-25,John Renshaw Drive Upgrade (Planning) (State and Federal Funded),Transport for NSW,Transport for NSW,general_government,Major Works,Works in Progress,Connecting Hunter Roads,Various,n.a.,,False,n.a.,,False,,False,2749,True,1128,True,bp3-infrastructure-statement-2024-25.pdf,141,263.962
MASTER-0140,John Renshaw Drive Upgrade (Planning) (State and Federal Funded),BUD-BA7EE294B1-2025-26,BUD-BA7EE294B1,Transport for NSW|john renshaw drive upgrade planning state and federal funded,2025-26,John Renshaw Drive Upgrade (Planning) (State and Federal Funded),Transport for NSW,Transport for NSW,general_government,Major Works,Works in Progress,Connecting Hunter Roads,Various,n.a.,,False,n.a.,,False,,False,3525,True,1777,True,bp3-infrastructure-statement-nsw-budget-2025-26.pdf,152,329.27199999999993
MASTER-0140,John Renshaw Drive Upgrade (Planning) (State and Federal Funded),BUD-BA7EE294B1-2026-27,BUD-BA7EE294B1,Transport for NSW|john renshaw drive upgrade planning state and federal funded,2026-27,John Renshaw Drive Upgrade (Planning) (State and Federal Funded),Transport for NSW,Transport for NSW,general_government,Major Works,Works in Progress,Connecting Hunter Roads,Various,n.a.,,False,n.a.,,False,,False,5380,True,3843,True,bp3-infrastructure-statement-nsw-budget-2026-27.pdf,149,348.75499999999994
MASTER-0141,Marshalls Creek Bridge,BUD-BB57EF85AD-2024-25,BUD-BB57EF85AD,Transport for NSW|marshalls creek bridge,2024-25,Marshalls Creek Bridge,Transport for NSW,Transport for NSW,general_government,Major Works,Works in Progress,Connecting Regional NSW (Roads and Bridges),Wagga Wagga,n.a.,,False,n.a.,,False,,False,,False,2061,True,bp3-infrastructure-statement-2024-25.pdf,141,662.482
MASTER-0141,Marshalls Creek Bridge,BUD-BB57EF85AD-2025-26,BUD-BB57EF85AD,Transport for NSW|marshalls creek bridge,2025-26,Marshalls Creek Bridge,Transport for NSW,Transport for NSW,general_government,Major Works,Works in Progress,Connecting Regional NSW (Roads and Bridges),Wagga Wagga,n.a.,,False,2027,2027,True,30000,True,,False,9883,True,bp3-infrastructure-statement-nsw-budget-2025-26.pdf,152,680.752
MASTER-0141,Marshalls Creek Bridge,BUD-BB57EF85AD-2026-27,BUD-BB57EF85AD,Transport for NSW|marshalls creek bridge,2026-27,Marshalls Creek Bridge,Transport for NSW,Transport for NSW,general_government,Major Works,Works in Progress,Connecting Regional NSW (Roads and Bridges),Wagga Wagga,n.a.,,False,2027,2027,True,30000,True,15280,True,9598,True,bp3-infrastructure-statement-nsw-budget-2026-27.pdf,149,600.3249999999999
MASTER-0142,Widen Richmond Road at Elara Boulevard (State and Federal Funded)(f),BUD-BB7B597D6A-2024-25,BUD-BB7B597D6A,Transport for NSW|widen richmond road at elara boulevard state and federal funded,2024-25,Widen Richmond Road at Elara Boulevard (State and Federal Funded)(f),Transport for NSW,Transport for NSW,general_government,Major Works,Works in Progress,Connecting Sydney Roads,Marsden Park,n.a.,,False,n.a.,,False,,False,1500,True,17000,True,bp3-infrastructure-statement-2024-25.pdf,143,285.11199999999997
MASTER-0143,Yass Road-Bungendore Road- Ellerton Road Intersection,BUD-BF17A2C566-2024-25,BUD-BF17A2C566,Transport for NSW|yass road bungendore road ellerton road intersection,2024-25,Yass Road-Bungendore Road- Ellerton Road Intersection,Transport for NSW,Transport for NSW,general_government,Major Works,Works in Progress,Regional Roads Fund,Queanbeyan,n.a.,,False,n.a.,,False,,False,,False,1500,True,bp3-infrastructure-statement-2024-25.pdf,146,472.42783999999995
MASTER-0144,Tichborne & Harris Gates Grade Separation Road Interface (State and Federal Funded),BUD-BFCA5E7F24-2025-26,BUD-BFCA5E7F24,Transport for NSW|tichborne harris gates grade separation road interface state and federal funded,2025-26,Tichborne & Harris Gates Grade Separation Road Interface (State and Federal Funded),Transport for NSW,Transport for NSW,general_government,Major Works,Works in Progress,Other Major Programs,Various,n.a.,,False,n.a.,,False,,False,11400,True,9000,True,bp3-infrastructure-statement-nsw-budget-2025-26.pdf,156,362.172
MASTER-0144,Tichborne & Harris Gates Grade Separation Road Interface (State and Federal Funded),BUD-BFCA5E7F24-2026-27,BUD-BFCA5E7F24,Transport for NSW|tichborne harris gates grade separation road interface state and federal funded,2026-27,Tichborne & Harris Gates Grade Separation Road Interface (State and Federal Funded),Transport for NSW,Transport for NSW,general_government,Major Works,Works in Progress,Other Major Programs,Various,n.a.,,False,n.a.,,False,,False,19130,True,5198,True,bp3-infrastructure-statement-nsw-budget-2026-27.pdf,153,153.96499999999992
MASTER-0087,"Mona Vale Road West upgrade, McCarrs Creek Road to Powder Works Road",BUD-C0ECBBC580-2025-26,BUD-C0ECBBC580,Transport for NSW|mona vale road west mccarrs creek road to powder works road state and federal funded,2025-26,Mona Vale Road West - McCarrs Creek Road to Powder Works Road (State and Federal Funded),Transport for NSW,Transport for NSW,general_government,Major Works,Works in Progress,Connecting Sydney Roads,Various,n.a.,,False,n.a.,,False,,False,28306,True,10000,True,bp3-infrastructure-statement-nsw-budget-2025-26.pdf,153,686.512
MASTER-0087,"Mona Vale Road West upgrade, McCarrs Creek Road to Powder Works Road",BUD-C0ECBBC580-2026-27,BUD-C0ECBBC580,Transport for NSW|mona vale road west mccarrs creek road to powder works road state and federal funded,2026-27,Mona Vale Road West - McCarrs Creek Road to Powder Works Road (State and Federal Funded),Transport for NSW,Transport for NSW,general_government,Major Works,Works in Progress,Connecting Sydney Roads,Terrey Hills - Ingleside,n.a.,,False,n.a.,,False,,False,33003,True,65000,True,bp3-infrastructure-statement-nsw-budget-2026-27.pdf,150,494.57499999999993
MASTER-0145,Nowra Bypass and Network Improvements (Planning) (State and Federal Funded),BUD-C18353623A-2024-25,BUD-C18353623A,Transport for NSW|nowra bypass and network improvements planning state and federal funded,2024-25,Nowra Bypass and Network Improvements (Planning) (State and Federal Funded),Transport for NSW,Transport for NSW,general_government,Major Works,Works in Progress,Princes Corridor,Nowra,n.a.,,False,n.a.,,False,,False,,False,3500,True,bp3-infrastructure-statement-2024-25.pdf,145,733.072
MASTER-0145,Nowra Bypass and Network Improvements (Planning) (State and Federal Funded),BUD-C18353623A-2025-26,BUD-C18353623A,Transport for NSW|nowra bypass and network improvements planning state and federal funded,2025-26,Nowra Bypass and Network Improvements (Planning) (State and Federal Funded),Transport for NSW,Transport for NSW,general_government,Major Works,Works in Progress,Princes Corridor,Nowra,n.a.,,False,n.a.,,False,,False,6300,True,1700,True,bp3-infrastructure-statement-nsw-budget-2025-26.pdf,156,759.972
MASTER-0145,Nowra Bypass and Network Improvements (Planning) (State and Federal Funded),BUD-C18353623A-2026-27,BUD-C18353623A,Transport for NSW|nowra bypass and network improvements planning state and federal funded,2026-27,Nowra Bypass and Network Improvements (Planning) (State and Federal Funded),Transport for NSW,Transport for NSW,general_government,Major Works,Works in Progress,Princes Corridor,Nowra,n.a.,,False,n.a.,,False,,False,4193,True,1566,True,bp3-infrastructure-statement-nsw-budget-2026-27.pdf,153,483.6549999999999
MASTER-0146,Widen Richmond Road from the M7 to Townson Road (State and Federal Funded)(f),BUD-C1FE6F4981-2024-25,BUD-C1FE6F4981,Transport for NSW|widen richmond road from the m7 to townson road state and federal funded,2024-25,Widen Richmond Road from the M7 to Townson Road (State and Federal Funded)(f),Transport for NSW,Transport for NSW,general_government,Major Works,Works in Progress,Connecting Sydney Roads,Colebee,n.a.,,False,n.a.,,False,,False,9405,True,22399,True,bp3-infrastructure-statement-2024-25.pdf,143,323.0319999999999
MASTER-0147,Wakehurst Parkway,BUD-C318EE281A-2024-25,BUD-C318EE281A,Transport for NSW|wakehurst parkway,2024-25,Wakehurst Parkway,Transport for NSW,Transport for NSW,general_government,Major Works,Works in Progress,Connecting Sydney Roads,Various,n.a.,,False,n.a.,,False,,False,9397,True,7903,True,bp3-infrastructure-statement-2024-25.pdf,143,233.00199999999995
MASTER-0147,Wakehurst Parkway,BUD-C318EE281A-2025-26,BUD-C318EE281A,Transport for NSW|wakehurst parkway,2025-26,Wakehurst Parkway,Transport for NSW,Transport for NSW,general_government,Major Works,Works in Progress,Connecting Sydney Roads,Various,n.a.,,False,n.a.,,False,,False,14377,True,21283,True,bp3-infrastructure-statement-nsw-budget-2025-26.pdf,154,446.912
MASTER-0147,Wakehurst Parkway,BUD-C318EE281A-2026-27,BUD-C318EE281A,Transport for NSW|wakehurst parkway,2026-27,Wakehurst Parkway,Transport for NSW,Transport for NSW,general_government,Major Works,Works in Progress,Connecting Sydney Roads,Various,2026,2026,True,n.a.,,False,85100,True,20402,True,25578,True,bp3-infrastructure-statement-nsw-budget-2026-27.pdf,151,201.2449999999999
MASTER-0148,"Newell Highway, Parkes Bypass (State and Federal Funded)",BUD-C653E7DCA6-2024-25,BUD-C653E7DCA6,Transport for NSW|newell highway parkes bypass state and federal funded,2024-25,"Newell Highway, Parkes Bypass (State and Federal Funded)",Transport for NSW,Transport for NSW,general_government,Major Works,Works in Progress,Newell Corridor,Parkes,n.a.,,False,2026,2026,True,287200,True,191281,True,51400,True,bp3-infrastructure-statement-2024-25.pdf,144,502.592
MASTER-0149,Mamre Road Stage 1 - M4 Motorway to Erskine Park Road,BUD-C854007C49-2025-26,BUD-C854007C49,Transport for NSW|mamre road stage 1 m4 motorway to erskine park road,2025-26,Mamre Road Stage 1 - M4 Motorway to Erskine Park Road,Transport for NSW,Transport for NSW,general_government,Major Works,Works in Progress,Connecting Sydney Roads,St Clair,n.a.,,False,2028,2028,True,290000,True,87182,True,67000,True,bp3-infrastructure-statement-nsw-budget-2025-26.pdf,153,623.602
MASTER-0149,Mamre Road Stage 1 - M4 Motorway to Erskine Park Road,BUD-C854007C49-2026-27,BUD-C854007C49,Transport for NSW|mamre road stage 1 m4 motorway to erskine park road,2026-27,Mamre Road Stage 1 - M4 Motorway to Erskine Park Road,Transport for NSW,Transport for NSW,general_government,Major Works,Works in Progress,Connecting Sydney Roads,St Clair,n.a.,,False,2028,2028,True,290000,True,168815,True,64155,True,bp3-infrastructure-statement-nsw-budget-2026-27.pdf,150,431.69499999999994
MASTER-0150,"Richmond Road Upgrade between Elara Boulevard and Heritage Road, Marsden Park (State and Federal Funded)(c)",BUD-C96B703CBF-2025-26,BUD-C96B703CBF,Transport for NSW|richmond road upgrade between elara boulevard and heritage road marsden park state and federal funded,2025-26,"Richmond Road Upgrade between Elara Boulevard and Heritage Road, Marsden Park (State and Federal Funded)(d)",Transport for NSW,Transport for NSW,general_government,Major Works,Works in Progress,Connecting Sydney Roads,Marsden Park,n.a.,,False,n.a.,,False,,False,8248,True,18083,True,bp3-infrastructure-statement-nsw-budget-2025-26.pdf,154,278.87199999999996
MASTER-0150,"Richmond Road Upgrade between Elara Boulevard and Heritage Road, Marsden Park (State and Federal Funded)(c)",BUD-C96B703CBF-2026-27,BUD-C96B703CBF,Transport for NSW|richmond road upgrade between elara boulevard and heritage road marsden park state and federal funded,2026-27,"Richmond Road Upgrade between Elara Boulevard and Heritage Road, Marsden Park (State and Federal Funded)(c)",Transport for NSW,Transport for NSW,general_government,Major Works,Works in Progress,Connecting Sydney Roads,Marsden Park,n.a.,,False,n.a.,,False,150000,True,22114,True,39049,True,bp3-infrastructure-statement-nsw-budget-2026-27.pdf,150,688.785
MASTER-0151,Regional Corridors Upgrade Program – Muswellbrook to Armidale,BUD-CA0145C609-2026-27,BUD-CA0145C609,Transport for NSW|regional corridors upgrade program muswellbrook to armidale phase 2,2026-27,Regional Corridors Upgrade Program - Muswellbrook to Armidale (Phase 2),Transport for NSW,Transport for NSW,general_government,Major Works,Works in Progress,Regional Corridors Upgrade Program,Various,n.a.,,False,n.a.,,False,,False,,False,18000,True,bp3-infrastructure-statement-nsw-budget-2026-27.pdf,154,127.80499999999996
MASTER-0152,Opal Next Generation,BUD-CB3746823F-2024-25,BUD-CB3746823F,Transport for NSW|opal next generation,2024-25,Opal Next Generation,Transport for NSW,Transport for NSW,general_government,Major Works,Works in Progress,Other Major Programs,Various,n.a.,,False,n.a.,,False,,False,52993,True,157081,True,bp3-infrastructure-statement-2024-25.pdf,145,220.04200000000003
MASTER-0152,Opal Next Generation,BUD-CB3746823F-2025-26,BUD-CB3746823F,Transport for NSW|opal next generation,2025-26,Opal Next Generation,Transport for NSW,Transport for NSW,general_government,Major Works,Works in Progress,Other Major Programs,Various,n.a.,,False,n.a.,,False,,False,93120,True,115908,True,bp3-infrastructure-statement-nsw-budget-2025-26.pdf,155,793.332
MASTER-0153,Other Works,BUD-CB686A82E2-2026-27,BUD-CB686A82E2,Transport for NSW|other works,2026-27,Other Works,Transport for NSW,Transport for NSW,general_government,Major Works,Works in Progress,Other Major Programs,Various,n.a.,,False,n.a.,,False,,False,,False,50500,True,bp3-infrastructure-statement-nsw-budget-2026-27.pdf,152,645.5649999999999
MASTER-0154,Liverpool to Airport Transit Corridor,BUD-CC8CCD4602-2024-25,BUD-CC8CCD4602,Transport for NSW|liverpool to airport transit corridor,2024-25,Liverpool to Airport Transit Corridor,Transport for NSW,Transport for NSW,general_government,Major Works,Works in Progress,Urban Roads Fund,Various,n.a.,,False,n.a.,,False,,False,,False,4000,True,bp3-infrastructure-statement-2024-25.pdf,146,771.732
MASTER-0155,Macquarie Park Precinct and Bus Interchange,BUD-CEEED03F65-2024-25,BUD-CEEED03F65,Transport for NSW|macquarie park precinct and bus interchange state and federal funded,2024-25,Macquarie Park Precinct and Bus Interchange (State and Federal Funded),Transport for NSW,Transport for NSW,general_government,Major Works,Works in Progress,Interchanges and Accessibility,Macquarie Park,n.a.,,False,n.a.,,False,,False,23547,True,5868,True,bp3-infrastructure-statement-2024-25.pdf,143,759.012
MASTER-0155,Macquarie Park Precinct and Bus Interchange,BUD-CEEED03F65-2025-26,BUD-CEEED03F65,Transport for NSW|macquarie park precinct and bus interchange state and federal funded,2025-26,Macquarie Park Precinct and Bus Interchange (State and Federal Funded),Transport for NSW,Transport for NSW,general_government,Major Works,Works in Progress,Interchanges and Accessibility,Macquarie Park,n.a.,,False,n.a.,,False,,False,26371,True,5906,True,bp3-infrastructure-statement-nsw-budget-2025-26.pdf,155,186.42200000000005
MASTER-0155,Macquarie Park Precinct and Bus Interchange,BUD-CEEED03F65-2026-27,BUD-CEEED03F65,Transport for NSW|macquarie park precinct and bus interchange state and federal funded,2026-27,Macquarie Park Precinct and Bus Interchange (State and Federal Funded),Transport for NSW,Transport for NSW,general_government,Major Works,Works in Progress,Interchanges and Accessibility,Macquarie Park,n.a.,,False,n.a.,,False,,False,29026,True,12227,True,bp3-infrastructure-statement-nsw-budget-2026-27.pdf,151,600.685
MASTER-0156,"Newcastle Inner City Bypass, Rankin Park to Jesmond (State and Federal Funded)",BUD-CF78CC0A58-2024-25,BUD-CF78CC0A58,Transport for NSW|newcastle inner city bypass rankin park to jesmond state and federal funded,2024-25,"Newcastle Inner City Bypass, Rankin Park to Jesmond (State and Federal Funded)",Transport for NSW,Transport for NSW,general_government,Major Works,Works in Progress,Connecting Hunter Roads,Williamtown,n.a.,,False,2025,2025,True,481900,True,264860,True,128614,True,bp3-infrastructure-statement-2024-25.pdf,141,300.712
MASTER-0156,"Newcastle Inner City Bypass, Rankin Park to Jesmond (State and Federal Funded)",BUD-CF78CC0A58-2025-26,BUD-CF78CC0A58,Transport for NSW|newcastle inner city bypass rankin park to jesmond state and federal funded,2025-26,"Newcastle Inner City Bypass, Rankin Park to Jesmond (State and Federal Funded)",Transport for NSW,Transport for NSW,general_government,Major Works,Works in Progress,Connecting Hunter Roads,Williamtown,n.a.,,False,2025,2025,True,481900,True,363347,True,84607,True,bp3-infrastructure-statement-nsw-budget-2025-26.pdf,152,366.012
MASTER-0156,"Newcastle Inner City Bypass, Rankin Park to Jesmond (State and Federal Funded)",BUD-CF78CC0A58-2026-27,BUD-CF78CC0A58,Transport for NSW|newcastle inner city bypass rankin park to jesmond state and federal funded,2026-27,"Newcastle Inner City Bypass, Rankin Park to Jesmond (State and Federal Funded)",Transport for NSW,Transport for NSW,general_government,Major Works,Works in Progress,Connecting Hunter Roads,Williamtown,n.a.,,False,2026,2026,True,481900,True,455965,True,6358,True,bp3-infrastructure-statement-nsw-budget-2026-27.pdf,149,385.49499999999995
MASTER-0157,Road Safety (State and Federal Funded),BUD-D10D435BCC-2024-25,BUD-D10D435BCC,Transport for NSW|road safety state and federal funded,2024-25,Road Safety (State and Federal Funded),Transport for NSW,Transport for NSW,general_government,Major Works,Works in Progress,Other Major Programs,Various,n.a.,,False,n.a.,,False,,False,,False,336651,True,bp3-infrastructure-statement-2024-25.pdf,145,272.12199999999996
MASTER-0157,Road Safety (State and Federal Funded),BUD-D10D435BCC-2025-26,BUD-D10D435BCC,Transport for NSW|road safety state and federal funded,2025-26,Road Safety (State and Federal Funded),Transport for NSW,Transport for NSW,general_government,Major Works,Works in Progress,Other Major Programs,Various,n.a.,,False,n.a.,,False,,False,,False,333870,True,bp3-infrastructure-statement-nsw-budget-2025-26.pdf,156,194.842
MASTER-0157,Road Safety (State and Federal Funded),BUD-D10D435BCC-2026-27,BUD-D10D435BCC,Transport for NSW|road safety state and federal funded,2026-27,Road Safety (State and Federal Funded),Transport for NSW,Transport for NSW,general_government,Major Works,Works in Progress,Other Major Programs,Various,n.a.,,False,n.a.,,False,,False,,False,313662,True,bp3-infrastructure-statement-nsw-budget-2026-27.pdf,152,713.505
MASTER-0158,New Buses to Cater for NSW Services,BUD-D149CF64EE-2024-25,BUD-D149CF64EE,Transport for NSW|new buses to cater for nsw services,2024-25,New buses to cater for NSW Services,Transport for NSW,Transport for NSW,general_government,Major Works,Works in Progress,Other Major Programs,Various,n.a.,,False,n.a.,,False,,False,1252546,True,131153,True,bp3-infrastructure-statement-2024-25.pdf,145,193.88199999999995
MASTER-0158,New Buses to Cater for NSW Services,BUD-D149CF64EE-2025-26,BUD-D149CF64EE,Transport for NSW|new buses to cater for nsw services,2025-26,New buses to cater for NSW Services,Transport for NSW,Transport for NSW,general_government,Major Works,Works in Progress,Other Major Programs,Various,n.a.,,False,n.a.,,False,,False,1345603,True,253744,True,bp3-infrastructure-statement-nsw-budget-2025-26.pdf,155,766.932
MASTER-0158,New Buses to Cater for NSW Services,BUD-D149CF64EE-2026-27,BUD-D149CF64EE,Transport for NSW|new buses to cater for nsw services,2026-27,New Buses to Cater for NSW Services,Transport for NSW,Transport for NSW,general_government,Major Works,Works in Progress,Other Major Programs,Various,n.a.,,False,n.a.,,False,,False,1442332,True,145743,True,bp3-infrastructure-statement-nsw-budget-2026-27.pdf,152,562.165
MASTER-0159,"Mamre Road, M4 Motorway to Erskine Park Road",BUD-D181E5D50C-2024-25,BUD-D181E5D50C,Transport for NSW|mamre road m4 motorway to erskine park road,2024-25,"Mamre Road, M4 Motorway to Erskine Park Road",Transport for NSW,Transport for NSW,general_government,Major Works,Works in Progress,Connecting Sydney Roads,St Clair,n.a.,,False,n.a.,,False,,False,40452,True,19500,True,bp3-infrastructure-statement-2024-25.pdf,142,480.032
MASTER-0160,Princes Highway Corridor (NSW) - Milton Ulladulla Bypass (State and Federal Funded),BUD-D3E2996928-2026-27,BUD-D3E2996928,Transport for NSW|princes highway corridor nsw milton ulladulla bypass state and federal funded,2026-27,Princes Highway Corridor (NSW) - Milton Ulladulla Bypass (State and Federal Funded),Transport for NSW,Transport for NSW,general_government,Major Works,Works in Progress,Princes Corridor,Milton,n.a.,,False,n.a.,,False,,False,63154,True,15663,True,bp3-infrastructure-statement-nsw-budget-2026-27.pdf,153,614.9649999999999
MASTER-0161,"Memorial Avenue, Old Windsor Road to Windsor Road (State and Federal Funded)",BUD-D44C3C7C41-2024-25,BUD-D44C3C7C41,Transport for NSW|memorial avenue old windsor road to windsor road state and federal funded,2024-25,"Memorial Avenue, Old Windsor Road to Windsor Road (State and Federal Funded)",Transport for NSW,Transport for NSW,general_government,Major Works,Works in Progress,Connecting Sydney Roads,Kellyville,n.a.,,False,2024,2024,True,,False,198349,True,24495,True,bp3-infrastructure-statement-2024-25.pdf,142,506.1919999999999
MASTER-0162,Woollahra Station Activation,BUD-D748A5085A-2026-27,BUD-D748A5085A,Transport Asset Manager/Holding Entity NSW|woollahra train station,2026-27,Woollahra Train Station,Transport Asset Manager New South Wales (TAM),Transport Asset Manager/Holding Entity NSW,public_non_financial_corporation,Major Works,Works in Progress,,Woollahra,n.a.,,False,2029,2029,True,,False,2356,True,30871,True,bp3-infrastructure-statement-nsw-budget-2026-27.pdf,164,357.75499999999994
MASTER-0163,Bells Line of Road Upgrade Program (Federal Funded),BUD-D77A436B81-2024-25,BUD-D77A436B81,Transport for NSW|bells line of road upgrade program federal funded,2024-25,Bells Line of Road Upgrade Program (Federal Funded),Transport for NSW,Transport for NSW,general_government,Major Works,Works in Progress,Great Western Highway and Bells Line of Road,Blue Mountains,n.a.,,False,n.a.,,False,,False,129,True,1354,True,bp3-infrastructure-statement-2024-25.pdf,143,491.792
MASTER-0163,Bells Line of Road Upgrade Program (Federal Funded),BUD-D77A436B81-2025-26,BUD-D77A436B81,Transport for NSW|bells line of road upgrade program federal funded,2025-26,Bells Line of Road Upgrade Program (Federal Funded),Transport for NSW,Transport for NSW,general_government,Major Works,Works in Progress,Great Western Highway and Bells Line of Road,Blue Mountains,n.a.,,False,n.a.,,False,,False,296,True,870,True,bp3-infrastructure-statement-nsw-budget-2025-26.pdf,154,621.682
MASTER-0163,Bells Line of Road Upgrade Program (Federal Funded),BUD-D77A436B81-2026-27,BUD-D77A436B81,Transport for NSW|bells line of road upgrade program federal funded,2026-27,Bells Line of Road Upgrade Program (Federal Funded),Transport for NSW,Transport for NSW,general_government,Major Works,Works in Progress,Great Western Highway and Bells Line of Road,Blue Mountains,n.a.,,False,n.a.,,False,,False,1612,True,4000,True,bp3-infrastructure-statement-nsw-budget-2026-27.pdf,151,376.13499999999993
MASTER-0164,Sydney Metro West,BUD-DAB31A7E21-2024-25,BUD-DAB31A7E21,Sydney Metro|sydney metro west,2024-25,Sydney Metro West,Sydney Metro,Sydney Metro,general_government,Major Works,Works in Progress,,Westmead - Sydney CBD,2017,2017,True,2032,2032,True,,False,9817867,True,2688711,True,bp3-infrastructure-statement-2024-25.pdf,148,308.2278399999999
MASTER-0164,Sydney Metro West,BUD-DAB31A7E21-2025-26,BUD-DAB31A7E21,Sydney Metro|sydney metro west,2025-26,Sydney Metro West,Sydney Metro,Sydney Metro,general_government,Major Works,Works in Progress,,Westmead - Sydney CBD,2017,2017,True,2032,2032,True,,False,11795971,True,1716396,True,bp3-infrastructure-statement-nsw-budget-2025-26.pdf,159,226.5219999999999
MASTER-0164,Sydney Metro West,BUD-DAB31A7E21-2026-27,BUD-DAB31A7E21,Sydney Metro|sydney metro west,2026-27,Sydney Metro West,Sydney Metro,Sydney Metro,general_government,Major Works,Works in Progress,,Westmead - Sydney CBD,2017,2017,True,2032,2032,True,,False,13382250,True,2002924,True,bp3-infrastructure-statement-nsw-budget-2026-27.pdf,155,366.8949999999999
MASTER-0165,Maritime Infrastructure Upgrades,BUD-DB056B1672-2024-25,BUD-DB056B1672,Transport for NSW|maritime infrastructure upgrades,2024-25,Maritime Infrastructure Upgrades,Transport for NSW,Transport for NSW,general_government,Major Works,Works in Progress,Other Major Programs,Various,n.a.,,False,n.a.,,False,,False,143357,True,57282,True,bp3-infrastructure-statement-2024-25.pdf,145,130.98199999999997
MASTER-0165,Maritime Infrastructure Upgrades,BUD-DB056B1672-2025-26,BUD-DB056B1672,Transport for NSW|maritime infrastructure upgrades,2025-26,Maritime Infrastructure Upgrades,Transport for NSW,Transport for NSW,general_government,Major Works,Works in Progress,Other Major Programs,Various,n.a.,,False,n.a.,,False,,False,177957,True,34145,True,bp3-infrastructure-statement-nsw-budget-2025-26.pdf,155,704.0319999999999
MASTER-0165,Maritime Infrastructure Upgrades,BUD-DB056B1672-2026-27,BUD-DB056B1672,Transport for NSW|maritime infrastructure upgrades,2026-27,Maritime Infrastructure Upgrades,Transport for NSW,Transport for NSW,general_government,Major Works,Works in Progress,Other Major Programs,Various,n.a.,,False,n.a.,,False,,False,184621,True,24063,True,bp3-infrastructure-statement-nsw-budget-2026-27.pdf,152,499.25499999999994
MASTER-0166,M1 Princes Motorway Entry and Exit Ramps,BUD-DC5F4FB2C9-2024-25,BUD-DC5F4FB2C9,Transport for NSW|m1 princes motorway entry and exit ramps,2024-25,M1 Princes Motorway Entry and Exit Ramps,Transport for NSW,Transport for NSW,general_government,Major Works,Works in Progress,Regional Roads Fund,Dapto,n.a.,,False,n.a.,,False,,False,,False,1032,True,bp3-infrastructure-statement-2024-25.pdf,146,389.6078399999999
MASTER-0167,Garfield Road West (Planning) (State and Federal Funded),BUD-DC8F8422E5-2025-26,BUD-DC8F8422E5,Transport for NSW|garfield road west planning state and federal funded,2025-26,Garfield Road West (Planning) (State and Federal Funded),Transport for NSW,Transport for NSW,general_government,Major Works,Works in Progress,Connecting Sydney Roads,Various,n.a.,,False,n.a.,,False,,False,5182,True,2000,True,bp3-infrastructure-statement-nsw-budget-2025-26.pdf,153,434.912
MASTER-0167,Garfield Road West (Planning) (State and Federal Funded),BUD-DC8F8422E5-2026-27,BUD-DC8F8422E5,Transport for NSW|garfield road west planning state and federal funded,2026-27,Garfield Road West (Planning) (State and Federal Funded),Transport for NSW,Transport for NSW,general_government,Major Works,Works in Progress,Connecting Sydney Roads,Various,n.a.,,False,n.a.,,False,,False,5600,True,1000,True,bp3-infrastructure-statement-nsw-budget-2026-27.pdf,150,342.63499999999993
MASTER-0168,M6 Extension Stage 1,BUD-DD5F590495-2024-25,BUD-DD5F590495,Transport for NSW|m6 extension stage 1,2024-25,M6 Extension Stage 1,Transport for NSW,Transport for NSW,general_government,Major Works,Works in Progress,Sydney Motorways,Rockdale,n.a.,,False,2025,2025,True,3115000,True,2353762,True,529585,True,bp3-infrastructure-statement-2024-25.pdf,146,561.902
MASTER-0168,M6 Extension Stage 1,BUD-DD5F590495-2025-26,BUD-DD5F590495,Transport for NSW|m6 extension stage 1,2025-26,M6 Extension Stage 1,Transport for NSW,Transport for NSW,general_government,Major Works,Works in Progress,Sydney Motorways,Rockdale,n.a.,,False,n.a.,,False,,False,2691960,True,292448,True,bp3-infrastructure-statement-nsw-budget-2025-26.pdf,157,602.482
MASTER-0168,M6 Extension Stage 1,BUD-DD5F590495-2026-27,BUD-DD5F590495,Transport for NSW|m6 extension stage 1,2026-27,M6 Extension Stage 1,Transport for NSW,Transport for NSW,general_government,Major Works,Works in Progress,Sydney Motorways,Rockdale,n.a.,,False,n.a.,,False,,False,2782515,True,200338,True,bp3-infrastructure-statement-nsw-budget-2026-27.pdf,154,430.735
MASTER-0169,Pedestrian Overpass Hurstville Primary (Planning),BUD-DEBDBA1B99-2024-25,BUD-DEBDBA1B99,Transport for NSW|pedestrian overpass hurstville primary planning,2024-25,Pedestrian Overpass Hurstville Primary (Planning),Transport for NSW,Transport for NSW,general_government,Major Works,Works in Progress,Urban Roads Fund,Hurstville,n.a.,,False,n.a.,,False,,False,250,True,1000,True,bp3-infrastructure-statement-2024-25.pdf,147,130.98199999999997
MASTER-0169,Pedestrian Overpass Hurstville Primary (Planning),BUD-DEBDBA1B99-2025-26,BUD-DEBDBA1B99,Transport for NSW|pedestrian overpass hurstville primary planning,2025-26,Pedestrian Overpass Hurstville Primary (Planning),Transport for NSW,Transport for NSW,general_government,Major Works,Works in Progress,Urban Roads Fund,Hurstville,n.a.,,False,n.a.,,False,,False,1000,True,2000,True,bp3-infrastructure-statement-nsw-budget-2025-26.pdf,157,782.2919999999999
MASTER-0170,Mount Ousley Safety and Reliability Works (Planning) (State and Federal Funded),BUD-DECAE5B450-2024-25,BUD-DECAE5B450,Transport for NSW|mount ousley safety and reliability works planning state and federal funded,2024-25,Mount Ousley Safety and Reliability Works (Planning) (State and Federal Funded),Transport for NSW,Transport for NSW,general_government,Major Works,Works in Progress,Princes Corridor,Mount Ousley,n.a.,,False,n.a.,,False,,False,,False,2000,True,bp3-infrastructure-statement-2024-25.pdf,145,670.1619999999999
MASTER-0170,Mount Ousley Safety and Reliability Works (Planning) (State and Federal Funded),BUD-DECAE5B450-2025-26,BUD-DECAE5B450,Transport for NSW|mount ousley safety and reliability works planning state and federal funded,2025-26,Mount Ousley Safety and Reliability Works (Planning) (State and Federal Funded),Transport for NSW,Transport for NSW,general_government,Major Works,Works in Progress,Princes Corridor,Mount Ousley,n.a.,,False,n.a.,,False,,False,192,True,2423,True,bp3-infrastructure-statement-nsw-budget-2025-26.pdf,156,697.0719999999999
MASTER-0171,Transport Access Program - Commuter Wharf Upgrades,BUD-DFA7CB71FD-2024-25,BUD-DFA7CB71FD,Transport for NSW|transport access program commuter wharf upgrades,2024-25,Transport Access Program - Commuter Wharf Upgrades,Transport for NSW,Transport for NSW,general_government,Major Works,Works in Progress,Interchanges and Accessibility,Various,n.a.,,False,n.a.,,False,,False,244452,True,9389,True,bp3-infrastructure-statement-2024-25.pdf,144,130.98199999999997
MASTER-0172,"King Georges Road, Stoney Creek Road to Connells Point Road (State and Federal Funded)",BUD-E0C3AB31A5-2024-25,BUD-E0C3AB31A5,Transport for NSW|king georges road stoney creek road to connells point road state and federal funded,2024-25,"King Georges Road, Stoney Creek Road to Connells Point Road (State and Federal Funded)",Transport for NSW,Transport for NSW,general_government,Major Works,Works in Progress,Connecting Sydney Roads,Penshurst,n.a.,,False,2026,2026,True,190600,True,121929,True,46557,True,bp3-infrastructure-statement-2024-25.pdf,142,396.012
MASTER-0173,RegStar Program,BUD-E3A9B7A928-2026-27,BUD-E3A9B7A928,Transport for NSW|regstar program,2026-27,RegStar Program,Transport for NSW,Transport for NSW,general_government,Major Works,Works in Progress,Other Major Programs,Various,n.a.,,False,n.a.,,False,,False,90165,True,111049,True,bp3-infrastructure-statement-nsw-budget-2026-27.pdf,152,697.905
MASTER-0174,Regional Corridors Upgrade Program – Newcastle to Dubbo,BUD-E409D02F81-2026-27,BUD-E409D02F81,Transport for NSW|regional corridors upgrade program newcastle to dubbo phase 2 d,2026-27,Regional Corridors Upgrade Program - Newcastle to Dubbo (Phase 2)(d)(f),Transport for NSW,Transport for NSW,general_government,Major Works,Works in Progress,Regional Corridors Upgrade Program,Various,n.a.,,False,n.a.,,False,,False,,False,145306,True,bp3-infrastructure-statement-nsw-budget-2026-27.pdf,154,164.52499999999998
MASTER-0175,Monaro Highway Upgrade Program,BUD-E657093806-2024-25,BUD-E657093806,Transport for NSW|monaro highway upgrade program,2024-25,Monaro Highway Upgrade Program,Transport for NSW,Transport for NSW,general_government,Major Works,Works in Progress,Connecting Regional NSW (Roads and Bridges),Williamsdale - Cooma,n.a.,,False,2025,2025,True,22000,True,20144,True,1856,True,bp3-infrastructure-statement-2024-25.pdf,141,714.832
MASTER-0175,Monaro Highway Upgrade Program,BUD-E657093806-2025-26,BUD-E657093806,Transport for NSW|monaro highway upgrade program,2025-26,Monaro Highway Upgrade Program,Transport for NSW,Transport for NSW,general_government,Major Works,Works in Progress,Connecting Regional NSW (Roads and Bridges),Williamsdale - Cooma,n.a.,,False,2026,2026,True,22000,True,16197,True,5803,True,bp3-infrastructure-statement-nsw-budget-2025-26.pdf,152,696.112
MASTER-0176,New Richmond Bridge and Traffic Improvements (State and Federal Funded),BUD-E76DF8E081-2024-25,BUD-E76DF8E081,Transport for NSW|new richmond bridge and traffic improvements state and federal funded,2024-25,New Richmond Bridge and Traffic Improvements (State and Federal Funded),Transport for NSW,Transport for NSW,general_government,Major Works,Works in Progress,Connecting Sydney Roads,North Richmond,n.a.,,False,n.a.,,False,,False,29053,True,2023,True,bp3-infrastructure-statement-2024-25.pdf,142,663.682
MASTER-0176,New Richmond Bridge and Traffic Improvements (State and Federal Funded),BUD-E76DF8E081-2025-26,BUD-E76DF8E081,Transport for NSW|new richmond bridge and traffic improvements state and federal funded,2025-26,New Richmond Bridge and Traffic Improvements (State and Federal Funded),Transport for NSW,Transport for NSW,general_government,Major Works,Works in Progress,Connecting Sydney Roads,North Richmond,n.a.,,False,n.a.,,False,,False,39066,True,31006,True,bp3-infrastructure-statement-nsw-budget-2025-26.pdf,154,179.22199999999998
MASTER-0176,New Richmond Bridge and Traffic Improvements (State and Federal Funded),BUD-E76DF8E081-2026-27,BUD-E76DF8E081,Transport for NSW|new richmond bridge and traffic improvements state and federal funded,2026-27,New Richmond Bridge and Traffic Improvements (State and Federal Funded),Transport for NSW,Transport for NSW,general_government,Major Works,Works in Progress,Connecting Sydney Roads,North Richmond,n.a.,,False,n.a.,,False,658000,True,83252,True,125211,True,bp3-infrastructure-statement-nsw-budget-2026-27.pdf,150,589.165
MASTER-0177,Henry Lawson Drive Stage 1B,BUD-E966C277DD-2024-25,BUD-E966C277DD,Transport for NSW|henry lawson drive upgrade stage 1b,2024-25,Henry Lawson Drive Upgrade Stage 1B,Transport for NSW,Transport for NSW,general_government,Major Works,Works in Progress,Urban Roads Fund,Milperra,n.a.,,False,n.a.,,False,,False,6375,True,17700,True,bp3-infrastructure-statement-2024-25.pdf,146,745.548
MASTER-0178,"Safe, Accessible Transport Upgrades",BUD-EB9D9B0E5A-2025-26,BUD-EB9D9B0E5A,Transport for NSW|safe accessible transport upgrades,2025-26,"Safe, Accessible Transport Upgrades",Transport for NSW,Transport for NSW,general_government,Major Works,Works in Progress,Other Major Programs,Various,n.a.,,False,n.a.,,False,,False,,False,3500,True,bp3-infrastructure-statement-nsw-budget-2025-26.pdf,156,273.352
MASTER-0178,"Safe, Accessible Transport Upgrades",BUD-EB9D9B0E5A-2026-27,BUD-EB9D9B0E5A,Transport for NSW|safe accessible transport upgrades,2026-27,"Safe, Accessible Transport Upgrades",Transport for NSW,Transport for NSW,general_government,Major Works,Works in Progress,Other Major Programs,Various,n.a.,,False,n.a.,,False,,False,1300,True,5500,True,bp3-infrastructure-statement-nsw-budget-2026-27.pdf,152,739.665
MASTER-0179,XPT Fleet Upgrade (Planning),BUD-EC1C07423F-2024-25,BUD-EC1C07423F,Transport Asset Manager/Holding Entity NSW|xpt fleet upgrade planning,2024-25,XPT Fleet Upgrade (Planning),Transport Asset Holding Entity of New South Wales,Transport Asset Manager/Holding Entity NSW,public_non_financial_corporation,Major Works,Works in Progress,,Various,n.a.,,False,n.a.,,False,,False,,False,1429,True,bp3-infrastructure-statement-2024-25.pdf,155,325.6719999999999
MASTER-0179,XPT Fleet Upgrade (Planning),BUD-EC1C07423F-2025-26,BUD-EC1C07423F,Transport Asset Manager/Holding Entity NSW|xpt fleet upgrade planning,2025-26,XPT Fleet Upgrade (Planning),Transport Asset Manager New South Wales,Transport Asset Manager/Holding Entity NSW,public_non_financial_corporation,Major Works,Works in Progress,,Various,n.a.,,False,n.a.,,False,,False,,False,2663,True,bp3-infrastructure-statement-nsw-budget-2025-26.pdf,168,340.55199999999996
MASTER-0180,Tangara Fleet Life Extension,BUD-F08503D135-2024-25,BUD-F08503D135,Transport Asset Manager/Holding Entity NSW|tangara fleet life extension,2024-25,Tangara Fleet Life Extension,Transport Asset Holding Entity of New South Wales,Transport Asset Manager/Holding Entity NSW,public_non_financial_corporation,Major Works,Works in Progress,,Various,n.a.,,False,n.a.,,False,,False,,False,89726,True,bp3-infrastructure-statement-2024-25.pdf,155,310.312
MASTER-0180,Tangara Fleet Life Extension,BUD-F08503D135-2025-26,BUD-F08503D135,Transport Asset Manager/Holding Entity NSW|tangara fleet life extension,2025-26,Tangara Fleet Life Extension,Transport Asset Manager New South Wales,Transport Asset Manager/Holding Entity NSW,public_non_financial_corporation,Major Works,Works in Progress,,Various,2024,2024,True,n.a.,,False,447000,True,,False,80933,True,bp3-infrastructure-statement-nsw-budget-2025-26.pdf,168,325.1919999999999
MASTER-0180,Tangara Fleet Life Extension,BUD-F08503D135-2026-27,BUD-F08503D135,Transport Asset Manager/Holding Entity NSW|tangara fleet life extension,2026-27,Tangara Fleet Life Extension,Transport Asset Manager New South Wales (TAM),Transport Asset Manager/Holding Entity NSW,public_non_financial_corporation,Major Works,Works in Progress,,Various,2024,2024,True,n.a.,,False,447390,True,,False,119572,True,bp3-infrastructure-statement-nsw-budget-2026-27.pdf,164,342.1549999999999
MASTER-0181,RegStar Program (Planning and Development),BUD-F1488DCD1A-2025-26,BUD-F1488DCD1A,Transport for NSW|regstar program planning and development,2025-26,RegStar Program (Planning and Development),Transport for NSW,Transport for NSW,general_government,Major Works,Works in Progress,Other Major Programs,Various,n.a.,,False,n.a.,,False,,False,65118,True,53473,True,bp3-infrastructure-statement-nsw-budget-2025-26.pdf,156,168.66199999999992
MASTER-0182,Rural and Regional Ticketing Solution,BUD-F3BA4F7F01-2024-25,BUD-F3BA4F7F01,Transport for NSW|rural and regional ticketing solution,2024-25,Rural and Regional Ticketing Solution,Transport for NSW,Transport for NSW,general_government,Major Works,Works in Progress,Other Major Programs,Various,n.a.,,False,n.a.,,False,,False,32215,True,18485,True,bp3-infrastructure-statement-2024-25.pdf,145,298.312
MASTER-0182,Rural and Regional Ticketing Solution,BUD-F3BA4F7F01-2025-26,BUD-F3BA4F7F01,Transport for NSW|rural and regional ticketing solution,2025-26,Rural and Regional Ticketing Solution,Transport for NSW,Transport for NSW,general_government,Major Works,Works in Progress,Other Major Programs,Various,n.a.,,False,n.a.,,False,,False,48191,True,2609,True,bp3-infrastructure-statement-nsw-budget-2025-26.pdf,156,247.16199999999992
MASTER-0183,M7-M12 Integration(d)(e),BUD-F3D5853ABB-2024-25,BUD-F3D5853ABB,Transport for NSW|m7 m12 integration d,2024-25,M7-M12 Integration(d)(e),Transport for NSW,Transport for NSW,general_government,Major Works,Works in Progress,Sydney Motorways,Various,n.a.,,False,2026,2026,True,,False,70729,True,126974,True,bp3-infrastructure-statement-2024-25.pdf,146,577.28
MASTER-0184,Bus Priority Infrastructure,BUD-F5F966FB94-2024-25,BUD-F5F966FB94,Transport for NSW|bus priority infrastructure,2024-25,Bus Priority Infrastructure,Transport for NSW,Transport for NSW,general_government,Major Works,Works in Progress,Easing Sydney's Congestion,Various,n.a.,,False,n.a.,,False,,False,229833,True,22426,True,bp3-infrastructure-statement-2024-25.pdf,143,376.572
MASTER-0184,Bus Priority Infrastructure,BUD-F5F966FB94-2025-26,BUD-F5F966FB94,Transport for NSW|bus priority infrastructure,2025-26,Bus Priority Infrastructure,Transport for NSW,Transport for NSW,general_government,Major Works,Works in Progress,Easing Sydney's Congestion,Various,n.a.,,False,n.a.,,False,,False,240440,True,17700,True,bp3-infrastructure-statement-nsw-budget-2025-26.pdf,154,553.982
MASTER-0184,Bus Priority Infrastructure,BUD-F5F966FB94-2026-27,BUD-F5F966FB94,Transport for NSW|bus priority infrastructure,2026-27,Bus Priority Infrastructure,Transport for NSW,Transport for NSW,general_government,Major Works,Works in Progress,Easing Sydney's Congestion,Various,n.a.,,False,n.a.,,False,,False,256206,True,17000,True,bp3-infrastructure-statement-nsw-budget-2026-27.pdf,151,308.19499999999994
MASTER-0185,Sydney Gateway,BUD-F7801A4F2A-2024-25,BUD-F7801A4F2A,Transport for NSW|sydney gateway,2024-25,Sydney Gateway,Transport for NSW,Transport for NSW,general_government,Major Works,Works in Progress,Sydney Motorways,Mascot,n.a.,,False,2024,2024,True,2600000,True,2287971,True,58693,True,bp3-infrastructure-statement-2024-25.pdf,146,594.3019999999999
MASTER-0186,Transport Connected Bus Program,BUD-F88C70FC79-2024-25,BUD-F88C70FC79,Transport for NSW|transport connected bus program,2024-25,Transport Connected Bus Program,Transport for NSW,Transport for NSW,general_government,Major Works,Works in Progress,Other Major Programs,Various,n.a.,,False,n.a.,,False,,False,33110,True,10652,True,bp3-infrastructure-statement-2024-25.pdf,145,361.212
MASTER-0187,Heavy Vehicle Rest Stops Improvement Program,BUD-F9D5A88353-2024-25,BUD-F9D5A88353,Transport for NSW|heavy vehicle rest stops improvement program,2024-25,Heavy Vehicle Rest Stops Improvement Program,Transport for NSW,Transport for NSW,general_government,Major Works,Works in Progress,Other Major Programs,Various,n.a.,,False,n.a.,,False,,False,3656,True,5017,True,bp3-infrastructure-statement-2024-25.pdf,144,759.252
MASTER-0187,Heavy Vehicle Rest Stops Improvement Program,BUD-F9D5A88353-2025-26,BUD-F9D5A88353,Transport for NSW|heavy vehicle rest stops improvement program,2025-26,Heavy Vehicle Rest Stops Improvement Program,Transport for NSW,Transport for NSW,general_government,Major Works,Works in Progress,Other Major Programs,Various,n.a.,,False,n.a.,,False,,False,6213,True,4000,True,bp3-infrastructure-statement-nsw-budget-2025-26.pdf,155,677.872
MASTER-0187,Heavy Vehicle Rest Stops Improvement Program,BUD-F9D5A88353-2026-27,BUD-F9D5A88353,Transport for NSW|heavy vehicle rest stops improvement program,2026-27,Heavy Vehicle Rest Stops Improvement Program,Transport for NSW,Transport for NSW,general_government,Major Works,Works in Progress,Other Major Programs,Various,n.a.,,False,n.a.,,False,,False,9031,True,7729,True,bp3-infrastructure-statement-nsw-budget-2026-27.pdf,152,473.0949999999999
MASTER-0188,"Newell Highway, New Dubbo Bridge (State and Federal Funded)",BUD-F9E440143C-2024-25,BUD-F9E440143C,Transport for NSW|newell highway new dubbo bridge state and federal funded,2024-25,"Newell Highway, New Dubbo Bridge (State and Federal Funded)",Transport for NSW,Transport for NSW,general_government,Major Works,Works in Progress,Newell Corridor,Dubbo,n.a.,,False,2027,2027,True,263200,True,136782,True,52074,True,bp3-infrastructure-statement-2024-25.pdf,144,465.872
MASTER-0188,"Newell Highway, New Dubbo Bridge (State and Federal Funded)",BUD-F9E440143C-2025-26,BUD-F9E440143C,Transport for NSW|newell highway new dubbo bridge state and federal funded,2025-26,"Newell Highway, New Dubbo Bridge (State and Federal Funded)",Transport for NSW,Transport for NSW,general_government,Major Works,Works in Progress,Newell Corridor,Dubbo,n.a.,,False,2026,2026,True,263200,True,192756,True,29677,True,bp3-infrastructure-statement-nsw-budget-2025-26.pdf,155,534.3019999999999
MASTER-0188,"Newell Highway, New Dubbo Bridge (State and Federal Funded)",BUD-F9E440143C-2026-27,BUD-F9E440143C,Transport for NSW|newell highway new dubbo bridge state and federal funded,2026-27,"Newell Highway, New Dubbo Bridge (State and Federal Funded)",Transport for NSW,Transport for NSW,general_government,Major Works,Works in Progress,Newell Corridor,Dubbo,n.a.,,False,2026,2026,True,263200,True,227311,True,12653,True,bp3-infrastructure-statement-nsw-budget-2026-27.pdf,152,303.275
MASTER-0189,Golden Highway Dubbo to Newcastle Improvement Program (Planning) (State and Federal Funded),BUD-F9FD0AB531-2024-25,BUD-F9FD0AB531,Transport for NSW|golden highway dubbo to newcastle improvement program planning state and federal funded,2024-25,Golden Highway Dubbo to Newcastle Improvement Program (Planning) (State and Federal Funded),Transport for NSW,Transport for NSW,general_government,Major Works,Works in Progress,Connecting Regional NSW (Roads and Bridges),Dubbo,n.a.,,False,n.a.,,False,,False,,False,1000,True,bp3-infrastructure-statement-2024-25.pdf,141,478.832
MASTER-0189,Golden Highway Dubbo to Newcastle Improvement Program (Planning) (State and Federal Funded),BUD-F9FD0AB531-2025-26,BUD-F9FD0AB531,Transport for NSW|golden highway dubbo to newcastle improvement program planning state and federal funded,2025-26,Golden Highway Dubbo to Newcastle Improvement Program (Planning) (State and Federal Funded),Transport for NSW,Transport for NSW,general_government,Major Works,Works in Progress,Connecting Regional NSW (Roads and Bridges),Various,n.a.,,False,n.a.,,False,,False,390,True,2500,True,bp3-infrastructure-statement-nsw-budget-2025-26.pdf,152,544.142
MASTER-0190,Henry Lawson Drive Upgrade Stage 1B (State and Federal Funded)(c),BUD-FAE850347A-2025-26,BUD-FAE850347A,Transport for NSW|henry lawson drive upgrade stage 1b state and federal funded,2025-26,Henry Lawson Drive Upgrade Stage 1B (State and Federal Funded)(d),Transport for NSW,Transport for NSW,general_government,Major Works,Works in Progress,Urban Roads Fund,Milperra,n.a.,,False,n.a.,,False,,False,13436,True,13000,True,bp3-infrastructure-statement-nsw-budget-2025-26.pdf,157,745.548
MASTER-0190,Henry Lawson Drive Upgrade Stage 1B (State and Federal Funded)(c),BUD-FAE850347A-2026-27,BUD-FAE850347A,Transport for NSW|henry lawson drive upgrade stage 1b state and federal funded,2026-27,Henry Lawson Drive Upgrade Stage 1B (State and Federal Funded)(c),Transport for NSW,Transport for NSW,general_government,Major Works,Works in Progress,Urban Roads Fund,Milperra,n.a.,,False,n.a.,,False,,False,19218,True,44954,True,bp3-infrastructure-statement-nsw-budget-2026-27.pdf,154,573.925
MASTER-0191,Fifteenth Avenue Upgrade (State and Federal Funded)(c),BUD-FB1DC2209F-2025-26,BUD-FB1DC2209F,Transport for NSW|fifteenth avenue upgrade state and federal funded,2025-26,Fifteenth Avenue Upgrade (State and Federal funded)(d),Transport for NSW,Transport for NSW,general_government,Major Works,Works in Progress,Urban Roads Fund,Various,n.a.,,False,n.a.,,False,,False,638,True,15850,True,bp3-infrastructure-statement-nsw-budget-2025-26.pdf,157,719.3919999999999
MASTER-0191,Fifteenth Avenue Upgrade (State and Federal Funded)(c),BUD-FB1DC2209F-2026-27,BUD-FB1DC2209F,Transport for NSW|fifteenth avenue upgrade state and federal funded,2026-27,Fifteenth Avenue Upgrade (State and Federal Funded)(c),Transport for NSW,Transport for NSW,general_government,Major Works,Works in Progress,Urban Roads Fund,Various,n.a.,,False,n.a.,,False,,False,20213,True,82106,True,bp3-infrastructure-statement-nsw-budget-2026-27.pdf,154,547.7649999999999
MASTER-0192,Rouse Hill Hospital Transport Integration (Planning),BUD-FB8997A946-2025-26,BUD-FB8997A946,Transport for NSW|rouse hill hospital transport integration planning,2025-26,Rouse Hill Hospital Transport Integration (Planning),Transport for NSW,Transport for NSW,general_government,Major Works,Works in Progress,Other Major Programs,Rouse Hill,n.a.,,False,n.a.,,False,,False,,False,10000,True,bp3-infrastructure-statement-nsw-budget-2025-26.pdf,156,221.00199999999995
MASTER-0193,New England Highway Corridor - Priority Intersection Upgrades (State and Federal Funded),BUD-FC96C8B06D-2024-25,BUD-FC96C8B06D,Transport for NSW|new england highway corridor priority intersection upgrades state and federal funded,2024-25,New England Highway Corridor - Priority Intersection Upgrades (State and Federal Funded),Transport for NSW,Transport for NSW,general_government,Major Works,Works in Progress,New England Corridor,Various,n.a.,,False,n.a.,,False,,False,2513,True,1500,True,bp3-infrastructure-statement-2024-25.pdf,144,219.322
MASTER-0194,Mulgoa Road Stage 2 - Glenmore Parkway to Jeanette Street (State and Federal Funded),BUD-FCAAF33041-2024-25,BUD-FCAAF33041,Transport for NSW|mulgoa road stage 2 glenmore parkway to jeanette street state and federal funded,2024-25,Mulgoa Road Stage 2 - Glenmore Parkway to Jeanette Street (State and Federal Funded),Transport for NSW,Transport for NSW,general_government,Major Works,Works in Progress,Connecting Sydney Roads,Jamisontown,n.a.,,False,n.a.,,False,,False,3227,True,30000,True,bp3-infrastructure-statement-2024-25.pdf,142,616.4019999999999
MASTER-0194,Mulgoa Road Stage 2 - Glenmore Parkway to Jeanette Street (State and Federal Funded),BUD-FCAAF33041-2025-26,BUD-FCAAF33041,Transport for NSW|mulgoa road stage 2 glenmore parkway to jeanette street state and federal funded,2025-26,Mulgoa Road Stage 2 - Glenmore Parkway to Jeanette Street (State and Federal Funded),Transport for NSW,Transport for NSW,general_government,Major Works,Works in Progress,Connecting Sydney Roads,Regentville,n.a.,,False,n.a.,,False,,False,27233,True,8082,True,bp3-infrastructure-statement-nsw-budget-2025-26.pdf,154,131.942
MASTER-0194,Mulgoa Road Stage 2 - Glenmore Parkway to Jeanette Street (State and Federal Funded),BUD-FCAAF33041-2026-27,BUD-FCAAF33041,Transport for NSW|mulgoa road stage 2 glenmore parkway to jeanette street state and federal funded,2026-27,Mulgoa Road Stage 2 - Glenmore Parkway to Jeanette Street (State and Federal Funded),Transport for NSW,Transport for NSW,general_government,Major Works,Works in Progress,Connecting Sydney Roads,Regentville,n.a.,,False,2029,2029,True,230000,True,54138,True,63797,True,bp3-infrastructure-statement-nsw-budget-2026-27.pdf,150,541.885
MASTER-0195,Hume Highway Heavy Duty Pavement Upgrade,BUD-FE4152BC35-2024-25,BUD-FE4152BC35,Transport for NSW|hume highway heavy duty pavement upgrade,2024-25,Hume Highway Heavy Duty Pavement Upgrade,Transport for NSW,Transport for NSW,general_government,Major Works,Works in Progress,Hume Corridor,Marulan,n.a.,,False,n.a.,,False,,False,12246,True,1550,True,bp3-infrastructure-statement-2024-25.pdf,143,643.762
MASTER-0195,Hume Highway Heavy Duty Pavement Upgrade,BUD-FE4152BC35-2025-26,BUD-FE4152BC35,Transport for NSW|hume highway heavy duty pavement upgrade,2025-26,Hume Highway Heavy Duty Pavement Upgrade,Transport for NSW,Transport for NSW,general_government,Major Works,Works in Progress,Hume Corridor,Marulan,n.a.,,False,n.a.,,False,,False,13584,True,21205,True,bp3-infrastructure-statement-nsw-budget-2025-26.pdf,154,739.308
MASTER-0195,Hume Highway Heavy Duty Pavement Upgrade,BUD-FE4152BC35-2026-27,BUD-FE4152BC35,Transport for NSW|hume highway heavy duty pavement upgrade,2026-27,Hume Highway Heavy Duty Pavement Upgrade,Transport for NSW,Transport for NSW,general_government,Major Works,Works in Progress,Hume Corridor,Marulan,n.a.,,False,2027,2027,True,35000,True,23810,True,10980,True,bp3-infrastructure-statement-nsw-budget-2026-27.pdf,151,483.0549999999999
MASTER-0196,Pinch Points (State and Federal Funded),BUD-FE972089E9-2025-26,BUD-FE972089E9,Transport for NSW|pinch points state and federal funded,2025-26,Pinch Points (State and Federal Funded),Transport for NSW,Transport for NSW,general_government,Major Works,Works in Progress,Easing Sydney's Congestion,Various,n.a.,,False,n.a.,,False,,False,620740,True,40860,True,bp3-infrastructure-statement-nsw-budget-2025-26.pdf,154,569.582
MASTER-0196,Pinch Points (State and Federal Funded),BUD-FE972089E9-2026-27,BUD-FE972089E9,Transport for NSW|pinch points state and federal funded,2026-27,Pinch Points (State and Federal Funded),Transport for NSW,Transport for NSW,general_government,Major Works,Works in Progress,Easing Sydney's Congestion,Various,n.a.,,False,n.a.,,False,,False,663123,True,36150,True,bp3-infrastructure-statement-nsw-budget-2026-27.pdf,151,323.79499999999996
